Date,  Rate ,DoD Change
8/31/1947, 3.31 ,0.00
9/1/1947, 3.31 ,0.00
9/2/1947, 3.31 ,0.00
9/3/1947, 3.31 ,0.00
9/4/1947, 3.31 ,0.00
9/5/1947, 3.31 ,0.00
9/6/1947, 3.31 ,0.00
9/7/1947, 3.31 ,0.00
9/8/1947, 3.31 ,0.00
9/9/1947, 3.31 ,0.00
9/10/1947, 3.31 ,0.00
9/11/1947, 3.31 ,0.00
9/12/1947, 3.31 ,0.00
9/13/1947, 3.31 ,0.00
9/14/1947, 3.31 ,0.00
9/15/1947, 3.31 ,0.00
9/16/1947, 3.31 ,0.00
9/17/1947, 3.31 ,0.00
9/18/1947, 3.31 ,0.00
9/19/1947, 3.31 ,0.00
9/20/1947, 3.31 ,0.00
9/21/1947, 3.31 ,0.00
9/22/1947, 3.31 ,0.00
9/23/1947, 3.31 ,0.00
9/24/1947, 3.31 ,0.00
9/25/1947, 3.31 ,0.00
9/26/1947, 3.31 ,0.00
9/27/1947, 3.31 ,0.00
9/28/1947, 3.31 ,0.00
9/29/1947, 3.31 ,0.00
9/30/1947, 3.31 ,0.00
10/1/1947, 3.31 ,0.00
10/2/1947, 3.31 ,0.00
10/3/1947, 3.31 ,0.00
10/4/1947, 3.31 ,0.00
10/5/1947, 3.31 ,0.00
10/6/1947, 3.31 ,0.00
10/7/1947, 3.31 ,0.00
10/8/1947, 3.31 ,0.00
10/9/1947, 3.31 ,0.00
10/10/1947, 3.31 ,0.00
10/11/1947, 3.31 ,0.00
10/12/1947, 3.31 ,0.00
10/13/1947, 3.31 ,0.00
10/14/1947, 3.31 ,0.00
10/15/1947, 3.31 ,0.00
10/16/1947, 3.31 ,0.00
10/17/1947, 3.31 ,0.00
10/18/1947, 3.31 ,0.00
10/19/1947, 3.31 ,0.00
10/20/1947, 3.31 ,0.00
10/21/1947, 3.31 ,0.00
10/22/1947, 3.31 ,0.00
10/23/1947, 3.31 ,0.00
10/24/1947, 3.31 ,0.00
10/25/1947, 3.31 ,0.00
10/26/1947, 3.31 ,0.00
10/27/1947, 3.31 ,0.00
10/28/1947, 3.31 ,0.00
10/29/1947, 3.31 ,0.00
10/30/1947, 3.31 ,0.00
10/31/1947, 3.31 ,0.00
11/1/1947, 3.31 ,0.00
11/2/1947, 3.31 ,0.00
11/3/1947, 3.31 ,0.00
11/4/1947, 3.31 ,0.00
11/5/1947, 3.31 ,0.00
11/6/1947, 3.31 ,0.00
11/7/1947, 3.31 ,0.00
11/8/1947, 3.31 ,0.00
11/9/1947, 3.31 ,0.00
11/10/1947, 3.31 ,0.00
11/11/1947, 3.31 ,0.00
11/12/1947, 3.31 ,0.00
11/13/1947, 3.31 ,0.00
11/14/1947, 3.31 ,0.00
11/15/1947, 3.31 ,0.00
11/16/1947, 3.31 ,0.00
11/17/1947, 3.31 ,0.00
11/18/1947, 3.31 ,0.00
11/19/1947, 3.31 ,0.00
11/20/1947, 3.31 ,0.00
11/21/1947, 3.31 ,0.00
11/22/1947, 3.31 ,0.00
11/23/1947, 3.31 ,0.00
11/24/1947, 3.31 ,0.00
11/25/1947, 3.31 ,0.00
11/26/1947, 3.31 ,0.00
11/27/1947, 3.31 ,0.00
11/28/1947, 3.31 ,0.00
11/29/1947, 3.31 ,0.00
11/30/1947, 3.31 ,0.00
12/1/1947, 3.31 ,0.00
12/2/1947, 3.31 ,0.00
12/3/1947, 3.31 ,0.00
12/4/1947, 3.31 ,0.00
12/5/1947, 3.31 ,0.00
12/6/1947, 3.31 ,0.00
12/7/1947, 3.31 ,0.00
12/8/1947, 3.31 ,0.00
12/9/1947, 3.31 ,0.00
12/10/1947, 3.31 ,0.00
12/11/1947, 3.31 ,0.00
12/12/1947, 3.31 ,0.00
12/13/1947, 3.31 ,0.00
12/14/1947, 3.31 ,0.00
12/15/1947, 3.31 ,0.00
12/16/1947, 3.31 ,0.00
12/17/1947, 3.31 ,0.00
12/18/1947, 3.31 ,0.00
12/19/1947, 3.31 ,0.00
12/20/1947, 3.31 ,0.00
12/21/1947, 3.31 ,0.00
12/22/1947, 3.31 ,0.00
12/23/1947, 3.31 ,0.00
12/24/1947, 3.31 ,0.00
12/25/1947, 3.31 ,0.00
12/26/1947, 3.31 ,0.00
12/27/1947, 3.31 ,0.00
12/28/1947, 3.31 ,0.00
12/29/1947, 3.31 ,0.00
12/30/1947, 3.31 ,0.00
12/31/1947, 3.31 ,0.00
1/1/1948, 3.31 ,0.00
1/2/1948, 3.31 ,0.00
1/3/1948, 3.31 ,0.00
1/4/1948, 3.31 ,0.00
1/5/1948, 3.31 ,0.00
1/6/1948, 3.31 ,0.00
1/7/1948, 3.31 ,0.00
1/8/1948, 3.31 ,0.00
1/9/1948, 3.31 ,0.00
1/10/1948, 3.31 ,0.00
1/11/1948, 3.31 ,0.00
1/12/1948, 3.31 ,0.00
1/13/1948, 3.31 ,0.00
1/14/1948, 3.31 ,0.00
1/15/1948, 3.31 ,0.00
1/16/1948, 3.31 ,0.00
1/17/1948, 3.31 ,0.00
1/18/1948, 3.31 ,0.00
1/19/1948, 3.31 ,0.00
1/20/1948, 3.31 ,0.00
1/21/1948, 3.31 ,0.00
1/22/1948, 3.31 ,0.00
1/23/1948, 3.31 ,0.00
1/24/1948, 3.31 ,0.00
1/25/1948, 3.31 ,0.00
1/26/1948, 3.31 ,0.00
1/27/1948, 3.31 ,0.00
1/28/1948, 3.31 ,0.00
1/29/1948, 3.31 ,0.00
1/30/1948, 3.31 ,0.00
1/31/1948, 3.31 ,0.00
2/1/1948, 3.31 ,0.00
2/2/1948, 3.31 ,0.00
2/3/1948, 3.31 ,0.00
2/4/1948, 3.31 ,0.00
2/5/1948, 3.31 ,0.00
2/6/1948, 3.31 ,0.00
2/7/1948, 3.31 ,0.00
2/8/1948, 3.31 ,0.00
2/9/1948, 3.31 ,0.00
2/10/1948, 3.31 ,0.00
2/11/1948, 3.31 ,0.00
2/12/1948, 3.31 ,0.00
2/13/1948, 3.31 ,0.00
2/14/1948, 3.31 ,0.00
2/15/1948, 3.31 ,0.00
2/16/1948, 3.31 ,0.00
2/17/1948, 3.31 ,0.00
2/18/1948, 3.31 ,0.00
2/19/1948, 3.31 ,0.00
2/20/1948, 3.31 ,0.00
2/21/1948, 3.31 ,0.00
2/22/1948, 3.31 ,0.00
2/23/1948, 3.31 ,0.00
2/24/1948, 3.31 ,0.00
2/25/1948, 3.31 ,0.00
2/26/1948, 3.31 ,0.00
2/27/1948, 3.31 ,0.00
2/28/1948, 3.31 ,0.00
2/29/1948, 3.31 ,0.00
3/1/1948, 3.31 ,0.00
3/2/1948, 3.31 ,0.00
3/3/1948, 3.31 ,0.00
3/4/1948, 3.31 ,0.00
3/5/1948, 3.31 ,0.00
3/6/1948, 3.31 ,0.00
3/7/1948, 3.31 ,0.00
3/8/1948, 3.31 ,0.00
3/9/1948, 3.31 ,0.00
3/10/1948, 3.31 ,0.00
3/11/1948, 3.31 ,0.00
3/12/1948, 3.31 ,0.00
3/13/1948, 3.31 ,0.00
3/14/1948, 3.31 ,0.00
3/15/1948, 3.31 ,0.00
3/16/1948, 3.31 ,0.00
3/17/1948, 3.31 ,0.00
3/18/1948, 3.31 ,0.00
3/19/1948, 3.31 ,0.00
3/20/1948, 3.31 ,0.00
3/21/1948, 3.31 ,0.00
3/22/1948, 3.31 ,0.00
3/23/1948, 3.31 ,0.00
3/24/1948, 3.31 ,0.00
3/25/1948, 3.31 ,0.00
3/26/1948, 3.31 ,0.00
3/27/1948, 3.31 ,0.00
3/28/1948, 3.31 ,0.00
3/29/1948, 3.31 ,0.00
3/30/1948, 3.31 ,0.00
3/31/1948, 3.31 ,0.00
4/1/1948, 3.31 ,0.00
4/2/1948, 3.31 ,0.00
4/3/1948, 3.31 ,0.00
4/4/1948, 3.31 ,0.00
4/5/1948, 3.31 ,0.00
4/6/1948, 3.31 ,0.00
4/7/1948, 3.31 ,0.00
4/8/1948, 3.31 ,0.00
4/9/1948, 3.31 ,0.00
4/10/1948, 3.31 ,0.00
4/11/1948, 3.31 ,0.00
4/12/1948, 3.31 ,0.00
4/13/1948, 3.31 ,0.00
4/14/1948, 3.31 ,0.00
4/15/1948, 3.31 ,0.00
4/16/1948, 3.31 ,0.00
4/17/1948, 3.31 ,0.00
4/18/1948, 3.31 ,0.00
4/19/1948, 3.31 ,0.00
4/20/1948, 3.31 ,0.00
4/21/1948, 3.31 ,0.00
4/22/1948, 3.31 ,0.00
4/23/1948, 3.31 ,0.00
4/24/1948, 3.31 ,0.00
4/25/1948, 3.31 ,0.00
4/26/1948, 3.31 ,0.00
4/27/1948, 3.31 ,0.00
4/28/1948, 3.31 ,0.00
4/29/1948, 3.31 ,0.00
4/30/1948, 3.31 ,0.00
5/1/1948, 3.31 ,0.00
5/2/1948, 3.31 ,0.00
5/3/1948, 3.31 ,0.00
5/4/1948, 3.31 ,0.00
5/5/1948, 3.31 ,0.00
5/6/1948, 3.31 ,0.00
5/7/1948, 3.31 ,0.00
5/8/1948, 3.31 ,0.00
5/9/1948, 3.31 ,0.00
5/10/1948, 3.31 ,0.00
5/11/1948, 3.31 ,0.00
5/12/1948, 3.31 ,0.00
5/13/1948, 3.31 ,0.00
5/14/1948, 3.31 ,0.00
5/15/1948, 3.31 ,0.00
5/16/1948, 3.31 ,0.00
5/17/1948, 3.31 ,0.00
5/18/1948, 3.31 ,0.00
5/19/1948, 3.31 ,0.00
5/20/1948, 3.31 ,0.00
5/21/1948, 3.31 ,0.00
5/22/1948, 3.31 ,0.00
5/23/1948, 3.31 ,0.00
5/24/1948, 3.31 ,0.00
5/25/1948, 3.31 ,0.00
5/26/1948, 3.31 ,0.00
5/27/1948, 3.31 ,0.00
5/28/1948, 3.31 ,0.00
5/29/1948, 3.31 ,0.00
5/30/1948, 3.31 ,0.00
5/31/1948, 3.31 ,0.00
6/1/1948, 3.31 ,0.00
6/2/1948, 3.31 ,0.00
6/3/1948, 3.31 ,0.00
6/4/1948, 3.31 ,0.00
6/5/1948, 3.31 ,0.00
6/6/1948, 3.31 ,0.00
6/7/1948, 3.31 ,0.00
6/8/1948, 3.31 ,0.00
6/9/1948, 3.31 ,0.00
6/10/1948, 3.31 ,0.00
6/11/1948, 3.31 ,0.00
6/12/1948, 3.31 ,0.00
6/13/1948, 3.31 ,0.00
6/14/1948, 3.31 ,0.00
6/15/1948, 3.31 ,0.00
6/16/1948, 3.31 ,0.00
6/17/1948, 3.31 ,0.00
6/18/1948, 3.31 ,0.00
6/19/1948, 3.31 ,0.00
6/20/1948, 3.31 ,0.00
6/21/1948, 3.31 ,0.00
6/22/1948, 3.31 ,0.00
6/23/1948, 3.31 ,0.00
6/24/1948, 3.31 ,0.00
6/25/1948, 3.31 ,0.00
6/26/1948, 3.31 ,0.00
6/27/1948, 3.31 ,0.00
6/28/1948, 3.31 ,0.00
6/29/1948, 3.31 ,0.00
6/30/1948, 3.31 ,0.00
7/1/1948, 3.31 ,0.00
7/2/1948, 3.31 ,0.00
7/3/1948, 3.31 ,0.00
7/4/1948, 3.31 ,0.00
7/5/1948, 3.31 ,0.00
7/6/1948, 3.31 ,0.00
7/7/1948, 3.31 ,0.00
7/8/1948, 3.31 ,0.00
7/9/1948, 3.31 ,0.00
7/10/1948, 3.31 ,0.00
7/11/1948, 3.31 ,0.00
7/12/1948, 3.31 ,0.00
7/13/1948, 3.31 ,0.00
7/14/1948, 3.31 ,0.00
7/15/1948, 3.31 ,0.00
7/16/1948, 3.31 ,0.00
7/17/1948, 3.31 ,0.00
7/18/1948, 3.31 ,0.00
7/19/1948, 3.31 ,0.00
7/20/1948, 3.31 ,0.00
7/21/1948, 3.31 ,0.00
7/22/1948, 3.31 ,0.00
7/23/1948, 3.31 ,0.00
7/24/1948, 3.31 ,0.00
7/25/1948, 3.31 ,0.00
7/26/1948, 3.31 ,0.00
7/27/1948, 3.31 ,0.00
7/28/1948, 3.31 ,0.00
7/29/1948, 3.31 ,0.00
7/30/1948, 3.31 ,0.00
7/31/1948, 3.31 ,0.00
8/1/1948, 3.31 ,0.00
8/2/1948, 3.31 ,0.00
8/3/1948, 3.31 ,0.00
8/4/1948, 3.31 ,0.00
8/5/1948, 3.31 ,0.00
8/6/1948, 3.31 ,0.00
8/7/1948, 3.31 ,0.00
8/8/1948, 3.31 ,0.00
8/9/1948, 3.31 ,0.00
8/10/1948, 3.31 ,0.00
8/11/1948, 3.31 ,0.00
8/12/1948, 3.31 ,0.00
8/13/1948, 3.31 ,0.00
8/14/1948, 3.31 ,0.00
8/15/1948, 3.31 ,0.00
8/16/1948, 3.31 ,0.00
8/17/1948, 3.31 ,0.00
8/18/1948, 3.31 ,0.00
8/19/1948, 3.31 ,0.00
8/20/1948, 3.31 ,0.00
8/21/1948, 3.31 ,0.00
8/22/1948, 3.31 ,0.00
8/23/1948, 3.31 ,0.00
8/24/1948, 3.31 ,0.00
8/25/1948, 3.31 ,0.00
8/26/1948, 3.31 ,0.00
8/27/1948, 3.31 ,0.00
8/28/1948, 3.31 ,0.00
8/29/1948, 3.31 ,0.00
8/30/1948, 3.31 ,0.00
8/31/1948, 3.31 ,0.00
9/1/1948, 3.31 ,0.00
9/2/1948, 3.31 ,0.00
9/3/1948, 3.31 ,0.00
9/4/1948, 3.31 ,0.00
9/5/1948, 3.31 ,0.00
9/6/1948, 3.31 ,0.00
9/7/1948, 3.31 ,0.00
9/8/1948, 3.31 ,0.00
9/9/1948, 3.31 ,0.00
9/10/1948, 3.31 ,0.00
9/11/1948, 3.31 ,0.00
9/12/1948, 3.31 ,0.00
9/13/1948, 3.31 ,0.00
9/14/1948, 3.31 ,0.00
9/15/1948, 3.31 ,0.00
9/16/1948, 3.31 ,0.00
9/17/1948, 3.31 ,0.00
9/18/1948, 3.31 ,0.00
9/19/1948, 3.31 ,0.00
9/20/1948, 3.31 ,0.00
9/21/1948, 3.31 ,0.00
9/22/1948, 3.31 ,0.00
9/23/1948, 3.31 ,0.00
9/24/1948, 3.31 ,0.00
9/25/1948, 3.31 ,0.00
9/26/1948, 3.31 ,0.00
9/27/1948, 3.31 ,0.00
9/28/1948, 3.31 ,0.00
9/29/1948, 3.31 ,0.00
9/30/1948, 3.31 ,0.00
10/1/1948, 3.31 ,0.00
10/2/1948, 3.31 ,0.00
10/3/1948, 3.31 ,0.00
10/4/1948, 3.31 ,0.00
10/5/1948, 3.31 ,0.00
10/6/1948, 3.31 ,0.00
10/7/1948, 3.31 ,0.00
10/8/1948, 3.31 ,0.00
10/9/1948, 3.31 ,0.00
10/10/1948, 3.31 ,0.00
10/11/1948, 3.31 ,0.00
10/12/1948, 3.31 ,0.00
10/13/1948, 3.31 ,0.00
10/14/1948, 3.31 ,0.00
10/15/1948, 3.31 ,0.00
10/16/1948, 3.31 ,0.00
10/17/1948, 3.31 ,0.00
10/18/1948, 3.31 ,0.00
10/19/1948, 3.31 ,0.00
10/20/1948, 3.31 ,0.00
10/21/1948, 3.31 ,0.00
10/22/1948, 3.31 ,0.00
10/23/1948, 3.31 ,0.00
10/24/1948, 3.31 ,0.00
10/25/1948, 3.31 ,0.00
10/26/1948, 3.31 ,0.00
10/27/1948, 3.31 ,0.00
10/28/1948, 3.31 ,0.00
10/29/1948, 3.31 ,0.00
10/30/1948, 3.31 ,0.00
10/31/1948, 3.31 ,0.00
11/1/1948, 3.31 ,0.00
11/2/1948, 3.31 ,0.00
11/3/1948, 3.31 ,0.00
11/4/1948, 3.31 ,0.00
11/5/1948, 3.31 ,0.00
11/6/1948, 3.31 ,0.00
11/7/1948, 3.31 ,0.00
11/8/1948, 3.31 ,0.00
11/9/1948, 3.31 ,0.00
11/10/1948, 3.31 ,0.00
11/11/1948, 3.31 ,0.00
11/12/1948, 3.31 ,0.00
11/13/1948, 3.31 ,0.00
11/14/1948, 3.31 ,0.00
11/15/1948, 3.31 ,0.00
11/16/1948, 3.31 ,0.00
11/17/1948, 3.31 ,0.00
11/18/1948, 3.31 ,0.00
11/19/1948, 3.31 ,0.00
11/20/1948, 3.31 ,0.00
11/21/1948, 3.31 ,0.00
11/22/1948, 3.31 ,0.00
11/23/1948, 3.31 ,0.00
11/24/1948, 3.31 ,0.00
11/25/1948, 3.31 ,0.00
11/26/1948, 3.31 ,0.00
11/27/1948, 3.31 ,0.00
11/28/1948, 3.31 ,0.00
11/29/1948, 3.31 ,0.00
11/30/1948, 3.31 ,0.00
12/1/1948, 3.31 ,0.00
12/2/1948, 3.31 ,0.00
12/3/1948, 3.31 ,0.00
12/4/1948, 3.31 ,0.00
12/5/1948, 3.31 ,0.00
12/6/1948, 3.31 ,0.00
12/7/1948, 3.31 ,0.00
12/8/1948, 3.31 ,0.00
12/9/1948, 3.31 ,0.00
12/10/1948, 3.31 ,0.00
12/11/1948, 3.31 ,0.00
12/12/1948, 3.31 ,0.00
12/13/1948, 3.31 ,0.00
12/14/1948, 3.31 ,0.00
12/15/1948, 3.31 ,0.00
12/16/1948, 3.31 ,0.00
12/17/1948, 3.31 ,0.00
12/18/1948, 3.31 ,0.00
12/19/1948, 3.31 ,0.00
12/20/1948, 3.31 ,0.00
12/21/1948, 3.31 ,0.00
12/22/1948, 3.31 ,0.00
12/23/1948, 3.31 ,0.00
12/24/1948, 3.31 ,0.00
12/25/1948, 3.31 ,0.00
12/26/1948, 3.31 ,0.00
12/27/1948, 3.31 ,0.00
12/28/1948, 3.31 ,0.00
12/29/1948, 3.31 ,0.00
12/30/1948, 3.31 ,0.00
12/31/1948, 3.31 ,0.00
1/1/1949, 3.31 ,0.00
1/2/1949, 3.31 ,0.00
1/3/1949, 3.31 ,0.00
1/4/1949, 3.31 ,0.00
1/5/1949, 3.31 ,0.00
1/6/1949, 3.31 ,0.00
1/7/1949, 3.31 ,0.00
1/8/1949, 3.31 ,0.00
1/9/1949, 3.31 ,0.00
1/10/1949, 3.31 ,0.00
1/11/1949, 3.31 ,0.00
1/12/1949, 3.31 ,0.00
1/13/1949, 3.31 ,0.00
1/14/1949, 3.31 ,0.00
1/15/1949, 3.31 ,0.00
1/16/1949, 3.31 ,0.00
1/17/1949, 3.31 ,0.00
1/18/1949, 3.31 ,0.00
1/19/1949, 3.31 ,0.00
1/20/1949, 3.31 ,0.00
1/21/1949, 3.31 ,0.00
1/22/1949, 3.31 ,0.00
1/23/1949, 3.31 ,0.00
1/24/1949, 3.31 ,0.00
1/25/1949, 3.31 ,0.00
1/26/1949, 3.31 ,0.00
1/27/1949, 3.31 ,0.00
1/28/1949, 3.31 ,0.00
1/29/1949, 3.31 ,0.00
1/30/1949, 3.31 ,0.00
1/31/1949, 3.31 ,0.00
2/1/1949, 3.31 ,0.00
2/2/1949, 3.31 ,0.00
2/3/1949, 3.31 ,0.00
2/4/1949, 3.31 ,0.00
2/5/1949, 3.31 ,0.00
2/6/1949, 3.31 ,0.00
2/7/1949, 3.31 ,0.00
2/8/1949, 3.31 ,0.00
2/9/1949, 3.31 ,0.00
2/10/1949, 3.31 ,0.00
2/11/1949, 3.31 ,0.00
2/12/1949, 3.31 ,0.00
2/13/1949, 3.31 ,0.00
2/14/1949, 3.31 ,0.00
2/15/1949, 3.31 ,0.00
2/16/1949, 3.31 ,0.00
2/17/1949, 3.31 ,0.00
2/18/1949, 3.31 ,0.00
2/19/1949, 3.31 ,0.00
2/20/1949, 3.31 ,0.00
2/21/1949, 3.31 ,0.00
2/22/1949, 3.31 ,0.00
2/23/1949, 3.31 ,0.00
2/24/1949, 3.31 ,0.00
2/25/1949, 3.31 ,0.00
2/26/1949, 3.31 ,0.00
2/27/1949, 3.31 ,0.00
2/28/1949, 3.31 ,0.00
3/1/1949, 3.31 ,0.00
3/2/1949, 3.31 ,0.00
3/3/1949, 3.31 ,0.00
3/4/1949, 3.31 ,0.00
3/5/1949, 3.31 ,0.00
3/6/1949, 3.31 ,0.00
3/7/1949, 3.31 ,0.00
3/8/1949, 3.31 ,0.00
3/9/1949, 3.31 ,0.00
3/10/1949, 3.31 ,0.00
3/11/1949, 3.31 ,0.00
3/12/1949, 3.31 ,0.00
3/13/1949, 3.31 ,0.00
3/14/1949, 3.31 ,0.00
3/15/1949, 3.31 ,0.00
3/16/1949, 3.31 ,0.00
3/17/1949, 3.31 ,0.00
3/18/1949, 3.31 ,0.00
3/19/1949, 3.31 ,0.00
3/20/1949, 3.31 ,0.00
3/21/1949, 3.31 ,0.00
3/22/1949, 3.31 ,0.00
3/23/1949, 3.31 ,0.00
3/24/1949, 3.31 ,0.00
3/25/1949, 3.31 ,0.00
3/26/1949, 3.31 ,0.00
3/27/1949, 3.31 ,0.00
3/28/1949, 3.31 ,0.00
3/29/1949, 3.31 ,0.00
3/30/1949, 3.31 ,0.00
3/31/1949, 3.31 ,0.00
4/1/1949, 3.31 ,0.00
4/2/1949, 3.31 ,0.00
4/3/1949, 3.31 ,0.00
4/4/1949, 3.31 ,0.00
4/5/1949, 3.31 ,0.00
4/6/1949, 3.31 ,0.00
4/7/1949, 3.31 ,0.00
4/8/1949, 3.31 ,0.00
4/9/1949, 3.31 ,0.00
4/10/1949, 3.31 ,0.00
4/11/1949, 3.31 ,0.00
4/12/1949, 3.31 ,0.00
4/13/1949, 3.31 ,0.00
4/14/1949, 3.31 ,0.00
4/15/1949, 3.31 ,0.00
4/16/1949, 3.31 ,0.00
4/17/1949, 3.31 ,0.00
4/18/1949, 3.31 ,0.00
4/19/1949, 3.31 ,0.00
4/20/1949, 3.31 ,0.00
4/21/1949, 3.31 ,0.00
4/22/1949, 3.31 ,0.00
4/23/1949, 3.31 ,0.00
4/24/1949, 3.31 ,0.00
4/25/1949, 3.31 ,0.00
4/26/1949, 3.31 ,0.00
4/27/1949, 3.31 ,0.00
4/28/1949, 3.31 ,0.00
4/29/1949, 3.31 ,0.00
4/30/1949, 3.31 ,0.00
5/1/1949, 3.31 ,0.00
5/2/1949, 3.31 ,0.00
5/3/1949, 3.31 ,0.00
5/4/1949, 3.31 ,0.00
5/5/1949, 3.31 ,0.00
5/6/1949, 3.31 ,0.00
5/7/1949, 3.31 ,0.00
5/8/1949, 3.31 ,0.00
5/9/1949, 3.31 ,0.00
5/10/1949, 3.31 ,0.00
5/11/1949, 3.31 ,0.00
5/12/1949, 3.31 ,0.00
5/13/1949, 3.31 ,0.00
5/14/1949, 3.31 ,0.00
5/15/1949, 3.31 ,0.00
5/16/1949, 3.31 ,0.00
5/17/1949, 3.31 ,0.00
5/18/1949, 3.31 ,0.00
5/19/1949, 3.31 ,0.00
5/20/1949, 3.31 ,0.00
5/21/1949, 3.31 ,0.00
5/22/1949, 3.31 ,0.00
5/23/1949, 3.31 ,0.00
5/24/1949, 3.31 ,0.00
5/25/1949, 3.31 ,0.00
5/26/1949, 3.31 ,0.00
5/27/1949, 3.31 ,0.00
5/28/1949, 3.31 ,0.00
5/29/1949, 3.31 ,0.00
5/30/1949, 3.31 ,0.00
5/31/1949, 3.31 ,0.00
6/1/1949, 3.31 ,0.00
6/2/1949, 3.31 ,0.00
6/3/1949, 3.31 ,0.00
6/4/1949, 3.31 ,0.00
6/5/1949, 3.31 ,0.00
6/6/1949, 3.31 ,0.00
6/7/1949, 3.31 ,0.00
6/8/1949, 3.31 ,0.00
6/9/1949, 3.31 ,0.00
6/10/1949, 3.31 ,0.00
6/11/1949, 3.31 ,0.00
6/12/1949, 3.31 ,0.00
6/13/1949, 3.31 ,0.00
6/14/1949, 3.31 ,0.00
6/15/1949, 3.31 ,0.00
6/16/1949, 3.31 ,0.00
6/17/1949, 3.31 ,0.00
6/18/1949, 3.31 ,0.00
6/19/1949, 3.31 ,0.00
6/20/1949, 3.31 ,0.00
6/21/1949, 3.31 ,0.00
6/22/1949, 3.31 ,0.00
6/23/1949, 3.31 ,0.00
6/24/1949, 3.31 ,0.00
6/25/1949, 3.31 ,0.00
6/26/1949, 3.31 ,0.00
6/27/1949, 3.31 ,0.00
6/28/1949, 3.31 ,0.00
6/29/1949, 3.31 ,0.00
6/30/1949, 3.31 ,0.00
7/1/1949, 3.31 ,0.00
7/2/1949, 3.31 ,0.00
7/3/1949, 3.31 ,0.00
7/4/1949, 3.31 ,0.00
7/5/1949, 3.31 ,0.00
7/6/1949, 3.31 ,0.00
7/7/1949, 3.31 ,0.00
7/8/1949, 3.31 ,0.00
7/9/1949, 3.31 ,0.00
7/10/1949, 3.31 ,0.00
7/11/1949, 3.31 ,0.00
7/12/1949, 3.31 ,0.00
7/13/1949, 3.31 ,0.00
7/14/1949, 3.31 ,0.00
7/15/1949, 3.31 ,0.00
7/16/1949, 3.31 ,0.00
7/17/1949, 3.31 ,0.00
7/18/1949, 3.31 ,0.00
7/19/1949, 3.31 ,0.00
7/20/1949, 3.31 ,0.00
7/21/1949, 3.31 ,0.00
7/22/1949, 3.31 ,0.00
7/23/1949, 3.31 ,0.00
7/24/1949, 3.31 ,0.00
7/25/1949, 3.31 ,0.00
7/26/1949, 3.31 ,0.00
7/27/1949, 3.31 ,0.00
7/28/1949, 3.31 ,0.00
7/29/1949, 3.31 ,0.00
7/30/1949, 3.31 ,0.00
7/31/1949, 3.31 ,0.00
8/1/1949, 3.31 ,0.00
8/2/1949, 3.31 ,0.00
8/3/1949, 3.31 ,0.00
8/4/1949, 3.31 ,0.00
8/5/1949, 3.31 ,0.00
8/6/1949, 3.31 ,0.00
8/7/1949, 3.31 ,0.00
8/8/1949, 3.31 ,0.00
8/9/1949, 3.31 ,0.00
8/10/1949, 3.31 ,0.00
8/11/1949, 3.31 ,0.00
8/12/1949, 3.31 ,0.00
8/13/1949, 3.31 ,0.00
8/14/1949, 3.31 ,0.00
8/15/1949, 3.31 ,0.00
8/16/1949, 3.31 ,0.00
8/17/1949, 3.31 ,0.00
8/18/1949, 3.31 ,0.00
8/19/1949, 3.31 ,0.00
8/20/1949, 3.31 ,0.00
8/21/1949, 3.31 ,0.00
8/22/1949, 3.31 ,0.00
8/23/1949, 3.31 ,0.00
8/24/1949, 3.31 ,0.00
8/25/1949, 3.31 ,0.00
8/26/1949, 3.31 ,0.00
8/27/1949, 3.31 ,0.00
8/28/1949, 3.31 ,0.00
8/29/1949, 3.31 ,0.00
8/30/1949, 3.31 ,0.00
8/31/1949, 3.31 ,0.00
9/1/1949, 3.31 ,0.00
9/2/1949, 3.31 ,0.00
9/3/1949, 3.31 ,0.00
9/4/1949, 3.31 ,0.00
9/5/1949, 3.31 ,0.00
9/6/1949, 3.31 ,0.00
9/7/1949, 3.31 ,0.00
9/8/1949, 3.31 ,0.00
9/9/1949, 3.31 ,0.00
9/10/1949, 3.31 ,0.00
9/11/1949, 3.31 ,0.00
9/12/1949, 3.31 ,0.00
9/13/1949, 3.31 ,0.00
9/14/1949, 3.31 ,0.00
9/15/1949, 3.31 ,0.00
9/16/1949, 3.31 ,0.00
9/17/1949, 3.31 ,0.00
9/18/1949, 3.31 ,0.00
9/19/1949, 3.31 ,0.00
9/20/1949, 3.31 ,0.00
9/21/1949, 3.31 ,0.00
9/22/1949, 3.31 ,0.00
9/23/1949, 3.31 ,0.00
9/24/1949, 3.31 ,0.00
9/25/1949, 3.31 ,0.00
9/26/1949, 3.31 ,0.00
9/27/1949, 3.31 ,0.00
9/28/1949, 3.31 ,0.00
9/29/1949, 3.31 ,0.00
9/30/1949, 3.31 ,0.00
10/1/1949, 3.31 ,0.00
10/2/1949, 3.31 ,0.00
10/3/1949, 3.31 ,0.00
10/4/1949, 3.31 ,0.00
10/5/1949, 3.31 ,0.00
10/6/1949, 3.31 ,0.00
10/7/1949, 3.31 ,0.00
10/8/1949, 3.31 ,0.00
10/9/1949, 3.31 ,0.00
10/10/1949, 3.31 ,0.00
10/11/1949, 3.31 ,0.00
10/12/1949, 3.31 ,0.00
10/13/1949, 3.31 ,0.00
10/14/1949, 3.31 ,0.00
10/15/1949, 3.31 ,0.00
10/16/1949, 3.31 ,0.00
10/17/1949, 3.31 ,0.00
10/18/1949, 3.31 ,0.00
10/19/1949, 3.31 ,0.00
10/20/1949, 3.31 ,0.00
10/21/1949, 3.31 ,0.00
10/22/1949, 3.31 ,0.00
10/23/1949, 3.31 ,0.00
10/24/1949, 3.31 ,0.00
10/25/1949, 3.31 ,0.00
10/26/1949, 3.31 ,0.00
10/27/1949, 3.31 ,0.00
10/28/1949, 3.31 ,0.00
10/29/1949, 3.31 ,0.00
10/30/1949, 3.31 ,0.00
10/31/1949, 3.31 ,0.00
11/1/1949, 3.31 ,0.00
11/2/1949, 3.31 ,0.00
11/3/1949, 3.31 ,0.00
11/4/1949, 3.31 ,0.00
11/5/1949, 3.31 ,0.00
11/6/1949, 3.31 ,0.00
11/7/1949, 3.31 ,0.00
11/8/1949, 3.31 ,0.00
11/9/1949, 3.31 ,0.00
11/10/1949, 3.31 ,0.00
11/11/1949, 3.31 ,0.00
11/12/1949, 3.31 ,0.00
11/13/1949, 3.31 ,0.00
11/14/1949, 3.31 ,0.00
11/15/1949, 3.31 ,0.00
11/16/1949, 3.31 ,0.00
11/17/1949, 3.31 ,0.00
11/18/1949, 3.31 ,0.00
11/19/1949, 3.31 ,0.00
11/20/1949, 3.31 ,0.00
11/21/1949, 3.31 ,0.00
11/22/1949, 3.31 ,0.00
11/23/1949, 3.31 ,0.00
11/24/1949, 3.31 ,0.00
11/25/1949, 3.31 ,0.00
11/26/1949, 3.31 ,0.00
11/27/1949, 3.31 ,0.00
11/28/1949, 3.31 ,0.00
11/29/1949, 3.31 ,0.00
11/30/1949, 3.31 ,0.00
12/1/1949, 3.31 ,0.00
12/2/1949, 3.31 ,0.00
12/3/1949, 3.31 ,0.00
12/4/1949, 3.31 ,0.00
12/5/1949, 3.31 ,0.00
12/6/1949, 3.31 ,0.00
12/7/1949, 3.31 ,0.00
12/8/1949, 3.31 ,0.00
12/9/1949, 3.31 ,0.00
12/10/1949, 3.31 ,0.00
12/11/1949, 3.31 ,0.00
12/12/1949, 3.31 ,0.00
12/13/1949, 3.31 ,0.00
12/14/1949, 3.31 ,0.00
12/15/1949, 3.31 ,0.00
12/16/1949, 3.31 ,0.00
12/17/1949, 3.31 ,0.00
12/18/1949, 3.31 ,0.00
12/19/1949, 3.31 ,0.00
12/20/1949, 3.31 ,0.00
12/21/1949, 3.31 ,0.00
12/22/1949, 3.31 ,0.00
12/23/1949, 3.31 ,0.00
12/24/1949, 3.31 ,0.00
12/25/1949, 3.31 ,0.00
12/26/1949, 3.31 ,0.00
12/27/1949, 3.31 ,0.00
12/28/1949, 3.31 ,0.00
12/29/1949, 3.31 ,0.00
12/30/1949, 3.31 ,0.00
12/31/1949, 3.31 ,0.00
1/1/1950, 3.31 ,0.00
1/2/1950, 3.31 ,0.00
1/3/1950, 3.31 ,0.00
1/4/1950, 3.31 ,0.00
1/5/1950, 3.31 ,0.00
1/6/1950, 3.31 ,0.00
1/7/1950, 3.31 ,0.00
1/8/1950, 3.31 ,0.00
1/9/1950, 3.31 ,0.00
1/10/1950, 3.31 ,0.00
1/11/1950, 3.31 ,0.00
1/12/1950, 3.31 ,0.00
1/13/1950, 3.31 ,0.00
1/14/1950, 3.31 ,0.00
1/15/1950, 3.31 ,0.00
1/16/1950, 3.31 ,0.00
1/17/1950, 3.31 ,0.00
1/18/1950, 3.31 ,0.00
1/19/1950, 3.31 ,0.00
1/20/1950, 3.31 ,0.00
1/21/1950, 3.31 ,0.00
1/22/1950, 3.31 ,0.00
1/23/1950, 3.31 ,0.00
1/24/1950, 3.31 ,0.00
1/25/1950, 3.31 ,0.00
1/26/1950, 3.31 ,0.00
1/27/1950, 3.31 ,0.00
1/28/1950, 3.31 ,0.00
1/29/1950, 3.31 ,0.00
1/30/1950, 3.31 ,0.00
1/31/1950, 3.31 ,0.00
2/1/1950, 3.31 ,0.00
2/2/1950, 3.31 ,0.00
2/3/1950, 3.31 ,0.00
2/4/1950, 3.31 ,0.00
2/5/1950, 3.31 ,0.00
2/6/1950, 3.31 ,0.00
2/7/1950, 3.31 ,0.00
2/8/1950, 3.31 ,0.00
2/9/1950, 3.31 ,0.00
2/10/1950, 3.31 ,0.00
2/11/1950, 3.31 ,0.00
2/12/1950, 3.31 ,0.00
2/13/1950, 3.31 ,0.00
2/14/1950, 3.31 ,0.00
2/15/1950, 3.31 ,0.00
2/16/1950, 3.31 ,0.00
2/17/1950, 3.31 ,0.00
2/18/1950, 3.31 ,0.00
2/19/1950, 3.31 ,0.00
2/20/1950, 3.31 ,0.00
2/21/1950, 3.31 ,0.00
2/22/1950, 3.31 ,0.00
2/23/1950, 3.31 ,0.00
2/24/1950, 3.31 ,0.00
2/25/1950, 3.31 ,0.00
2/26/1950, 3.31 ,0.00
2/27/1950, 3.31 ,0.00
2/28/1950, 3.31 ,0.00
3/1/1950, 3.31 ,0.00
3/2/1950, 3.31 ,0.00
3/3/1950, 3.31 ,0.00
3/4/1950, 3.31 ,0.00
3/5/1950, 3.31 ,0.00
3/6/1950, 3.31 ,0.00
3/7/1950, 3.31 ,0.00
3/8/1950, 3.31 ,0.00
3/9/1950, 3.31 ,0.00
3/10/1950, 3.31 ,0.00
3/11/1950, 3.31 ,0.00
3/12/1950, 3.31 ,0.00
3/13/1950, 3.31 ,0.00
3/14/1950, 3.31 ,0.00
3/15/1950, 3.31 ,0.00
3/16/1950, 3.31 ,0.00
3/17/1950, 3.31 ,0.00
3/18/1950, 3.31 ,0.00
3/19/1950, 3.31 ,0.00
3/20/1950, 3.31 ,0.00
3/21/1950, 3.31 ,0.00
3/22/1950, 3.31 ,0.00
3/23/1950, 3.31 ,0.00
3/24/1950, 3.31 ,0.00
3/25/1950, 3.31 ,0.00
3/26/1950, 3.31 ,0.00
3/27/1950, 3.31 ,0.00
3/28/1950, 3.31 ,0.00
3/29/1950, 3.31 ,0.00
3/30/1950, 3.31 ,0.00
3/31/1950, 3.31 ,0.00
4/1/1950, 3.31 ,0.00
4/2/1950, 3.31 ,0.00
4/3/1950, 3.31 ,0.00
4/4/1950, 3.31 ,0.00
4/5/1950, 3.31 ,0.00
4/6/1950, 3.31 ,0.00
4/7/1950, 3.31 ,0.00
4/8/1950, 3.31 ,0.00
4/9/1950, 3.31 ,0.00
4/10/1950, 3.31 ,0.00
4/11/1950, 3.31 ,0.00
4/12/1950, 3.31 ,0.00
4/13/1950, 3.31 ,0.00
4/14/1950, 3.31 ,0.00
4/15/1950, 3.31 ,0.00
4/16/1950, 3.31 ,0.00
4/17/1950, 3.31 ,0.00
4/18/1950, 3.31 ,0.00
4/19/1950, 3.31 ,0.00
4/20/1950, 3.31 ,0.00
4/21/1950, 3.31 ,0.00
4/22/1950, 3.31 ,0.00
4/23/1950, 3.31 ,0.00
4/24/1950, 3.31 ,0.00
4/25/1950, 3.31 ,0.00
4/26/1950, 3.31 ,0.00
4/27/1950, 3.31 ,0.00
4/28/1950, 3.31 ,0.00
4/29/1950, 3.31 ,0.00
4/30/1950, 3.31 ,0.00
5/1/1950, 3.31 ,0.00
5/2/1950, 3.31 ,0.00
5/3/1950, 3.31 ,0.00
5/4/1950, 3.31 ,0.00
5/5/1950, 3.31 ,0.00
5/6/1950, 3.31 ,0.00
5/7/1950, 3.31 ,0.00
5/8/1950, 3.31 ,0.00
5/9/1950, 3.31 ,0.00
5/10/1950, 3.31 ,0.00
5/11/1950, 3.31 ,0.00
5/12/1950, 3.31 ,0.00
5/13/1950, 3.31 ,0.00
5/14/1950, 3.31 ,0.00
5/15/1950, 3.31 ,0.00
5/16/1950, 3.31 ,0.00
5/17/1950, 3.31 ,0.00
5/18/1950, 3.31 ,0.00
5/19/1950, 3.31 ,0.00
5/20/1950, 3.31 ,0.00
5/21/1950, 3.31 ,0.00
5/22/1950, 3.31 ,0.00
5/23/1950, 3.31 ,0.00
5/24/1950, 3.31 ,0.00
5/25/1950, 3.31 ,0.00
5/26/1950, 3.31 ,0.00
5/27/1950, 3.31 ,0.00
5/28/1950, 3.31 ,0.00
5/29/1950, 3.31 ,0.00
5/30/1950, 3.31 ,0.00
5/31/1950, 3.31 ,0.00
6/1/1950, 3.31 ,0.00
6/2/1950, 3.31 ,0.00
6/3/1950, 3.31 ,0.00
6/4/1950, 3.31 ,0.00
6/5/1950, 3.31 ,0.00
6/6/1950, 3.31 ,0.00
6/7/1950, 3.31 ,0.00
6/8/1950, 3.31 ,0.00
6/9/1950, 3.31 ,0.00
6/10/1950, 3.31 ,0.00
6/11/1950, 3.31 ,0.00
6/12/1950, 3.31 ,0.00
6/13/1950, 3.31 ,0.00
6/14/1950, 3.31 ,0.00
6/15/1950, 3.31 ,0.00
6/16/1950, 3.31 ,0.00
6/17/1950, 3.31 ,0.00
6/18/1950, 3.31 ,0.00
6/19/1950, 3.31 ,0.00
6/20/1950, 3.31 ,0.00
6/21/1950, 3.31 ,0.00
6/22/1950, 3.31 ,0.00
6/23/1950, 3.31 ,0.00
6/24/1950, 3.31 ,0.00
6/25/1950, 3.31 ,0.00
6/26/1950, 3.31 ,0.00
6/27/1950, 3.31 ,0.00
6/28/1950, 3.31 ,0.00
6/29/1950, 3.31 ,0.00
6/30/1950, 3.31 ,0.00
7/1/1950, 3.31 ,0.00
7/2/1950, 3.31 ,0.00
7/3/1950, 3.31 ,0.00
7/4/1950, 3.31 ,0.00
7/5/1950, 3.31 ,0.00
7/6/1950, 3.31 ,0.00
7/7/1950, 3.31 ,0.00
7/8/1950, 3.31 ,0.00
7/9/1950, 3.31 ,0.00
7/10/1950, 3.31 ,0.00
7/11/1950, 3.31 ,0.00
7/12/1950, 3.31 ,0.00
7/13/1950, 3.31 ,0.00
7/14/1950, 3.31 ,0.00
7/15/1950, 3.31 ,0.00
7/16/1950, 3.31 ,0.00
7/17/1950, 3.31 ,0.00
7/18/1950, 3.31 ,0.00
7/19/1950, 3.31 ,0.00
7/20/1950, 3.31 ,0.00
7/21/1950, 3.31 ,0.00
7/22/1950, 3.31 ,0.00
7/23/1950, 3.31 ,0.00
7/24/1950, 3.31 ,0.00
7/25/1950, 3.31 ,0.00
7/26/1950, 3.31 ,0.00
7/27/1950, 3.31 ,0.00
7/28/1950, 3.31 ,0.00
7/29/1950, 3.31 ,0.00
7/30/1950, 3.31 ,0.00
7/31/1950, 3.31 ,0.00
8/1/1950, 3.31 ,0.00
8/2/1950, 3.31 ,0.00
8/3/1950, 3.31 ,0.00
8/4/1950, 3.31 ,0.00
8/5/1950, 3.31 ,0.00
8/6/1950, 3.31 ,0.00
8/7/1950, 3.31 ,0.00
8/8/1950, 3.31 ,0.00
8/9/1950, 3.31 ,0.00
8/10/1950, 3.31 ,0.00
8/11/1950, 3.31 ,0.00
8/12/1950, 3.31 ,0.00
8/13/1950, 3.31 ,0.00
8/14/1950, 3.31 ,0.00
8/15/1950, 3.31 ,0.00
8/16/1950, 3.31 ,0.00
8/17/1950, 3.31 ,0.00
8/18/1950, 3.31 ,0.00
8/19/1950, 3.31 ,0.00
8/20/1950, 3.31 ,0.00
8/21/1950, 3.31 ,0.00
8/22/1950, 3.31 ,0.00
8/23/1950, 3.31 ,0.00
8/24/1950, 3.31 ,0.00
8/25/1950, 3.31 ,0.00
8/26/1950, 3.31 ,0.00
8/27/1950, 3.31 ,0.00
8/28/1950, 3.31 ,0.00
8/29/1950, 3.31 ,0.00
8/30/1950, 3.31 ,0.00
8/31/1950, 3.31 ,0.00
9/1/1950, 3.31 ,0.00
9/2/1950, 3.31 ,0.00
9/3/1950, 3.31 ,0.00
9/4/1950, 3.31 ,0.00
9/5/1950, 3.31 ,0.00
9/6/1950, 3.31 ,0.00
9/7/1950, 3.31 ,0.00
9/8/1950, 3.31 ,0.00
9/9/1950, 3.31 ,0.00
9/10/1950, 3.31 ,0.00
9/11/1950, 3.31 ,0.00
9/12/1950, 3.31 ,0.00
9/13/1950, 3.31 ,0.00
9/14/1950, 3.31 ,0.00
9/15/1950, 3.31 ,0.00
9/16/1950, 3.31 ,0.00
9/17/1950, 3.31 ,0.00
9/18/1950, 3.31 ,0.00
9/19/1950, 3.31 ,0.00
9/20/1950, 3.31 ,0.00
9/21/1950, 3.31 ,0.00
9/22/1950, 3.31 ,0.00
9/23/1950, 3.31 ,0.00
9/24/1950, 3.31 ,0.00
9/25/1950, 3.31 ,0.00
9/26/1950, 3.31 ,0.00
9/27/1950, 3.31 ,0.00
9/28/1950, 3.31 ,0.00
9/29/1950, 3.31 ,0.00
9/30/1950, 3.31 ,0.00
10/1/1950, 3.31 ,0.00
10/2/1950, 3.31 ,0.00
10/3/1950, 3.31 ,0.00
10/4/1950, 3.31 ,0.00
10/5/1950, 3.31 ,0.00
10/6/1950, 3.31 ,0.00
10/7/1950, 3.31 ,0.00
10/8/1950, 3.31 ,0.00
10/9/1950, 3.31 ,0.00
10/10/1950, 3.31 ,0.00
10/11/1950, 3.31 ,0.00
10/12/1950, 3.31 ,0.00
10/13/1950, 3.31 ,0.00
10/14/1950, 3.31 ,0.00
10/15/1950, 3.31 ,0.00
10/16/1950, 3.31 ,0.00
10/17/1950, 3.31 ,0.00
10/18/1950, 3.31 ,0.00
10/19/1950, 3.31 ,0.00
10/20/1950, 3.31 ,0.00
10/21/1950, 3.31 ,0.00
10/22/1950, 3.31 ,0.00
10/23/1950, 3.31 ,0.00
10/24/1950, 3.31 ,0.00
10/25/1950, 3.31 ,0.00
10/26/1950, 3.31 ,0.00
10/27/1950, 3.31 ,0.00
10/28/1950, 3.31 ,0.00
10/29/1950, 3.31 ,0.00
10/30/1950, 3.31 ,0.00
10/31/1950, 3.31 ,0.00
11/1/1950, 3.31 ,0.00
11/2/1950, 3.31 ,0.00
11/3/1950, 3.31 ,0.00
11/4/1950, 3.31 ,0.00
11/5/1950, 3.31 ,0.00
11/6/1950, 3.31 ,0.00
11/7/1950, 3.31 ,0.00
11/8/1950, 3.31 ,0.00
11/9/1950, 3.31 ,0.00
11/10/1950, 3.31 ,0.00
11/11/1950, 3.31 ,0.00
11/12/1950, 3.31 ,0.00
11/13/1950, 3.31 ,0.00
11/14/1950, 3.31 ,0.00
11/15/1950, 3.31 ,0.00
11/16/1950, 3.31 ,0.00
11/17/1950, 3.31 ,0.00
11/18/1950, 3.31 ,0.00
11/19/1950, 3.31 ,0.00
11/20/1950, 3.31 ,0.00
11/21/1950, 3.31 ,0.00
11/22/1950, 3.31 ,0.00
11/23/1950, 3.31 ,0.00
11/24/1950, 3.31 ,0.00
11/25/1950, 3.31 ,0.00
11/26/1950, 3.31 ,0.00
11/27/1950, 3.31 ,0.00
11/28/1950, 3.31 ,0.00
11/29/1950, 3.31 ,0.00
11/30/1950, 3.31 ,0.00
12/1/1950, 3.31 ,0.00
12/2/1950, 3.31 ,0.00
12/3/1950, 3.31 ,0.00
12/4/1950, 3.31 ,0.00
12/5/1950, 3.31 ,0.00
12/6/1950, 3.31 ,0.00
12/7/1950, 3.31 ,0.00
12/8/1950, 3.31 ,0.00
12/9/1950, 3.31 ,0.00
12/10/1950, 3.31 ,0.00
12/11/1950, 3.31 ,0.00
12/12/1950, 3.31 ,0.00
12/13/1950, 3.31 ,0.00
12/14/1950, 3.31 ,0.00
12/15/1950, 3.31 ,0.00
12/16/1950, 3.31 ,0.00
12/17/1950, 3.31 ,0.00
12/18/1950, 3.31 ,0.00
12/19/1950, 3.31 ,0.00
12/20/1950, 3.31 ,0.00
12/21/1950, 3.31 ,0.00
12/22/1950, 3.31 ,0.00
12/23/1950, 3.31 ,0.00
12/24/1950, 3.31 ,0.00
12/25/1950, 3.31 ,0.00
12/26/1950, 3.31 ,0.00
12/27/1950, 3.31 ,0.00
12/28/1950, 3.31 ,0.00
12/29/1950, 3.31 ,0.00
12/30/1950, 3.31 ,0.00
12/31/1950, 3.31 ,0.00
1/1/1951, 3.31 ,0.00
1/2/1951, 3.31 ,0.00
1/3/1951, 3.31 ,0.00
1/4/1951, 3.31 ,0.00
1/5/1951, 3.31 ,0.00
1/6/1951, 3.31 ,0.00
1/7/1951, 3.31 ,0.00
1/8/1951, 3.31 ,0.00
1/9/1951, 3.31 ,0.00
1/10/1951, 3.31 ,0.00
1/11/1951, 3.31 ,0.00
1/12/1951, 3.31 ,0.00
1/13/1951, 3.31 ,0.00
1/14/1951, 3.31 ,0.00
1/15/1951, 3.31 ,0.00
1/16/1951, 3.31 ,0.00
1/17/1951, 3.31 ,0.00
1/18/1951, 3.31 ,0.00
1/19/1951, 3.31 ,0.00
1/20/1951, 3.31 ,0.00
1/21/1951, 3.31 ,0.00
1/22/1951, 3.31 ,0.00
1/23/1951, 3.31 ,0.00
1/24/1951, 3.31 ,0.00
1/25/1951, 3.31 ,0.00
1/26/1951, 3.31 ,0.00
1/27/1951, 3.31 ,0.00
1/28/1951, 3.31 ,0.00
1/29/1951, 3.31 ,0.00
1/30/1951, 3.31 ,0.00
1/31/1951, 3.31 ,0.00
2/1/1951, 3.31 ,0.00
2/2/1951, 3.31 ,0.00
2/3/1951, 3.31 ,0.00
2/4/1951, 3.31 ,0.00
2/5/1951, 3.31 ,0.00
2/6/1951, 3.31 ,0.00
2/7/1951, 3.31 ,0.00
2/8/1951, 3.31 ,0.00
2/9/1951, 3.31 ,0.00
2/10/1951, 3.31 ,0.00
2/11/1951, 3.31 ,0.00
2/12/1951, 3.31 ,0.00
2/13/1951, 3.31 ,0.00
2/14/1951, 3.31 ,0.00
2/15/1951, 3.31 ,0.00
2/16/1951, 3.31 ,0.00
2/17/1951, 3.31 ,0.00
2/18/1951, 3.31 ,0.00
2/19/1951, 3.31 ,0.00
2/20/1951, 3.31 ,0.00
2/21/1951, 3.31 ,0.00
2/22/1951, 3.31 ,0.00
2/23/1951, 3.31 ,0.00
2/24/1951, 3.31 ,0.00
2/25/1951, 3.31 ,0.00
2/26/1951, 3.31 ,0.00
2/27/1951, 3.31 ,0.00
2/28/1951, 3.31 ,0.00
3/1/1951, 3.31 ,0.00
3/2/1951, 3.31 ,0.00
3/3/1951, 3.31 ,0.00
3/4/1951, 3.31 ,0.00
3/5/1951, 3.31 ,0.00
3/6/1951, 3.31 ,0.00
3/7/1951, 3.31 ,0.00
3/8/1951, 3.31 ,0.00
3/9/1951, 3.31 ,0.00
3/10/1951, 3.31 ,0.00
3/11/1951, 3.31 ,0.00
3/12/1951, 3.31 ,0.00
3/13/1951, 3.31 ,0.00
3/14/1951, 3.31 ,0.00
3/15/1951, 3.31 ,0.00
3/16/1951, 3.31 ,0.00
3/17/1951, 3.31 ,0.00
3/18/1951, 3.31 ,0.00
3/19/1951, 3.31 ,0.00
3/20/1951, 3.31 ,0.00
3/21/1951, 3.31 ,0.00
3/22/1951, 3.31 ,0.00
3/23/1951, 3.31 ,0.00
3/24/1951, 3.31 ,0.00
3/25/1951, 3.31 ,0.00
3/26/1951, 3.31 ,0.00
3/27/1951, 3.31 ,0.00
3/28/1951, 3.31 ,0.00
3/29/1951, 3.31 ,0.00
3/30/1951, 3.31 ,0.00
3/31/1951, 3.31 ,0.00
4/1/1951, 3.31 ,0.00
4/2/1951, 3.31 ,0.00
4/3/1951, 3.31 ,0.00
4/4/1951, 3.31 ,0.00
4/5/1951, 3.31 ,0.00
4/6/1951, 3.31 ,0.00
4/7/1951, 3.31 ,0.00
4/8/1951, 3.31 ,0.00
4/9/1951, 3.31 ,0.00
4/10/1951, 3.31 ,0.00
4/11/1951, 3.31 ,0.00
4/12/1951, 3.31 ,0.00
4/13/1951, 3.31 ,0.00
4/14/1951, 3.31 ,0.00
4/15/1951, 3.31 ,0.00
4/16/1951, 3.31 ,0.00
4/17/1951, 3.31 ,0.00
4/18/1951, 3.31 ,0.00
4/19/1951, 3.31 ,0.00
4/20/1951, 3.31 ,0.00
4/21/1951, 3.31 ,0.00
4/22/1951, 3.31 ,0.00
4/23/1951, 3.31 ,0.00
4/24/1951, 3.31 ,0.00
4/25/1951, 3.31 ,0.00
4/26/1951, 3.31 ,0.00
4/27/1951, 3.31 ,0.00
4/28/1951, 3.31 ,0.00
4/29/1951, 3.31 ,0.00
4/30/1951, 3.31 ,0.00
5/1/1951, 3.31 ,0.00
5/2/1951, 3.31 ,0.00
5/3/1951, 3.31 ,0.00
5/4/1951, 3.31 ,0.00
5/5/1951, 3.31 ,0.00
5/6/1951, 3.31 ,0.00
5/7/1951, 3.31 ,0.00
5/8/1951, 3.31 ,0.00
5/9/1951, 3.31 ,0.00
5/10/1951, 3.31 ,0.00
5/11/1951, 3.31 ,0.00
5/12/1951, 3.31 ,0.00
5/13/1951, 3.31 ,0.00
5/14/1951, 3.31 ,0.00
5/15/1951, 3.31 ,0.00
5/16/1951, 3.31 ,0.00
5/17/1951, 3.31 ,0.00
5/18/1951, 3.31 ,0.00
5/19/1951, 3.31 ,0.00
5/20/1951, 3.31 ,0.00
5/21/1951, 3.31 ,0.00
5/22/1951, 3.31 ,0.00
5/23/1951, 3.31 ,0.00
5/24/1951, 3.31 ,0.00
5/25/1951, 3.31 ,0.00
5/26/1951, 3.31 ,0.00
5/27/1951, 3.31 ,0.00
5/28/1951, 3.31 ,0.00
5/29/1951, 3.31 ,0.00
5/30/1951, 3.31 ,0.00
5/31/1951, 3.31 ,0.00
6/1/1951, 3.31 ,0.00
6/2/1951, 3.31 ,0.00
6/3/1951, 3.31 ,0.00
6/4/1951, 3.31 ,0.00
6/5/1951, 3.31 ,0.00
6/6/1951, 3.31 ,0.00
6/7/1951, 3.31 ,0.00
6/8/1951, 3.31 ,0.00
6/9/1951, 3.31 ,0.00
6/10/1951, 3.31 ,0.00
6/11/1951, 3.31 ,0.00
6/12/1951, 3.31 ,0.00
6/13/1951, 3.31 ,0.00
6/14/1951, 3.31 ,0.00
6/15/1951, 3.31 ,0.00
6/16/1951, 3.31 ,0.00
6/17/1951, 3.31 ,0.00
6/18/1951, 3.31 ,0.00
6/19/1951, 3.31 ,0.00
6/20/1951, 3.31 ,0.00
6/21/1951, 3.31 ,0.00
6/22/1951, 3.31 ,0.00
6/23/1951, 3.31 ,0.00
6/24/1951, 3.31 ,0.00
6/25/1951, 3.31 ,0.00
6/26/1951, 3.31 ,0.00
6/27/1951, 3.31 ,0.00
6/28/1951, 3.31 ,0.00
6/29/1951, 3.31 ,0.00
6/30/1951, 3.31 ,0.00
7/1/1951, 3.31 ,0.00
7/2/1951, 3.31 ,0.00
7/3/1951, 3.31 ,0.00
7/4/1951, 3.31 ,0.00
7/5/1951, 3.31 ,0.00
7/6/1951, 3.31 ,0.00
7/7/1951, 3.31 ,0.00
7/8/1951, 3.31 ,0.00
7/9/1951, 3.31 ,0.00
7/10/1951, 3.31 ,0.00
7/11/1951, 3.31 ,0.00
7/12/1951, 3.31 ,0.00
7/13/1951, 3.31 ,0.00
7/14/1951, 3.31 ,0.00
7/15/1951, 3.31 ,0.00
7/16/1951, 3.31 ,0.00
7/17/1951, 3.31 ,0.00
7/18/1951, 3.31 ,0.00
7/19/1951, 3.31 ,0.00
7/20/1951, 3.31 ,0.00
7/21/1951, 3.31 ,0.00
7/22/1951, 3.31 ,0.00
7/23/1951, 3.31 ,0.00
7/24/1951, 3.31 ,0.00
7/25/1951, 3.31 ,0.00
7/26/1951, 3.31 ,0.00
7/27/1951, 3.31 ,0.00
7/28/1951, 3.31 ,0.00
7/29/1951, 3.31 ,0.00
7/30/1951, 3.31 ,0.00
7/31/1951, 3.31 ,0.00
8/1/1951, 3.31 ,0.00
8/2/1951, 3.31 ,0.00
8/3/1951, 3.31 ,0.00
8/4/1951, 3.31 ,0.00
8/5/1951, 3.31 ,0.00
8/6/1951, 3.31 ,0.00
8/7/1951, 3.31 ,0.00
8/8/1951, 3.31 ,0.00
8/9/1951, 3.31 ,0.00
8/10/1951, 3.31 ,0.00
8/11/1951, 3.31 ,0.00
8/12/1951, 3.31 ,0.00
8/13/1951, 3.31 ,0.00
8/14/1951, 3.31 ,0.00
8/15/1951, 3.31 ,0.00
8/16/1951, 3.31 ,0.00
8/17/1951, 3.31 ,0.00
8/18/1951, 3.31 ,0.00
8/19/1951, 3.31 ,0.00
8/20/1951, 3.31 ,0.00
8/21/1951, 3.31 ,0.00
8/22/1951, 3.31 ,0.00
8/23/1951, 3.31 ,0.00
8/24/1951, 3.31 ,0.00
8/25/1951, 3.31 ,0.00
8/26/1951, 3.31 ,0.00
8/27/1951, 3.31 ,0.00
8/28/1951, 3.31 ,0.00
8/29/1951, 3.31 ,0.00
8/30/1951, 3.31 ,0.00
8/31/1951, 3.31 ,0.00
9/1/1951, 3.31 ,0.00
9/2/1951, 3.31 ,0.00
9/3/1951, 3.31 ,0.00
9/4/1951, 3.31 ,0.00
9/5/1951, 3.31 ,0.00
9/6/1951, 3.31 ,0.00
9/7/1951, 3.31 ,0.00
9/8/1951, 3.31 ,0.00
9/9/1951, 3.31 ,0.00
9/10/1951, 3.31 ,0.00
9/11/1951, 3.31 ,0.00
9/12/1951, 3.31 ,0.00
9/13/1951, 3.31 ,0.00
9/14/1951, 3.31 ,0.00
9/15/1951, 3.31 ,0.00
9/16/1951, 3.31 ,0.00
9/17/1951, 3.31 ,0.00
9/18/1951, 3.31 ,0.00
9/19/1951, 3.31 ,0.00
9/20/1951, 3.31 ,0.00
9/21/1951, 3.31 ,0.00
9/22/1951, 3.31 ,0.00
9/23/1951, 3.31 ,0.00
9/24/1951, 3.31 ,0.00
9/25/1951, 3.31 ,0.00
9/26/1951, 3.31 ,0.00
9/27/1951, 3.31 ,0.00
9/28/1951, 3.31 ,0.00
9/29/1951, 3.31 ,0.00
9/30/1951, 3.31 ,0.00
10/1/1951, 3.31 ,0.00
10/2/1951, 3.31 ,0.00
10/3/1951, 3.31 ,0.00
10/4/1951, 3.31 ,0.00
10/5/1951, 3.31 ,0.00
10/6/1951, 3.31 ,0.00
10/7/1951, 3.31 ,0.00
10/8/1951, 3.31 ,0.00
10/9/1951, 3.31 ,0.00
10/10/1951, 3.31 ,0.00
10/11/1951, 3.31 ,0.00
10/12/1951, 3.31 ,0.00
10/13/1951, 3.31 ,0.00
10/14/1951, 3.31 ,0.00
10/15/1951, 3.31 ,0.00
10/16/1951, 3.31 ,0.00
10/17/1951, 3.31 ,0.00
10/18/1951, 3.31 ,0.00
10/19/1951, 3.31 ,0.00
10/20/1951, 3.31 ,0.00
10/21/1951, 3.31 ,0.00
10/22/1951, 3.31 ,0.00
10/23/1951, 3.31 ,0.00
10/24/1951, 3.31 ,0.00
10/25/1951, 3.31 ,0.00
10/26/1951, 3.31 ,0.00
10/27/1951, 3.31 ,0.00
10/28/1951, 3.31 ,0.00
10/29/1951, 3.31 ,0.00
10/30/1951, 3.31 ,0.00
10/31/1951, 3.31 ,0.00
11/1/1951, 3.31 ,0.00
11/2/1951, 3.31 ,0.00
11/3/1951, 3.31 ,0.00
11/4/1951, 3.31 ,0.00
11/5/1951, 3.31 ,0.00
11/6/1951, 3.31 ,0.00
11/7/1951, 3.31 ,0.00
11/8/1951, 3.31 ,0.00
11/9/1951, 3.31 ,0.00
11/10/1951, 3.31 ,0.00
11/11/1951, 3.31 ,0.00
11/12/1951, 3.31 ,0.00
11/13/1951, 3.31 ,0.00
11/14/1951, 3.31 ,0.00
11/15/1951, 3.31 ,0.00
11/16/1951, 3.31 ,0.00
11/17/1951, 3.31 ,0.00
11/18/1951, 3.31 ,0.00
11/19/1951, 3.31 ,0.00
11/20/1951, 3.31 ,0.00
11/21/1951, 3.31 ,0.00
11/22/1951, 3.31 ,0.00
11/23/1951, 3.31 ,0.00
11/24/1951, 3.31 ,0.00
11/25/1951, 3.31 ,0.00
11/26/1951, 3.31 ,0.00
11/27/1951, 3.31 ,0.00
11/28/1951, 3.31 ,0.00
11/29/1951, 3.31 ,0.00
11/30/1951, 3.31 ,0.00
12/1/1951, 3.31 ,0.00
12/2/1951, 3.31 ,0.00
12/3/1951, 3.31 ,0.00
12/4/1951, 3.31 ,0.00
12/5/1951, 3.31 ,0.00
12/6/1951, 3.31 ,0.00
12/7/1951, 3.31 ,0.00
12/8/1951, 3.31 ,0.00
12/9/1951, 3.31 ,0.00
12/10/1951, 3.31 ,0.00
12/11/1951, 3.31 ,0.00
12/12/1951, 3.31 ,0.00
12/13/1951, 3.31 ,0.00
12/14/1951, 3.31 ,0.00
12/15/1951, 3.31 ,0.00
12/16/1951, 3.31 ,0.00
12/17/1951, 3.31 ,0.00
12/18/1951, 3.31 ,0.00
12/19/1951, 3.31 ,0.00
12/20/1951, 3.31 ,0.00
12/21/1951, 3.31 ,0.00
12/22/1951, 3.31 ,0.00
12/23/1951, 3.31 ,0.00
12/24/1951, 3.31 ,0.00
12/25/1951, 3.31 ,0.00
12/26/1951, 3.31 ,0.00
12/27/1951, 3.31 ,0.00
12/28/1951, 3.31 ,0.00
12/29/1951, 3.31 ,0.00
12/30/1951, 3.31 ,0.00
12/31/1951, 3.31 ,0.00
1/1/1952, 3.31 ,0.00
1/2/1952, 3.31 ,0.00
1/3/1952, 3.31 ,0.00
1/4/1952, 3.31 ,0.00
1/5/1952, 3.31 ,0.00
1/6/1952, 3.31 ,0.00
1/7/1952, 3.31 ,0.00
1/8/1952, 3.31 ,0.00
1/9/1952, 3.31 ,0.00
1/10/1952, 3.31 ,0.00
1/11/1952, 3.31 ,0.00
1/12/1952, 3.31 ,0.00
1/13/1952, 3.31 ,0.00
1/14/1952, 3.31 ,0.00
1/15/1952, 3.31 ,0.00
1/16/1952, 3.31 ,0.00
1/17/1952, 3.31 ,0.00
1/18/1952, 3.31 ,0.00
1/19/1952, 3.31 ,0.00
1/20/1952, 3.31 ,0.00
1/21/1952, 3.31 ,0.00
1/22/1952, 3.31 ,0.00
1/23/1952, 3.31 ,0.00
1/24/1952, 3.31 ,0.00
1/25/1952, 3.31 ,0.00
1/26/1952, 3.31 ,0.00
1/27/1952, 3.31 ,0.00
1/28/1952, 3.31 ,0.00
1/29/1952, 3.31 ,0.00
1/30/1952, 3.31 ,0.00
1/31/1952, 3.31 ,0.00
2/1/1952, 3.31 ,0.00
2/2/1952, 3.31 ,0.00
2/3/1952, 3.31 ,0.00
2/4/1952, 3.31 ,0.00
2/5/1952, 3.31 ,0.00
2/6/1952, 3.31 ,0.00
2/7/1952, 3.31 ,0.00
2/8/1952, 3.31 ,0.00
2/9/1952, 3.31 ,0.00
2/10/1952, 3.31 ,0.00
2/11/1952, 3.31 ,0.00
2/12/1952, 3.31 ,0.00
2/13/1952, 3.31 ,0.00
2/14/1952, 3.31 ,0.00
2/15/1952, 3.31 ,0.00
2/16/1952, 3.31 ,0.00
2/17/1952, 3.31 ,0.00
2/18/1952, 3.31 ,0.00
2/19/1952, 3.31 ,0.00
2/20/1952, 3.31 ,0.00
2/21/1952, 3.31 ,0.00
2/22/1952, 3.31 ,0.00
2/23/1952, 3.31 ,0.00
2/24/1952, 3.31 ,0.00
2/25/1952, 3.31 ,0.00
2/26/1952, 3.31 ,0.00
2/27/1952, 3.31 ,0.00
2/28/1952, 3.31 ,0.00
2/29/1952, 3.31 ,0.00
3/1/1952, 3.31 ,0.00
3/2/1952, 3.31 ,0.00
3/3/1952, 3.31 ,0.00
3/4/1952, 3.31 ,0.00
3/5/1952, 3.31 ,0.00
3/6/1952, 3.31 ,0.00
3/7/1952, 3.31 ,0.00
3/8/1952, 3.31 ,0.00
3/9/1952, 3.31 ,0.00
3/10/1952, 3.31 ,0.00
3/11/1952, 3.31 ,0.00
3/12/1952, 3.31 ,0.00
3/13/1952, 3.31 ,0.00
3/14/1952, 3.31 ,0.00
3/15/1952, 3.31 ,0.00
3/16/1952, 3.31 ,0.00
3/17/1952, 3.31 ,0.00
3/18/1952, 3.31 ,0.00
3/19/1952, 3.31 ,0.00
3/20/1952, 3.31 ,0.00
3/21/1952, 3.31 ,0.00
3/22/1952, 3.31 ,0.00
3/23/1952, 3.31 ,0.00
3/24/1952, 3.31 ,0.00
3/25/1952, 3.31 ,0.00
3/26/1952, 3.31 ,0.00
3/27/1952, 3.31 ,0.00
3/28/1952, 3.31 ,0.00
3/29/1952, 3.31 ,0.00
3/30/1952, 3.31 ,0.00
3/31/1952, 3.31 ,0.00
4/1/1952, 3.31 ,0.00
4/2/1952, 3.31 ,0.00
4/3/1952, 3.31 ,0.00
4/4/1952, 3.31 ,0.00
4/5/1952, 3.31 ,0.00
4/6/1952, 3.31 ,0.00
4/7/1952, 3.31 ,0.00
4/8/1952, 3.31 ,0.00
4/9/1952, 3.31 ,0.00
4/10/1952, 3.31 ,0.00
4/11/1952, 3.31 ,0.00
4/12/1952, 3.31 ,0.00
4/13/1952, 3.31 ,0.00
4/14/1952, 3.31 ,0.00
4/15/1952, 3.31 ,0.00
4/16/1952, 3.31 ,0.00
4/17/1952, 3.31 ,0.00
4/18/1952, 3.31 ,0.00
4/19/1952, 3.31 ,0.00
4/20/1952, 3.31 ,0.00
4/21/1952, 3.31 ,0.00
4/22/1952, 3.31 ,0.00
4/23/1952, 3.31 ,0.00
4/24/1952, 3.31 ,0.00
4/25/1952, 3.31 ,0.00
4/26/1952, 3.31 ,0.00
4/27/1952, 3.31 ,0.00
4/28/1952, 3.31 ,0.00
4/29/1952, 3.31 ,0.00
4/30/1952, 3.31 ,0.00
5/1/1952, 3.31 ,0.00
5/2/1952, 3.31 ,0.00
5/3/1952, 3.31 ,0.00
5/4/1952, 3.31 ,0.00
5/5/1952, 3.31 ,0.00
5/6/1952, 3.31 ,0.00
5/7/1952, 3.31 ,0.00
5/8/1952, 3.31 ,0.00
5/9/1952, 3.31 ,0.00
5/10/1952, 3.31 ,0.00
5/11/1952, 3.31 ,0.00
5/12/1952, 3.31 ,0.00
5/13/1952, 3.31 ,0.00
5/14/1952, 3.31 ,0.00
5/15/1952, 3.31 ,0.00
5/16/1952, 3.31 ,0.00
5/17/1952, 3.31 ,0.00
5/18/1952, 3.31 ,0.00
5/19/1952, 3.31 ,0.00
5/20/1952, 3.31 ,0.00
5/21/1952, 3.31 ,0.00
5/22/1952, 3.31 ,0.00
5/23/1952, 3.31 ,0.00
5/24/1952, 3.31 ,0.00
5/25/1952, 3.31 ,0.00
5/26/1952, 3.31 ,0.00
5/27/1952, 3.31 ,0.00
5/28/1952, 3.31 ,0.00
5/29/1952, 3.31 ,0.00
5/30/1952, 3.31 ,0.00
5/31/1952, 3.31 ,0.00
6/1/1952, 3.31 ,0.00
6/2/1952, 3.31 ,0.00
6/3/1952, 3.31 ,0.00
6/4/1952, 3.31 ,0.00
6/5/1952, 3.31 ,0.00
6/6/1952, 3.31 ,0.00
6/7/1952, 3.31 ,0.00
6/8/1952, 3.31 ,0.00
6/9/1952, 3.31 ,0.00
6/10/1952, 3.31 ,0.00
6/11/1952, 3.31 ,0.00
6/12/1952, 3.31 ,0.00
6/13/1952, 3.31 ,0.00
6/14/1952, 3.31 ,0.00
6/15/1952, 3.31 ,0.00
6/16/1952, 3.31 ,0.00
6/17/1952, 3.31 ,0.00
6/18/1952, 3.31 ,0.00
6/19/1952, 3.31 ,0.00
6/20/1952, 3.31 ,0.00
6/21/1952, 3.31 ,0.00
6/22/1952, 3.31 ,0.00
6/23/1952, 3.31 ,0.00
6/24/1952, 3.31 ,0.00
6/25/1952, 3.31 ,0.00
6/26/1952, 3.31 ,0.00
6/27/1952, 3.31 ,0.00
6/28/1952, 3.31 ,0.00
6/29/1952, 3.31 ,0.00
6/30/1952, 3.31 ,0.00
7/1/1952, 3.31 ,0.00
7/2/1952, 3.31 ,0.00
7/3/1952, 3.31 ,0.00
7/4/1952, 3.31 ,0.00
7/5/1952, 3.31 ,0.00
7/6/1952, 3.31 ,0.00
7/7/1952, 3.31 ,0.00
7/8/1952, 3.31 ,0.00
7/9/1952, 3.31 ,0.00
7/10/1952, 3.31 ,0.00
7/11/1952, 3.31 ,0.00
7/12/1952, 3.31 ,0.00
7/13/1952, 3.31 ,0.00
7/14/1952, 3.31 ,0.00
7/15/1952, 3.31 ,0.00
7/16/1952, 3.31 ,0.00
7/17/1952, 3.31 ,0.00
7/18/1952, 3.31 ,0.00
7/19/1952, 3.31 ,0.00
7/20/1952, 3.31 ,0.00
7/21/1952, 3.31 ,0.00
7/22/1952, 3.31 ,0.00
7/23/1952, 3.31 ,0.00
7/24/1952, 3.31 ,0.00
7/25/1952, 3.31 ,0.00
7/26/1952, 3.31 ,0.00
7/27/1952, 3.31 ,0.00
7/28/1952, 3.31 ,0.00
7/29/1952, 3.31 ,0.00
7/30/1952, 3.31 ,0.00
7/31/1952, 3.31 ,0.00
8/1/1952, 3.31 ,0.00
8/2/1952, 3.31 ,0.00
8/3/1952, 3.31 ,0.00
8/4/1952, 3.31 ,0.00
8/5/1952, 3.31 ,0.00
8/6/1952, 3.31 ,0.00
8/7/1952, 3.31 ,0.00
8/8/1952, 3.31 ,0.00
8/9/1952, 3.31 ,0.00
8/10/1952, 3.31 ,0.00
8/11/1952, 3.31 ,0.00
8/12/1952, 3.31 ,0.00
8/13/1952, 3.31 ,0.00
8/14/1952, 3.31 ,0.00
8/15/1952, 3.31 ,0.00
8/16/1952, 3.31 ,0.00
8/17/1952, 3.31 ,0.00
8/18/1952, 3.31 ,0.00
8/19/1952, 3.31 ,0.00
8/20/1952, 3.31 ,0.00
8/21/1952, 3.31 ,0.00
8/22/1952, 3.31 ,0.00
8/23/1952, 3.31 ,0.00
8/24/1952, 3.31 ,0.00
8/25/1952, 3.31 ,0.00
8/26/1952, 3.31 ,0.00
8/27/1952, 3.31 ,0.00
8/28/1952, 3.31 ,0.00
8/29/1952, 3.31 ,0.00
8/30/1952, 3.31 ,0.00
8/31/1952, 3.31 ,0.00
9/1/1952, 3.31 ,0.00
9/2/1952, 3.31 ,0.00
9/3/1952, 3.31 ,0.00
9/4/1952, 3.31 ,0.00
9/5/1952, 3.31 ,0.00
9/6/1952, 3.31 ,0.00
9/7/1952, 3.31 ,0.00
9/8/1952, 3.31 ,0.00
9/9/1952, 3.31 ,0.00
9/10/1952, 3.31 ,0.00
9/11/1952, 3.31 ,0.00
9/12/1952, 3.31 ,0.00
9/13/1952, 3.31 ,0.00
9/14/1952, 3.31 ,0.00
9/15/1952, 3.31 ,0.00
9/16/1952, 3.31 ,0.00
9/17/1952, 3.31 ,0.00
9/18/1952, 3.31 ,0.00
9/19/1952, 3.31 ,0.00
9/20/1952, 3.31 ,0.00
9/21/1952, 3.31 ,0.00
9/22/1952, 3.31 ,0.00
9/23/1952, 3.31 ,0.00
9/24/1952, 3.31 ,0.00
9/25/1952, 3.31 ,0.00
9/26/1952, 3.31 ,0.00
9/27/1952, 3.31 ,0.00
9/28/1952, 3.31 ,0.00
9/29/1952, 3.31 ,0.00
9/30/1952, 3.31 ,0.00
10/1/1952, 3.31 ,0.00
10/2/1952, 3.31 ,0.00
10/3/1952, 3.31 ,0.00
10/4/1952, 3.31 ,0.00
10/5/1952, 3.31 ,0.00
10/6/1952, 3.31 ,0.00
10/7/1952, 3.31 ,0.00
10/8/1952, 3.31 ,0.00
10/9/1952, 3.31 ,0.00
10/10/1952, 3.31 ,0.00
10/11/1952, 3.31 ,0.00
10/12/1952, 3.31 ,0.00
10/13/1952, 3.31 ,0.00
10/14/1952, 3.31 ,0.00
10/15/1952, 3.31 ,0.00
10/16/1952, 3.31 ,0.00
10/17/1952, 3.31 ,0.00
10/18/1952, 3.31 ,0.00
10/19/1952, 3.31 ,0.00
10/20/1952, 3.31 ,0.00
10/21/1952, 3.31 ,0.00
10/22/1952, 3.31 ,0.00
10/23/1952, 3.31 ,0.00
10/24/1952, 3.31 ,0.00
10/25/1952, 3.31 ,0.00
10/26/1952, 3.31 ,0.00
10/27/1952, 3.31 ,0.00
10/28/1952, 3.31 ,0.00
10/29/1952, 3.31 ,0.00
10/30/1952, 3.31 ,0.00
10/31/1952, 3.31 ,0.00
11/1/1952, 3.31 ,0.00
11/2/1952, 3.31 ,0.00
11/3/1952, 3.31 ,0.00
11/4/1952, 3.31 ,0.00
11/5/1952, 3.31 ,0.00
11/6/1952, 3.31 ,0.00
11/7/1952, 3.31 ,0.00
11/8/1952, 3.31 ,0.00
11/9/1952, 3.31 ,0.00
11/10/1952, 3.31 ,0.00
11/11/1952, 3.31 ,0.00
11/12/1952, 3.31 ,0.00
11/13/1952, 3.31 ,0.00
11/14/1952, 3.31 ,0.00
11/15/1952, 3.31 ,0.00
11/16/1952, 3.31 ,0.00
11/17/1952, 3.31 ,0.00
11/18/1952, 3.31 ,0.00
11/19/1952, 3.31 ,0.00
11/20/1952, 3.31 ,0.00
11/21/1952, 3.31 ,0.00
11/22/1952, 3.31 ,0.00
11/23/1952, 3.31 ,0.00
11/24/1952, 3.31 ,0.00
11/25/1952, 3.31 ,0.00
11/26/1952, 3.31 ,0.00
11/27/1952, 3.31 ,0.00
11/28/1952, 3.31 ,0.00
11/29/1952, 3.31 ,0.00
11/30/1952, 3.31 ,0.00
12/1/1952, 3.31 ,0.00
12/2/1952, 3.31 ,0.00
12/3/1952, 3.31 ,0.00
12/4/1952, 3.31 ,0.00
12/5/1952, 3.31 ,0.00
12/6/1952, 3.31 ,0.00
12/7/1952, 3.31 ,0.00
12/8/1952, 3.31 ,0.00
12/9/1952, 3.31 ,0.00
12/10/1952, 3.31 ,0.00
12/11/1952, 3.31 ,0.00
12/12/1952, 3.31 ,0.00
12/13/1952, 3.31 ,0.00
12/14/1952, 3.31 ,0.00
12/15/1952, 3.31 ,0.00
12/16/1952, 3.31 ,0.00
12/17/1952, 3.31 ,0.00
12/18/1952, 3.31 ,0.00
12/19/1952, 3.31 ,0.00
12/20/1952, 3.31 ,0.00
12/21/1952, 3.31 ,0.00
12/22/1952, 3.31 ,0.00
12/23/1952, 3.31 ,0.00
12/24/1952, 3.31 ,0.00
12/25/1952, 3.31 ,0.00
12/26/1952, 3.31 ,0.00
12/27/1952, 3.31 ,0.00
12/28/1952, 3.31 ,0.00
12/29/1952, 3.31 ,0.00
12/30/1952, 3.31 ,0.00
12/31/1952, 3.31 ,0.00
1/1/1953, 3.31 ,0.00
1/2/1953, 3.31 ,0.00
1/3/1953, 3.31 ,0.00
1/4/1953, 3.31 ,0.00
1/5/1953, 3.31 ,0.00
1/6/1953, 3.31 ,0.00
1/7/1953, 3.31 ,0.00
1/8/1953, 3.31 ,0.00
1/9/1953, 3.31 ,0.00
1/10/1953, 3.31 ,0.00
1/11/1953, 3.31 ,0.00
1/12/1953, 3.31 ,0.00
1/13/1953, 3.31 ,0.00
1/14/1953, 3.31 ,0.00
1/15/1953, 3.31 ,0.00
1/16/1953, 3.31 ,0.00
1/17/1953, 3.31 ,0.00
1/18/1953, 3.31 ,0.00
1/19/1953, 3.31 ,0.00
1/20/1953, 3.31 ,0.00
1/21/1953, 3.31 ,0.00
1/22/1953, 3.31 ,0.00
1/23/1953, 3.31 ,0.00
1/24/1953, 3.31 ,0.00
1/25/1953, 3.31 ,0.00
1/26/1953, 3.31 ,0.00
1/27/1953, 3.31 ,0.00
1/28/1953, 3.31 ,0.00
1/29/1953, 3.31 ,0.00
1/30/1953, 3.31 ,0.00
1/31/1953, 3.31 ,0.00
2/1/1953, 3.31 ,0.00
2/2/1953, 3.31 ,0.00
2/3/1953, 3.31 ,0.00
2/4/1953, 3.31 ,0.00
2/5/1953, 3.31 ,0.00
2/6/1953, 3.31 ,0.00
2/7/1953, 3.31 ,0.00
2/8/1953, 3.31 ,0.00
2/9/1953, 3.31 ,0.00
2/10/1953, 3.31 ,0.00
2/11/1953, 3.31 ,0.00
2/12/1953, 3.31 ,0.00
2/13/1953, 3.31 ,0.00
2/14/1953, 3.31 ,0.00
2/15/1953, 3.31 ,0.00
2/16/1953, 3.31 ,0.00
2/17/1953, 3.31 ,0.00
2/18/1953, 3.31 ,0.00
2/19/1953, 3.31 ,0.00
2/20/1953, 3.31 ,0.00
2/21/1953, 3.31 ,0.00
2/22/1953, 3.31 ,0.00
2/23/1953, 3.31 ,0.00
2/24/1953, 3.31 ,0.00
2/25/1953, 3.31 ,0.00
2/26/1953, 3.31 ,0.00
2/27/1953, 3.31 ,0.00
2/28/1953, 3.31 ,0.00
3/1/1953, 3.31 ,0.00
3/2/1953, 3.31 ,0.00
3/3/1953, 3.31 ,0.00
3/4/1953, 3.31 ,0.00
3/5/1953, 3.31 ,0.00
3/6/1953, 3.31 ,0.00
3/7/1953, 3.31 ,0.00
3/8/1953, 3.31 ,0.00
3/9/1953, 3.31 ,0.00
3/10/1953, 3.31 ,0.00
3/11/1953, 3.31 ,0.00
3/12/1953, 3.31 ,0.00
3/13/1953, 3.31 ,0.00
3/14/1953, 3.31 ,0.00
3/15/1953, 3.31 ,0.00
3/16/1953, 3.31 ,0.00
3/17/1953, 3.31 ,0.00
3/18/1953, 3.31 ,0.00
3/19/1953, 3.31 ,0.00
3/20/1953, 3.31 ,0.00
3/21/1953, 3.31 ,0.00
3/22/1953, 3.31 ,0.00
3/23/1953, 3.31 ,0.00
3/24/1953, 3.31 ,0.00
3/25/1953, 3.31 ,0.00
3/26/1953, 3.31 ,0.00
3/27/1953, 3.31 ,0.00
3/28/1953, 3.31 ,0.00
3/29/1953, 3.31 ,0.00
3/30/1953, 3.31 ,0.00
3/31/1953, 3.31 ,0.00
4/1/1953, 3.31 ,0.00
4/2/1953, 3.31 ,0.00
4/3/1953, 3.31 ,0.00
4/4/1953, 3.31 ,0.00
4/5/1953, 3.31 ,0.00
4/6/1953, 3.31 ,0.00
4/7/1953, 3.31 ,0.00
4/8/1953, 3.31 ,0.00
4/9/1953, 3.31 ,0.00
4/10/1953, 3.31 ,0.00
4/11/1953, 3.31 ,0.00
4/12/1953, 3.31 ,0.00
4/13/1953, 3.31 ,0.00
4/14/1953, 3.31 ,0.00
4/15/1953, 3.31 ,0.00
4/16/1953, 3.31 ,0.00
4/17/1953, 3.31 ,0.00
4/18/1953, 3.31 ,0.00
4/19/1953, 3.31 ,0.00
4/20/1953, 3.31 ,0.00
4/21/1953, 3.31 ,0.00
4/22/1953, 3.31 ,0.00
4/23/1953, 3.31 ,0.00
4/24/1953, 3.31 ,0.00
4/25/1953, 3.31 ,0.00
4/26/1953, 3.31 ,0.00
4/27/1953, 3.31 ,0.00
4/28/1953, 3.31 ,0.00
4/29/1953, 3.31 ,0.00
4/30/1953, 3.31 ,0.00
5/1/1953, 3.31 ,0.00
5/2/1953, 3.31 ,0.00
5/3/1953, 3.31 ,0.00
5/4/1953, 3.31 ,0.00
5/5/1953, 3.31 ,0.00
5/6/1953, 3.31 ,0.00
5/7/1953, 3.31 ,0.00
5/8/1953, 3.31 ,0.00
5/9/1953, 3.31 ,0.00
5/10/1953, 3.31 ,0.00
5/11/1953, 3.31 ,0.00
5/12/1953, 3.31 ,0.00
5/13/1953, 3.31 ,0.00
5/14/1953, 3.31 ,0.00
5/15/1953, 3.31 ,0.00
5/16/1953, 3.31 ,0.00
5/17/1953, 3.31 ,0.00
5/18/1953, 3.31 ,0.00
5/19/1953, 3.31 ,0.00
5/20/1953, 3.31 ,0.00
5/21/1953, 3.31 ,0.00
5/22/1953, 3.31 ,0.00
5/23/1953, 3.31 ,0.00
5/24/1953, 3.31 ,0.00
5/25/1953, 3.31 ,0.00
5/26/1953, 3.31 ,0.00
5/27/1953, 3.31 ,0.00
5/28/1953, 3.31 ,0.00
5/29/1953, 3.31 ,0.00
5/30/1953, 3.31 ,0.00
5/31/1953, 3.31 ,0.00
6/1/1953, 3.31 ,0.00
6/2/1953, 3.31 ,0.00
6/3/1953, 3.31 ,0.00
6/4/1953, 3.31 ,0.00
6/5/1953, 3.31 ,0.00
6/6/1953, 3.31 ,0.00
6/7/1953, 3.31 ,0.00
6/8/1953, 3.31 ,0.00
6/9/1953, 3.31 ,0.00
6/10/1953, 3.31 ,0.00
6/11/1953, 3.31 ,0.00
6/12/1953, 3.31 ,0.00
6/13/1953, 3.31 ,0.00
6/14/1953, 3.31 ,0.00
6/15/1953, 3.31 ,0.00
6/16/1953, 3.31 ,0.00
6/17/1953, 3.31 ,0.00
6/18/1953, 3.31 ,0.00
6/19/1953, 3.31 ,0.00
6/20/1953, 3.31 ,0.00
6/21/1953, 3.31 ,0.00
6/22/1953, 3.31 ,0.00
6/23/1953, 3.31 ,0.00
6/24/1953, 3.31 ,0.00
6/25/1953, 3.31 ,0.00
6/26/1953, 3.31 ,0.00
6/27/1953, 3.31 ,0.00
6/28/1953, 3.31 ,0.00
6/29/1953, 3.31 ,0.00
6/30/1953, 3.31 ,0.00
7/1/1953, 3.31 ,0.00
7/2/1953, 3.31 ,0.00
7/3/1953, 3.31 ,0.00
7/4/1953, 3.31 ,0.00
7/5/1953, 3.31 ,0.00
7/6/1953, 3.31 ,0.00
7/7/1953, 3.31 ,0.00
7/8/1953, 3.31 ,0.00
7/9/1953, 3.31 ,0.00
7/10/1953, 3.31 ,0.00
7/11/1953, 3.31 ,0.00
7/12/1953, 3.31 ,0.00
7/13/1953, 3.31 ,0.00
7/14/1953, 3.31 ,0.00
7/15/1953, 3.31 ,0.00
7/16/1953, 3.31 ,0.00
7/17/1953, 3.31 ,0.00
7/18/1953, 3.31 ,0.00
7/19/1953, 3.31 ,0.00
7/20/1953, 3.31 ,0.00
7/21/1953, 3.31 ,0.00
7/22/1953, 3.31 ,0.00
7/23/1953, 3.31 ,0.00
7/24/1953, 3.31 ,0.00
7/25/1953, 3.31 ,0.00
7/26/1953, 3.31 ,0.00
7/27/1953, 3.31 ,0.00
7/28/1953, 3.31 ,0.00
7/29/1953, 3.31 ,0.00
7/30/1953, 3.31 ,0.00
7/31/1953, 3.31 ,0.00
8/1/1953, 3.31 ,0.00
8/2/1953, 3.31 ,0.00
8/3/1953, 3.31 ,0.00
8/4/1953, 3.31 ,0.00
8/5/1953, 3.31 ,0.00
8/6/1953, 3.31 ,0.00
8/7/1953, 3.31 ,0.00
8/8/1953, 3.31 ,0.00
8/9/1953, 3.31 ,0.00
8/10/1953, 3.31 ,0.00
8/11/1953, 3.31 ,0.00
8/12/1953, 3.31 ,0.00
8/13/1953, 3.31 ,0.00
8/14/1953, 3.31 ,0.00
8/15/1953, 3.31 ,0.00
8/16/1953, 3.31 ,0.00
8/17/1953, 3.31 ,0.00
8/18/1953, 3.31 ,0.00
8/19/1953, 3.31 ,0.00
8/20/1953, 3.31 ,0.00
8/21/1953, 3.31 ,0.00
8/22/1953, 3.31 ,0.00
8/23/1953, 3.31 ,0.00
8/24/1953, 3.31 ,0.00
8/25/1953, 3.31 ,0.00
8/26/1953, 3.31 ,0.00
8/27/1953, 3.31 ,0.00
8/28/1953, 3.31 ,0.00
8/29/1953, 3.31 ,0.00
8/30/1953, 3.31 ,0.00
8/31/1953, 3.31 ,0.00
9/1/1953, 3.31 ,0.00
9/2/1953, 3.31 ,0.00
9/3/1953, 3.31 ,0.00
9/4/1953, 3.31 ,0.00
9/5/1953, 3.31 ,0.00
9/6/1953, 3.31 ,0.00
9/7/1953, 3.31 ,0.00
9/8/1953, 3.31 ,0.00
9/9/1953, 3.31 ,0.00
9/10/1953, 3.31 ,0.00
9/11/1953, 3.31 ,0.00
9/12/1953, 3.31 ,0.00
9/13/1953, 3.31 ,0.00
9/14/1953, 3.31 ,0.00
9/15/1953, 3.31 ,0.00
9/16/1953, 3.31 ,0.00
9/17/1953, 3.31 ,0.00
9/18/1953, 3.31 ,0.00
9/19/1953, 3.31 ,0.00
9/20/1953, 3.31 ,0.00
9/21/1953, 3.31 ,0.00
9/22/1953, 3.31 ,0.00
9/23/1953, 3.31 ,0.00
9/24/1953, 3.31 ,0.00
9/25/1953, 3.31 ,0.00
9/26/1953, 3.31 ,0.00
9/27/1953, 3.31 ,0.00
9/28/1953, 3.31 ,0.00
9/29/1953, 3.31 ,0.00
9/30/1953, 3.31 ,0.00
10/1/1953, 3.31 ,0.00
10/2/1953, 3.31 ,0.00
10/3/1953, 3.31 ,0.00
10/4/1953, 3.31 ,0.00
10/5/1953, 3.31 ,0.00
10/6/1953, 3.31 ,0.00
10/7/1953, 3.31 ,0.00
10/8/1953, 3.31 ,0.00
10/9/1953, 3.31 ,0.00
10/10/1953, 3.31 ,0.00
10/11/1953, 3.31 ,0.00
10/12/1953, 3.31 ,0.00
10/13/1953, 3.31 ,0.00
10/14/1953, 3.31 ,0.00
10/15/1953, 3.31 ,0.00
10/16/1953, 3.31 ,0.00
10/17/1953, 3.31 ,0.00
10/18/1953, 3.31 ,0.00
10/19/1953, 3.31 ,0.00
10/20/1953, 3.31 ,0.00
10/21/1953, 3.31 ,0.00
10/22/1953, 3.31 ,0.00
10/23/1953, 3.31 ,0.00
10/24/1953, 3.31 ,0.00
10/25/1953, 3.31 ,0.00
10/26/1953, 3.31 ,0.00
10/27/1953, 3.31 ,0.00
10/28/1953, 3.31 ,0.00
10/29/1953, 3.31 ,0.00
10/30/1953, 3.31 ,0.00
10/31/1953, 3.31 ,0.00
11/1/1953, 3.31 ,0.00
11/2/1953, 3.31 ,0.00
11/3/1953, 3.31 ,0.00
11/4/1953, 3.31 ,0.00
11/5/1953, 3.31 ,0.00
11/6/1953, 3.31 ,0.00
11/7/1953, 3.31 ,0.00
11/8/1953, 3.31 ,0.00
11/9/1953, 3.31 ,0.00
11/10/1953, 3.31 ,0.00
11/11/1953, 3.31 ,0.00
11/12/1953, 3.31 ,0.00
11/13/1953, 3.31 ,0.00
11/14/1953, 3.31 ,0.00
11/15/1953, 3.31 ,0.00
11/16/1953, 3.31 ,0.00
11/17/1953, 3.31 ,0.00
11/18/1953, 3.31 ,0.00
11/19/1953, 3.31 ,0.00
11/20/1953, 3.31 ,0.00
11/21/1953, 3.31 ,0.00
11/22/1953, 3.31 ,0.00
11/23/1953, 3.31 ,0.00
11/24/1953, 3.31 ,0.00
11/25/1953, 3.31 ,0.00
11/26/1953, 3.31 ,0.00
11/27/1953, 3.31 ,0.00
11/28/1953, 3.31 ,0.00
11/29/1953, 3.31 ,0.00
11/30/1953, 3.31 ,0.00
12/1/1953, 3.31 ,0.00
12/2/1953, 3.31 ,0.00
12/3/1953, 3.31 ,0.00
12/4/1953, 3.31 ,0.00
12/5/1953, 3.31 ,0.00
12/6/1953, 3.31 ,0.00
12/7/1953, 3.31 ,0.00
12/8/1953, 3.31 ,0.00
12/9/1953, 3.31 ,0.00
12/10/1953, 3.31 ,0.00
12/11/1953, 3.31 ,0.00
12/12/1953, 3.31 ,0.00
12/13/1953, 3.31 ,0.00
12/14/1953, 3.31 ,0.00
12/15/1953, 3.31 ,0.00
12/16/1953, 3.31 ,0.00
12/17/1953, 3.31 ,0.00
12/18/1953, 3.31 ,0.00
12/19/1953, 3.31 ,0.00
12/20/1953, 3.31 ,0.00
12/21/1953, 3.31 ,0.00
12/22/1953, 3.31 ,0.00
12/23/1953, 3.31 ,0.00
12/24/1953, 3.31 ,0.00
12/25/1953, 3.31 ,0.00
12/26/1953, 3.31 ,0.00
12/27/1953, 3.31 ,0.00
12/28/1953, 3.31 ,0.00
12/29/1953, 3.31 ,0.00
12/30/1953, 3.31 ,0.00
12/31/1953, 3.31 ,0.00
1/1/1954, 3.31 ,0.00
1/2/1954, 3.31 ,0.00
1/3/1954, 3.31 ,0.00
1/4/1954, 3.31 ,0.00
1/5/1954, 3.31 ,0.00
1/6/1954, 3.31 ,0.00
1/7/1954, 3.31 ,0.00
1/8/1954, 3.31 ,0.00
1/9/1954, 3.31 ,0.00
1/10/1954, 3.31 ,0.00
1/11/1954, 3.31 ,0.00
1/12/1954, 3.31 ,0.00
1/13/1954, 3.31 ,0.00
1/14/1954, 3.31 ,0.00
1/15/1954, 3.31 ,0.00
1/16/1954, 3.31 ,0.00
1/17/1954, 3.31 ,0.00
1/18/1954, 3.31 ,0.00
1/19/1954, 3.31 ,0.00
1/20/1954, 3.31 ,0.00
1/21/1954, 3.31 ,0.00
1/22/1954, 3.31 ,0.00
1/23/1954, 3.31 ,0.00
1/24/1954, 3.31 ,0.00
1/25/1954, 3.31 ,0.00
1/26/1954, 3.31 ,0.00
1/27/1954, 3.31 ,0.00
1/28/1954, 3.31 ,0.00
1/29/1954, 3.31 ,0.00
1/30/1954, 3.31 ,0.00
1/31/1954, 3.31 ,0.00
2/1/1954, 3.31 ,0.00
2/2/1954, 3.31 ,0.00
2/3/1954, 3.31 ,0.00
2/4/1954, 3.31 ,0.00
2/5/1954, 3.31 ,0.00
2/6/1954, 3.31 ,0.00
2/7/1954, 3.31 ,0.00
2/8/1954, 3.31 ,0.00
2/9/1954, 3.31 ,0.00
2/10/1954, 3.31 ,0.00
2/11/1954, 3.31 ,0.00
2/12/1954, 3.31 ,0.00
2/13/1954, 3.31 ,0.00
2/14/1954, 3.31 ,0.00
2/15/1954, 3.31 ,0.00
2/16/1954, 3.31 ,0.00
2/17/1954, 3.31 ,0.00
2/18/1954, 3.31 ,0.00
2/19/1954, 3.31 ,0.00
2/20/1954, 3.31 ,0.00
2/21/1954, 3.31 ,0.00
2/22/1954, 3.31 ,0.00
2/23/1954, 3.31 ,0.00
2/24/1954, 3.31 ,0.00
2/25/1954, 3.31 ,0.00
2/26/1954, 3.31 ,0.00
2/27/1954, 3.31 ,0.00
2/28/1954, 3.31 ,0.00
3/1/1954, 3.31 ,0.00
3/2/1954, 3.31 ,0.00
3/3/1954, 3.31 ,0.00
3/4/1954, 3.31 ,0.00
3/5/1954, 3.31 ,0.00
3/6/1954, 3.31 ,0.00
3/7/1954, 3.31 ,0.00
3/8/1954, 3.31 ,0.00
3/9/1954, 3.31 ,0.00
3/10/1954, 3.31 ,0.00
3/11/1954, 3.31 ,0.00
3/12/1954, 3.31 ,0.00
3/13/1954, 3.31 ,0.00
3/14/1954, 3.31 ,0.00
3/15/1954, 3.31 ,0.00
3/16/1954, 3.31 ,0.00
3/17/1954, 3.31 ,0.00
3/18/1954, 3.31 ,0.00
3/19/1954, 3.31 ,0.00
3/20/1954, 3.31 ,0.00
3/21/1954, 3.31 ,0.00
3/22/1954, 3.31 ,0.00
3/23/1954, 3.31 ,0.00
3/24/1954, 3.31 ,0.00
3/25/1954, 3.31 ,0.00
3/26/1954, 3.31 ,0.00
3/27/1954, 3.31 ,0.00
3/28/1954, 3.31 ,0.00
3/29/1954, 3.31 ,0.00
3/30/1954, 3.31 ,0.00
3/31/1954, 3.31 ,0.00
4/1/1954, 3.31 ,0.00
4/2/1954, 3.31 ,0.00
4/3/1954, 3.31 ,0.00
4/4/1954, 3.31 ,0.00
4/5/1954, 3.31 ,0.00
4/6/1954, 3.31 ,0.00
4/7/1954, 3.31 ,0.00
4/8/1954, 3.31 ,0.00
4/9/1954, 3.31 ,0.00
4/10/1954, 3.31 ,0.00
4/11/1954, 3.31 ,0.00
4/12/1954, 3.31 ,0.00
4/13/1954, 3.31 ,0.00
4/14/1954, 3.31 ,0.00
4/15/1954, 3.31 ,0.00
4/16/1954, 3.31 ,0.00
4/17/1954, 3.31 ,0.00
4/18/1954, 3.31 ,0.00
4/19/1954, 3.31 ,0.00
4/20/1954, 3.31 ,0.00
4/21/1954, 3.31 ,0.00
4/22/1954, 3.31 ,0.00
4/23/1954, 3.31 ,0.00
4/24/1954, 3.31 ,0.00
4/25/1954, 3.31 ,0.00
4/26/1954, 3.31 ,0.00
4/27/1954, 3.31 ,0.00
4/28/1954, 3.31 ,0.00
4/29/1954, 3.31 ,0.00
4/30/1954, 3.31 ,0.00
5/1/1954, 3.31 ,0.00
5/2/1954, 3.31 ,0.00
5/3/1954, 3.31 ,0.00
5/4/1954, 3.31 ,0.00
5/5/1954, 3.31 ,0.00
5/6/1954, 3.31 ,0.00
5/7/1954, 3.31 ,0.00
5/8/1954, 3.31 ,0.00
5/9/1954, 3.31 ,0.00
5/10/1954, 3.31 ,0.00
5/11/1954, 3.31 ,0.00
5/12/1954, 3.31 ,0.00
5/13/1954, 3.31 ,0.00
5/14/1954, 3.31 ,0.00
5/15/1954, 3.31 ,0.00
5/16/1954, 3.31 ,0.00
5/17/1954, 3.31 ,0.00
5/18/1954, 3.31 ,0.00
5/19/1954, 3.31 ,0.00
5/20/1954, 3.31 ,0.00
5/21/1954, 3.31 ,0.00
5/22/1954, 3.31 ,0.00
5/23/1954, 3.31 ,0.00
5/24/1954, 3.31 ,0.00
5/25/1954, 3.31 ,0.00
5/26/1954, 3.31 ,0.00
5/27/1954, 3.31 ,0.00
5/28/1954, 3.31 ,0.00
5/29/1954, 3.31 ,0.00
5/30/1954, 3.31 ,0.00
5/31/1954, 3.31 ,0.00
6/1/1954, 3.31 ,0.00
6/2/1954, 3.31 ,0.00
6/3/1954, 3.31 ,0.00
6/4/1954, 3.31 ,0.00
6/5/1954, 3.31 ,0.00
6/6/1954, 3.31 ,0.00
6/7/1954, 3.31 ,0.00
6/8/1954, 3.31 ,0.00
6/9/1954, 3.31 ,0.00
6/10/1954, 3.31 ,0.00
6/11/1954, 3.31 ,0.00
6/12/1954, 3.31 ,0.00
6/13/1954, 3.31 ,0.00
6/14/1954, 3.31 ,0.00
6/15/1954, 3.31 ,0.00
6/16/1954, 3.31 ,0.00
6/17/1954, 3.31 ,0.00
6/18/1954, 3.31 ,0.00
6/19/1954, 3.31 ,0.00
6/20/1954, 3.31 ,0.00
6/21/1954, 3.31 ,0.00
6/22/1954, 3.31 ,0.00
6/23/1954, 3.31 ,0.00
6/24/1954, 3.31 ,0.00
6/25/1954, 3.31 ,0.00
6/26/1954, 3.31 ,0.00
6/27/1954, 3.31 ,0.00
6/28/1954, 3.31 ,0.00
6/29/1954, 3.31 ,0.00
6/30/1954, 3.31 ,0.00
7/1/1954, 3.31 ,0.00
7/2/1954, 3.31 ,0.00
7/3/1954, 3.31 ,0.00
7/4/1954, 3.31 ,0.00
7/5/1954, 3.31 ,0.00
7/6/1954, 3.31 ,0.00
7/7/1954, 3.31 ,0.00
7/8/1954, 3.31 ,0.00
7/9/1954, 3.31 ,0.00
7/10/1954, 3.31 ,0.00
7/11/1954, 3.31 ,0.00
7/12/1954, 3.31 ,0.00
7/13/1954, 3.31 ,0.00
7/14/1954, 3.31 ,0.00
7/15/1954, 3.31 ,0.00
7/16/1954, 3.31 ,0.00
7/17/1954, 3.31 ,0.00
7/18/1954, 3.31 ,0.00
7/19/1954, 3.31 ,0.00
7/20/1954, 3.31 ,0.00
7/21/1954, 3.31 ,0.00
7/22/1954, 3.31 ,0.00
7/23/1954, 3.31 ,0.00
7/24/1954, 3.31 ,0.00
7/25/1954, 3.31 ,0.00
7/26/1954, 3.31 ,0.00
7/27/1954, 3.31 ,0.00
7/28/1954, 3.31 ,0.00
7/29/1954, 3.31 ,0.00
7/30/1954, 3.31 ,0.00
7/31/1954, 3.31 ,0.00
8/1/1954, 3.31 ,0.00
8/2/1954, 3.31 ,0.00
8/3/1954, 3.31 ,0.00
8/4/1954, 3.31 ,0.00
8/5/1954, 3.31 ,0.00
8/6/1954, 3.31 ,0.00
8/7/1954, 3.31 ,0.00
8/8/1954, 3.31 ,0.00
8/9/1954, 3.31 ,0.00
8/10/1954, 3.31 ,0.00
8/11/1954, 3.31 ,0.00
8/12/1954, 3.31 ,0.00
8/13/1954, 3.31 ,0.00
8/14/1954, 3.31 ,0.00
8/15/1954, 3.31 ,0.00
8/16/1954, 3.31 ,0.00
8/17/1954, 3.31 ,0.00
8/18/1954, 3.31 ,0.00
8/19/1954, 3.31 ,0.00
8/20/1954, 3.31 ,0.00
8/21/1954, 3.31 ,0.00
8/22/1954, 3.31 ,0.00
8/23/1954, 3.31 ,0.00
8/24/1954, 3.31 ,0.00
8/25/1954, 3.31 ,0.00
8/26/1954, 3.31 ,0.00
8/27/1954, 3.31 ,0.00
8/28/1954, 3.31 ,0.00
8/29/1954, 3.31 ,0.00
8/30/1954, 3.31 ,0.00
8/31/1954, 3.31 ,0.00
9/1/1954, 3.31 ,0.00
9/2/1954, 3.31 ,0.00
9/3/1954, 3.31 ,0.00
9/4/1954, 3.31 ,0.00
9/5/1954, 3.31 ,0.00
9/6/1954, 3.31 ,0.00
9/7/1954, 3.31 ,0.00
9/8/1954, 3.31 ,0.00
9/9/1954, 3.31 ,0.00
9/10/1954, 3.31 ,0.00
9/11/1954, 3.31 ,0.00
9/12/1954, 3.31 ,0.00
9/13/1954, 3.31 ,0.00
9/14/1954, 3.31 ,0.00
9/15/1954, 3.31 ,0.00
9/16/1954, 3.31 ,0.00
9/17/1954, 3.31 ,0.00
9/18/1954, 3.31 ,0.00
9/19/1954, 3.31 ,0.00
9/20/1954, 3.31 ,0.00
9/21/1954, 3.31 ,0.00
9/22/1954, 3.31 ,0.00
9/23/1954, 3.31 ,0.00
9/24/1954, 3.31 ,0.00
9/25/1954, 3.31 ,0.00
9/26/1954, 3.31 ,0.00
9/27/1954, 3.31 ,0.00
9/28/1954, 3.31 ,0.00
9/29/1954, 3.31 ,0.00
9/30/1954, 3.31 ,0.00
10/1/1954, 3.31 ,0.00
10/2/1954, 3.31 ,0.00
10/3/1954, 3.31 ,0.00
10/4/1954, 3.31 ,0.00
10/5/1954, 3.31 ,0.00
10/6/1954, 3.31 ,0.00
10/7/1954, 3.31 ,0.00
10/8/1954, 3.31 ,0.00
10/9/1954, 3.31 ,0.00
10/10/1954, 3.31 ,0.00
10/11/1954, 3.31 ,0.00
10/12/1954, 3.31 ,0.00
10/13/1954, 3.31 ,0.00
10/14/1954, 3.31 ,0.00
10/15/1954, 3.31 ,0.00
10/16/1954, 3.31 ,0.00
10/17/1954, 3.31 ,0.00
10/18/1954, 3.31 ,0.00
10/19/1954, 3.31 ,0.00
10/20/1954, 3.31 ,0.00
10/21/1954, 3.31 ,0.00
10/22/1954, 3.31 ,0.00
10/23/1954, 3.31 ,0.00
10/24/1954, 3.31 ,0.00
10/25/1954, 3.31 ,0.00
10/26/1954, 3.31 ,0.00
10/27/1954, 3.31 ,0.00
10/28/1954, 3.31 ,0.00
10/29/1954, 3.31 ,0.00
10/30/1954, 3.31 ,0.00
10/31/1954, 3.31 ,0.00
11/1/1954, 3.31 ,0.00
11/2/1954, 3.31 ,0.00
11/3/1954, 3.31 ,0.00
11/4/1954, 3.31 ,0.00
11/5/1954, 3.31 ,0.00
11/6/1954, 3.31 ,0.00
11/7/1954, 3.31 ,0.00
11/8/1954, 3.31 ,0.00
11/9/1954, 3.31 ,0.00
11/10/1954, 3.31 ,0.00
11/11/1954, 3.31 ,0.00
11/12/1954, 3.31 ,0.00
11/13/1954, 3.31 ,0.00
11/14/1954, 3.31 ,0.00
11/15/1954, 3.31 ,0.00
11/16/1954, 3.31 ,0.00
11/17/1954, 3.31 ,0.00
11/18/1954, 3.31 ,0.00
11/19/1954, 3.31 ,0.00
11/20/1954, 3.31 ,0.00
11/21/1954, 3.31 ,0.00
11/22/1954, 3.31 ,0.00
11/23/1954, 3.31 ,0.00
11/24/1954, 3.31 ,0.00
11/25/1954, 3.31 ,0.00
11/26/1954, 3.31 ,0.00
11/27/1954, 3.31 ,0.00
11/28/1954, 3.31 ,0.00
11/29/1954, 3.31 ,0.00
11/30/1954, 3.31 ,0.00
12/1/1954, 3.31 ,0.00
12/2/1954, 3.31 ,0.00
12/3/1954, 3.31 ,0.00
12/4/1954, 3.31 ,0.00
12/5/1954, 3.31 ,0.00
12/6/1954, 3.31 ,0.00
12/7/1954, 3.31 ,0.00
12/8/1954, 3.31 ,0.00
12/9/1954, 3.31 ,0.00
12/10/1954, 3.31 ,0.00
12/11/1954, 3.31 ,0.00
12/12/1954, 3.31 ,0.00
12/13/1954, 3.31 ,0.00
12/14/1954, 3.31 ,0.00
12/15/1954, 3.31 ,0.00
12/16/1954, 3.31 ,0.00
12/17/1954, 3.31 ,0.00
12/18/1954, 3.31 ,0.00
12/19/1954, 3.31 ,0.00
12/20/1954, 3.31 ,0.00
12/21/1954, 3.31 ,0.00
12/22/1954, 3.31 ,0.00
12/23/1954, 3.31 ,0.00
12/24/1954, 3.31 ,0.00
12/25/1954, 3.31 ,0.00
12/26/1954, 3.31 ,0.00
12/27/1954, 3.31 ,0.00
12/28/1954, 3.31 ,0.00
12/29/1954, 3.31 ,0.00
12/30/1954, 3.31 ,0.00
12/31/1954, 3.31 ,0.00
1/1/1955, 3.31 ,0.00
1/2/1955, 3.31 ,0.00
1/3/1955, 3.31 ,0.00
1/4/1955, 3.31 ,0.00
1/5/1955, 3.31 ,0.00
1/6/1955, 3.31 ,0.00
1/7/1955, 3.31 ,0.00
1/8/1955, 3.31 ,0.00
1/9/1955, 3.31 ,0.00
1/10/1955, 3.31 ,0.00
1/11/1955, 3.31 ,0.00
1/12/1955, 3.31 ,0.00
1/13/1955, 3.31 ,0.00
1/14/1955, 3.31 ,0.00
1/15/1955, 3.31 ,0.00
1/16/1955, 3.31 ,0.00
1/17/1955, 3.31 ,0.00
1/18/1955, 3.31 ,0.00
1/19/1955, 3.31 ,0.00
1/20/1955, 3.31 ,0.00
1/21/1955, 3.31 ,0.00
1/22/1955, 3.31 ,0.00
1/23/1955, 3.31 ,0.00
1/24/1955, 3.31 ,0.00
1/25/1955, 3.31 ,0.00
1/26/1955, 3.31 ,0.00
1/27/1955, 3.31 ,0.00
1/28/1955, 3.31 ,0.00
1/29/1955, 3.31 ,0.00
1/30/1955, 3.31 ,0.00
1/31/1955, 3.31 ,0.00
2/1/1955, 3.31 ,0.00
2/2/1955, 3.31 ,0.00
2/3/1955, 3.31 ,0.00
2/4/1955, 3.31 ,0.00
2/5/1955, 3.31 ,0.00
2/6/1955, 3.31 ,0.00
2/7/1955, 3.31 ,0.00
2/8/1955, 3.31 ,0.00
2/9/1955, 3.31 ,0.00
2/10/1955, 3.31 ,0.00
2/11/1955, 3.31 ,0.00
2/12/1955, 3.31 ,0.00
2/13/1955, 3.31 ,0.00
2/14/1955, 3.31 ,0.00
2/15/1955, 3.31 ,0.00
2/16/1955, 3.31 ,0.00
2/17/1955, 3.31 ,0.00
2/18/1955, 3.31 ,0.00
2/19/1955, 3.31 ,0.00
2/20/1955, 3.31 ,0.00
2/21/1955, 3.31 ,0.00
2/22/1955, 3.31 ,0.00
2/23/1955, 3.31 ,0.00
2/24/1955, 3.31 ,0.00
2/25/1955, 3.31 ,0.00
2/26/1955, 3.31 ,0.00
2/27/1955, 3.31 ,0.00
2/28/1955, 3.31 ,0.00
3/1/1955, 3.31 ,0.00
3/2/1955, 3.31 ,0.00
3/3/1955, 3.31 ,0.00
3/4/1955, 3.31 ,0.00
3/5/1955, 3.31 ,0.00
3/6/1955, 3.31 ,0.00
3/7/1955, 3.31 ,0.00
3/8/1955, 3.31 ,0.00
3/9/1955, 3.31 ,0.00
3/10/1955, 3.31 ,0.00
3/11/1955, 3.31 ,0.00
3/12/1955, 3.31 ,0.00
3/13/1955, 3.31 ,0.00
3/14/1955, 3.31 ,0.00
3/15/1955, 3.31 ,0.00
3/16/1955, 3.31 ,0.00
3/17/1955, 3.31 ,0.00
3/18/1955, 3.31 ,0.00
3/19/1955, 3.31 ,0.00
3/20/1955, 3.31 ,0.00
3/21/1955, 3.31 ,0.00
3/22/1955, 3.31 ,0.00
3/23/1955, 3.31 ,0.00
3/24/1955, 3.31 ,0.00
3/25/1955, 3.31 ,0.00
3/26/1955, 3.31 ,0.00
3/27/1955, 3.31 ,0.00
3/28/1955, 3.31 ,0.00
3/29/1955, 3.31 ,0.00
3/30/1955, 3.31 ,0.00
3/31/1955, 3.31 ,0.00
4/1/1955, 3.31 ,0.00
4/2/1955, 3.31 ,0.00
4/3/1955, 3.31 ,0.00
4/4/1955, 3.31 ,0.00
4/5/1955, 3.31 ,0.00
4/6/1955, 3.31 ,0.00
4/7/1955, 3.31 ,0.00
4/8/1955, 3.31 ,0.00
4/9/1955, 3.31 ,0.00
4/10/1955, 3.31 ,0.00
4/11/1955, 3.31 ,0.00
4/12/1955, 3.31 ,0.00
4/13/1955, 3.31 ,0.00
4/14/1955, 3.31 ,0.00
4/15/1955, 3.31 ,0.00
4/16/1955, 3.31 ,0.00
4/17/1955, 3.31 ,0.00
4/18/1955, 3.31 ,0.00
4/19/1955, 3.31 ,0.00
4/20/1955, 3.31 ,0.00
4/21/1955, 3.31 ,0.00
4/22/1955, 3.31 ,0.00
4/23/1955, 3.31 ,0.00
4/24/1955, 3.31 ,0.00
4/25/1955, 3.31 ,0.00
4/26/1955, 3.31 ,0.00
4/27/1955, 3.31 ,0.00
4/28/1955, 3.31 ,0.00
4/29/1955, 3.31 ,0.00
4/30/1955, 3.31 ,0.00
5/1/1955, 3.31 ,0.00
5/2/1955, 3.31 ,0.00
5/3/1955, 3.31 ,0.00
5/4/1955, 3.31 ,0.00
5/5/1955, 3.31 ,0.00
5/6/1955, 3.31 ,0.00
5/7/1955, 3.31 ,0.00
5/8/1955, 3.31 ,0.00
5/9/1955, 3.31 ,0.00
5/10/1955, 3.31 ,0.00
5/11/1955, 3.31 ,0.00
5/12/1955, 3.31 ,0.00
5/13/1955, 3.31 ,0.00
5/14/1955, 3.31 ,0.00
5/15/1955, 3.31 ,0.00
5/16/1955, 3.31 ,0.00
5/17/1955, 3.31 ,0.00
5/18/1955, 3.31 ,0.00
5/19/1955, 3.31 ,0.00
5/20/1955, 3.31 ,0.00
5/21/1955, 3.31 ,0.00
5/22/1955, 3.31 ,0.00
5/23/1955, 3.31 ,0.00
5/24/1955, 3.31 ,0.00
5/25/1955, 3.31 ,0.00
5/26/1955, 3.31 ,0.00
5/27/1955, 3.31 ,0.00
5/28/1955, 3.31 ,0.00
5/29/1955, 3.31 ,0.00
5/30/1955, 3.31 ,0.00
5/31/1955, 3.31 ,0.00
6/1/1955, 3.31 ,0.00
6/2/1955, 3.31 ,0.00
6/3/1955, 3.31 ,0.00
6/4/1955, 3.31 ,0.00
6/5/1955, 3.31 ,0.00
6/6/1955, 3.31 ,0.00
6/7/1955, 3.31 ,0.00
6/8/1955, 3.31 ,0.00
6/9/1955, 3.31 ,0.00
6/10/1955, 3.31 ,0.00
6/11/1955, 3.31 ,0.00
6/12/1955, 3.31 ,0.00
6/13/1955, 3.31 ,0.00
6/14/1955, 3.31 ,0.00
6/15/1955, 3.31 ,0.00
6/16/1955, 3.31 ,0.00
6/17/1955, 3.31 ,0.00
6/18/1955, 3.31 ,0.00
6/19/1955, 3.31 ,0.00
6/20/1955, 3.31 ,0.00
6/21/1955, 3.31 ,0.00
6/22/1955, 3.31 ,0.00
6/23/1955, 3.31 ,0.00
6/24/1955, 3.31 ,0.00
6/25/1955, 3.31 ,0.00
6/26/1955, 3.31 ,0.00
6/27/1955, 3.31 ,0.00
6/28/1955, 3.31 ,0.00
6/29/1955, 3.31 ,0.00
6/30/1955, 3.31 ,0.00
7/1/1955, 3.31 ,0.00
7/2/1955, 3.31 ,0.00
7/3/1955, 3.31 ,0.00
7/4/1955, 3.31 ,0.00
7/5/1955, 3.31 ,0.00
7/6/1955, 3.31 ,0.00
7/7/1955, 3.31 ,0.00
7/8/1955, 3.31 ,0.00
7/9/1955, 3.31 ,0.00
7/10/1955, 3.31 ,0.00
7/11/1955, 3.31 ,0.00
7/12/1955, 3.31 ,0.00
7/13/1955, 3.31 ,0.00
7/14/1955, 3.31 ,0.00
7/15/1955, 3.31 ,0.00
7/16/1955, 3.31 ,0.00
7/17/1955, 3.31 ,0.00
7/18/1955, 3.31 ,0.00
7/19/1955, 3.31 ,0.00
7/20/1955, 3.31 ,0.00
7/21/1955, 3.31 ,0.00
7/22/1955, 3.31 ,0.00
7/23/1955, 3.31 ,0.00
7/24/1955, 3.31 ,0.00
7/25/1955, 3.31 ,0.00
7/26/1955, 3.31 ,0.00
7/27/1955, 3.31 ,0.00
7/28/1955, 3.31 ,0.00
7/29/1955, 3.31 ,0.00
7/30/1955, 3.31 ,0.00
7/31/1955, 3.31 ,0.00
8/1/1955, 4.77 ,1.46
8/2/1955, 4.77 ,0.00
8/3/1955, 4.77 ,0.00
8/4/1955, 4.77 ,0.00
8/5/1955, 4.77 ,0.00
8/6/1955, 4.77 ,0.00
8/7/1955, 4.77 ,0.00
8/8/1955, 4.77 ,0.00
8/9/1955, 4.77 ,0.00
8/10/1955, 4.77 ,0.00
8/11/1955, 4.77 ,0.00
8/12/1955, 4.77 ,0.00
8/13/1955, 4.77 ,0.00
8/14/1955, 4.77 ,0.00
8/15/1955, 4.77 ,0.00
8/16/1955, 4.77 ,0.00
8/17/1955, 4.77 ,0.00
8/18/1955, 4.77 ,0.00
8/19/1955, 4.77 ,0.00
8/20/1955, 4.77 ,0.00
8/21/1955, 4.77 ,0.00
8/22/1955, 4.77 ,0.00
8/23/1955, 4.77 ,0.00
8/24/1955, 4.77 ,0.00
8/25/1955, 4.77 ,0.00
8/26/1955, 4.77 ,0.00
8/27/1955, 4.77 ,0.00
8/28/1955, 4.77 ,0.00
8/29/1955, 4.77 ,0.00
8/30/1955, 4.77 ,0.00
8/31/1955, 4.77 ,0.00
9/1/1955, 4.77 ,0.00
9/2/1955, 4.77 ,0.00
9/3/1955, 4.77 ,0.00
9/4/1955, 4.77 ,0.00
9/5/1955, 4.77 ,0.00
9/6/1955, 4.77 ,0.00
9/7/1955, 4.77 ,0.00
9/8/1955, 4.77 ,0.00
9/9/1955, 4.77 ,0.00
9/10/1955, 4.77 ,0.00
9/11/1955, 4.77 ,0.00
9/12/1955, 4.77 ,0.00
9/13/1955, 4.77 ,0.00
9/14/1955, 4.77 ,0.00
9/15/1955, 4.77 ,0.00
9/16/1955, 4.77 ,0.00
9/17/1955, 4.77 ,0.00
9/18/1955, 4.77 ,0.00
9/19/1955, 4.77 ,0.00
9/20/1955, 4.77 ,0.00
9/21/1955, 4.77 ,0.00
9/22/1955, 4.77 ,0.00
9/23/1955, 4.77 ,0.00
9/24/1955, 4.77 ,0.00
9/25/1955, 4.77 ,0.00
9/26/1955, 4.77 ,0.00
9/27/1955, 4.77 ,0.00
9/28/1955, 4.77 ,0.00
9/29/1955, 4.77 ,0.00
9/30/1955, 4.77 ,0.00
10/1/1955, 4.77 ,0.00
10/2/1955, 4.77 ,0.00
10/3/1955, 4.77 ,0.00
10/4/1955, 4.77 ,0.00
10/5/1955, 4.77 ,0.00
10/6/1955, 4.77 ,0.00
10/7/1955, 4.77 ,0.00
10/8/1955, 4.77 ,0.00
10/9/1955, 4.77 ,0.00
10/10/1955, 4.77 ,0.00
10/11/1955, 4.77 ,0.00
10/12/1955, 4.77 ,0.00
10/13/1955, 4.77 ,0.00
10/14/1955, 4.77 ,0.00
10/15/1955, 4.77 ,0.00
10/16/1955, 4.77 ,0.00
10/17/1955, 4.77 ,0.00
10/18/1955, 4.77 ,0.00
10/19/1955, 4.77 ,0.00
10/20/1955, 4.77 ,0.00
10/21/1955, 4.77 ,0.00
10/22/1955, 4.77 ,0.00
10/23/1955, 4.77 ,0.00
10/24/1955, 4.77 ,0.00
10/25/1955, 4.77 ,0.00
10/26/1955, 4.77 ,0.00
10/27/1955, 4.77 ,0.00
10/28/1955, 4.77 ,0.00
10/29/1955, 4.77 ,0.00
10/30/1955, 4.77 ,0.00
10/31/1955, 4.77 ,0.00
11/1/1955, 4.77 ,0.00
11/2/1955, 4.77 ,0.00
11/3/1955, 4.77 ,0.00
11/4/1955, 4.77 ,0.00
11/5/1955, 4.77 ,0.00
11/6/1955, 4.77 ,0.00
11/7/1955, 4.77 ,0.00
11/8/1955, 4.77 ,0.00
11/9/1955, 4.77 ,0.00
11/10/1955, 4.77 ,0.00
11/11/1955, 4.77 ,0.00
11/12/1955, 4.77 ,0.00
11/13/1955, 4.77 ,0.00
11/14/1955, 4.77 ,0.00
11/15/1955, 4.77 ,0.00
11/16/1955, 4.77 ,0.00
11/17/1955, 4.77 ,0.00
11/18/1955, 4.77 ,0.00
11/19/1955, 4.77 ,0.00
11/20/1955, 4.77 ,0.00
11/21/1955, 4.77 ,0.00
11/22/1955, 4.77 ,0.00
11/23/1955, 4.77 ,0.00
11/24/1955, 4.77 ,0.00
11/25/1955, 4.77 ,0.00
11/26/1955, 4.77 ,0.00
11/27/1955, 4.77 ,0.00
11/28/1955, 4.77 ,0.00
11/29/1955, 4.77 ,0.00
11/30/1955, 4.77 ,0.00
12/1/1955, 4.77 ,0.00
12/2/1955, 4.77 ,0.00
12/3/1955, 4.77 ,0.00
12/4/1955, 4.77 ,0.00
12/5/1955, 4.77 ,0.00
12/6/1955, 4.77 ,0.00
12/7/1955, 4.77 ,0.00
12/8/1955, 4.77 ,0.00
12/9/1955, 4.77 ,0.00
12/10/1955, 4.77 ,0.00
12/11/1955, 4.77 ,0.00
12/12/1955, 4.77 ,0.00
12/13/1955, 4.77 ,0.00
12/14/1955, 4.77 ,0.00
12/15/1955, 4.77 ,0.00
12/16/1955, 4.77 ,0.00
12/17/1955, 4.77 ,0.00
12/18/1955, 4.77 ,0.00
12/19/1955, 4.77 ,0.00
12/20/1955, 4.77 ,0.00
12/21/1955, 4.77 ,0.00
12/22/1955, 4.77 ,0.00
12/23/1955, 4.77 ,0.00
12/24/1955, 4.77 ,0.00
12/25/1955, 4.77 ,0.00
12/26/1955, 4.77 ,0.00
12/27/1955, 4.77 ,0.00
12/28/1955, 4.77 ,0.00
12/29/1955, 4.77 ,0.00
12/30/1955, 4.77 ,0.00
12/31/1955, 4.77 ,0.00
1/1/1956, 4.77 ,0.00
1/2/1956, 4.77 ,0.00
1/3/1956, 4.77 ,0.00
1/4/1956, 4.77 ,0.00
1/5/1956, 4.77 ,0.00
1/6/1956, 4.77 ,0.00
1/7/1956, 4.77 ,0.00
1/8/1956, 4.77 ,0.00
1/9/1956, 4.77 ,0.00
1/10/1956, 4.77 ,0.00
1/11/1956, 4.77 ,0.00
1/12/1956, 4.77 ,0.00
1/13/1956, 4.77 ,0.00
1/14/1956, 4.77 ,0.00
1/15/1956, 4.77 ,0.00
1/16/1956, 4.77 ,0.00
1/17/1956, 4.77 ,0.00
1/18/1956, 4.77 ,0.00
1/19/1956, 4.77 ,0.00
1/20/1956, 4.77 ,0.00
1/21/1956, 4.77 ,0.00
1/22/1956, 4.77 ,0.00
1/23/1956, 4.77 ,0.00
1/24/1956, 4.77 ,0.00
1/25/1956, 4.77 ,0.00
1/26/1956, 4.77 ,0.00
1/27/1956, 4.77 ,0.00
1/28/1956, 4.77 ,0.00
1/29/1956, 4.77 ,0.00
1/30/1956, 4.77 ,0.00
1/31/1956, 4.77 ,0.00
2/1/1956, 4.77 ,0.00
2/2/1956, 4.77 ,0.00
2/3/1956, 4.77 ,0.00
2/4/1956, 4.77 ,0.00
2/5/1956, 4.77 ,0.00
2/6/1956, 4.77 ,0.00
2/7/1956, 4.77 ,0.00
2/8/1956, 4.77 ,0.00
2/9/1956, 4.77 ,0.00
2/10/1956, 4.77 ,0.00
2/11/1956, 4.77 ,0.00
2/12/1956, 4.77 ,0.00
2/13/1956, 4.77 ,0.00
2/14/1956, 4.77 ,0.00
2/15/1956, 4.77 ,0.00
2/16/1956, 4.77 ,0.00
2/17/1956, 4.77 ,0.00
2/18/1956, 4.77 ,0.00
2/19/1956, 4.77 ,0.00
2/20/1956, 4.77 ,0.00
2/21/1956, 4.77 ,0.00
2/22/1956, 4.77 ,0.00
2/23/1956, 4.77 ,0.00
2/24/1956, 4.77 ,0.00
2/25/1956, 4.77 ,0.00
2/26/1956, 4.77 ,0.00
2/27/1956, 4.77 ,0.00
2/28/1956, 4.77 ,0.00
2/29/1956, 4.77 ,0.00
3/1/1956, 4.77 ,0.00
3/2/1956, 4.77 ,0.00
3/3/1956, 4.77 ,0.00
3/4/1956, 4.77 ,0.00
3/5/1956, 4.77 ,0.00
3/6/1956, 4.77 ,0.00
3/7/1956, 4.77 ,0.00
3/8/1956, 4.77 ,0.00
3/9/1956, 4.77 ,0.00
3/10/1956, 4.77 ,0.00
3/11/1956, 4.77 ,0.00
3/12/1956, 4.77 ,0.00
3/13/1956, 4.77 ,0.00
3/14/1956, 4.77 ,0.00
3/15/1956, 4.77 ,0.00
3/16/1956, 4.77 ,0.00
3/17/1956, 4.77 ,0.00
3/18/1956, 4.77 ,0.00
3/19/1956, 4.77 ,0.00
3/20/1956, 4.77 ,0.00
3/21/1956, 4.77 ,0.00
3/22/1956, 4.77 ,0.00
3/23/1956, 4.77 ,0.00
3/24/1956, 4.77 ,0.00
3/25/1956, 4.77 ,0.00
3/26/1956, 4.77 ,0.00
3/27/1956, 4.77 ,0.00
3/28/1956, 4.77 ,0.00
3/29/1956, 4.77 ,0.00
3/30/1956, 4.77 ,0.00
3/31/1956, 4.77 ,0.00
4/1/1956, 4.77 ,0.00
4/2/1956, 4.77 ,0.00
4/3/1956, 4.77 ,0.00
4/4/1956, 4.77 ,0.00
4/5/1956, 4.77 ,0.00
4/6/1956, 4.77 ,0.00
4/7/1956, 4.77 ,0.00
4/8/1956, 4.77 ,0.00
4/9/1956, 4.77 ,0.00
4/10/1956, 4.77 ,0.00
4/11/1956, 4.77 ,0.00
4/12/1956, 4.77 ,0.00
4/13/1956, 4.77 ,0.00
4/14/1956, 4.77 ,0.00
4/15/1956, 4.77 ,0.00
4/16/1956, 4.77 ,0.00
4/17/1956, 4.77 ,0.00
4/18/1956, 4.77 ,0.00
4/19/1956, 4.77 ,0.00
4/20/1956, 4.77 ,0.00
4/21/1956, 4.77 ,0.00
4/22/1956, 4.77 ,0.00
4/23/1956, 4.77 ,0.00
4/24/1956, 4.77 ,0.00
4/25/1956, 4.77 ,0.00
4/26/1956, 4.77 ,0.00
4/27/1956, 4.77 ,0.00
4/28/1956, 4.77 ,0.00
4/29/1956, 4.77 ,0.00
4/30/1956, 4.77 ,0.00
5/1/1956, 4.77 ,0.00
5/2/1956, 4.77 ,0.00
5/3/1956, 4.77 ,0.00
5/4/1956, 4.77 ,0.00
5/5/1956, 4.77 ,0.00
5/6/1956, 4.77 ,0.00
5/7/1956, 4.77 ,0.00
5/8/1956, 4.77 ,0.00
5/9/1956, 4.77 ,0.00
5/10/1956, 4.77 ,0.00
5/11/1956, 4.77 ,0.00
5/12/1956, 4.77 ,0.00
5/13/1956, 4.77 ,0.00
5/14/1956, 4.77 ,0.00
5/15/1956, 4.77 ,0.00
5/16/1956, 4.77 ,0.00
5/17/1956, 4.77 ,0.00
5/18/1956, 4.77 ,0.00
5/19/1956, 4.77 ,0.00
5/20/1956, 4.77 ,0.00
5/21/1956, 4.77 ,0.00
5/22/1956, 4.77 ,0.00
5/23/1956, 4.77 ,0.00
5/24/1956, 4.77 ,0.00
5/25/1956, 4.77 ,0.00
5/26/1956, 4.77 ,0.00
5/27/1956, 4.77 ,0.00
5/28/1956, 4.77 ,0.00
5/29/1956, 4.77 ,0.00
5/30/1956, 4.77 ,0.00
5/31/1956, 4.77 ,0.00
6/1/1956, 4.77 ,0.00
6/2/1956, 4.77 ,0.00
6/3/1956, 4.77 ,0.00
6/4/1956, 4.77 ,0.00
6/5/1956, 4.77 ,0.00
6/6/1956, 4.77 ,0.00
6/7/1956, 4.77 ,0.00
6/8/1956, 4.77 ,0.00
6/9/1956, 4.77 ,0.00
6/10/1956, 4.77 ,0.00
6/11/1956, 4.77 ,0.00
6/12/1956, 4.77 ,0.00
6/13/1956, 4.77 ,0.00
6/14/1956, 4.77 ,0.00
6/15/1956, 4.77 ,0.00
6/16/1956, 4.77 ,0.00
6/17/1956, 4.77 ,0.00
6/18/1956, 4.77 ,0.00
6/19/1956, 4.77 ,0.00
6/20/1956, 4.77 ,0.00
6/21/1956, 4.77 ,0.00
6/22/1956, 4.77 ,0.00
6/23/1956, 4.77 ,0.00
6/24/1956, 4.77 ,0.00
6/25/1956, 4.77 ,0.00
6/26/1956, 4.77 ,0.00
6/27/1956, 4.77 ,0.00
6/28/1956, 4.77 ,0.00
6/29/1956, 4.77 ,0.00
6/30/1956, 4.77 ,0.00
7/1/1956, 4.77 ,0.00
7/2/1956, 4.77 ,0.00
7/3/1956, 4.77 ,0.00
7/4/1956, 4.77 ,0.00
7/5/1956, 4.77 ,0.00
7/6/1956, 4.77 ,0.00
7/7/1956, 4.77 ,0.00
7/8/1956, 4.77 ,0.00
7/9/1956, 4.77 ,0.00
7/10/1956, 4.77 ,0.00
7/11/1956, 4.77 ,0.00
7/12/1956, 4.77 ,0.00
7/13/1956, 4.77 ,0.00
7/14/1956, 4.77 ,0.00
7/15/1956, 4.77 ,0.00
7/16/1956, 4.77 ,0.00
7/17/1956, 4.77 ,0.00
7/18/1956, 4.77 ,0.00
7/19/1956, 4.77 ,0.00
7/20/1956, 4.77 ,0.00
7/21/1956, 4.77 ,0.00
7/22/1956, 4.77 ,0.00
7/23/1956, 4.77 ,0.00
7/24/1956, 4.77 ,0.00
7/25/1956, 4.77 ,0.00
7/26/1956, 4.77 ,0.00
7/27/1956, 4.77 ,0.00
7/28/1956, 4.77 ,0.00
7/29/1956, 4.77 ,0.00
7/30/1956, 4.77 ,0.00
7/31/1956, 4.77 ,0.00
8/1/1956, 4.77 ,0.00
8/2/1956, 4.77 ,0.00
8/3/1956, 4.77 ,0.00
8/4/1956, 4.77 ,0.00
8/5/1956, 4.77 ,0.00
8/6/1956, 4.77 ,0.00
8/7/1956, 4.77 ,0.00
8/8/1956, 4.77 ,0.00
8/9/1956, 4.77 ,0.00
8/10/1956, 4.77 ,0.00
8/11/1956, 4.77 ,0.00
8/12/1956, 4.77 ,0.00
8/13/1956, 4.77 ,0.00
8/14/1956, 4.77 ,0.00
8/15/1956, 4.77 ,0.00
8/16/1956, 4.77 ,0.00
8/17/1956, 4.77 ,0.00
8/18/1956, 4.77 ,0.00
8/19/1956, 4.77 ,0.00
8/20/1956, 4.77 ,0.00
8/21/1956, 4.77 ,0.00
8/22/1956, 4.77 ,0.00
8/23/1956, 4.77 ,0.00
8/24/1956, 4.77 ,0.00
8/25/1956, 4.77 ,0.00
8/26/1956, 4.77 ,0.00
8/27/1956, 4.77 ,0.00
8/28/1956, 4.77 ,0.00
8/29/1956, 4.77 ,0.00
8/30/1956, 4.77 ,0.00
8/31/1956, 4.77 ,0.00
9/1/1956, 4.77 ,0.00
9/2/1956, 4.77 ,0.00
9/3/1956, 4.77 ,0.00
9/4/1956, 4.77 ,0.00
9/5/1956, 4.77 ,0.00
9/6/1956, 4.77 ,0.00
9/7/1956, 4.77 ,0.00
9/8/1956, 4.77 ,0.00
9/9/1956, 4.77 ,0.00
9/10/1956, 4.77 ,0.00
9/11/1956, 4.77 ,0.00
9/12/1956, 4.77 ,0.00
9/13/1956, 4.77 ,0.00
9/14/1956, 4.77 ,0.00
9/15/1956, 4.77 ,0.00
9/16/1956, 4.77 ,0.00
9/17/1956, 4.77 ,0.00
9/18/1956, 4.77 ,0.00
9/19/1956, 4.77 ,0.00
9/20/1956, 4.77 ,0.00
9/21/1956, 4.77 ,0.00
9/22/1956, 4.77 ,0.00
9/23/1956, 4.77 ,0.00
9/24/1956, 4.77 ,0.00
9/25/1956, 4.77 ,0.00
9/26/1956, 4.77 ,0.00
9/27/1956, 4.77 ,0.00
9/28/1956, 4.77 ,0.00
9/29/1956, 4.77 ,0.00
9/30/1956, 4.77 ,0.00
10/1/1956, 4.77 ,0.00
10/2/1956, 4.77 ,0.00
10/3/1956, 4.77 ,0.00
10/4/1956, 4.77 ,0.00
10/5/1956, 4.77 ,0.00
10/6/1956, 4.77 ,0.00
10/7/1956, 4.77 ,0.00
10/8/1956, 4.77 ,0.00
10/9/1956, 4.77 ,0.00
10/10/1956, 4.77 ,0.00
10/11/1956, 4.77 ,0.00
10/12/1956, 4.77 ,0.00
10/13/1956, 4.77 ,0.00
10/14/1956, 4.77 ,0.00
10/15/1956, 4.77 ,0.00
10/16/1956, 4.77 ,0.00
10/17/1956, 4.77 ,0.00
10/18/1956, 4.77 ,0.00
10/19/1956, 4.77 ,0.00
10/20/1956, 4.77 ,0.00
10/21/1956, 4.77 ,0.00
10/22/1956, 4.77 ,0.00
10/23/1956, 4.77 ,0.00
10/24/1956, 4.77 ,0.00
10/25/1956, 4.77 ,0.00
10/26/1956, 4.77 ,0.00
10/27/1956, 4.77 ,0.00
10/28/1956, 4.77 ,0.00
10/29/1956, 4.77 ,0.00
10/30/1956, 4.77 ,0.00
10/31/1956, 4.77 ,0.00
11/1/1956, 4.77 ,0.00
11/2/1956, 4.77 ,0.00
11/3/1956, 4.77 ,0.00
11/4/1956, 4.77 ,0.00
11/5/1956, 4.77 ,0.00
11/6/1956, 4.77 ,0.00
11/7/1956, 4.77 ,0.00
11/8/1956, 4.77 ,0.00
11/9/1956, 4.77 ,0.00
11/10/1956, 4.77 ,0.00
11/11/1956, 4.77 ,0.00
11/12/1956, 4.77 ,0.00
11/13/1956, 4.77 ,0.00
11/14/1956, 4.77 ,0.00
11/15/1956, 4.77 ,0.00
11/16/1956, 4.77 ,0.00
11/17/1956, 4.77 ,0.00
11/18/1956, 4.77 ,0.00
11/19/1956, 4.77 ,0.00
11/20/1956, 4.77 ,0.00
11/21/1956, 4.77 ,0.00
11/22/1956, 4.77 ,0.00
11/23/1956, 4.77 ,0.00
11/24/1956, 4.77 ,0.00
11/25/1956, 4.77 ,0.00
11/26/1956, 4.77 ,0.00
11/27/1956, 4.77 ,0.00
11/28/1956, 4.77 ,0.00
11/29/1956, 4.77 ,0.00
11/30/1956, 4.77 ,0.00
12/1/1956, 4.77 ,0.00
12/2/1956, 4.77 ,0.00
12/3/1956, 4.77 ,0.00
12/4/1956, 4.77 ,0.00
12/5/1956, 4.77 ,0.00
12/6/1956, 4.77 ,0.00
12/7/1956, 4.77 ,0.00
12/8/1956, 4.77 ,0.00
12/9/1956, 4.77 ,0.00
12/10/1956, 4.77 ,0.00
12/11/1956, 4.77 ,0.00
12/12/1956, 4.77 ,0.00
12/13/1956, 4.77 ,0.00
12/14/1956, 4.77 ,0.00
12/15/1956, 4.77 ,0.00
12/16/1956, 4.77 ,0.00
12/17/1956, 4.77 ,0.00
12/18/1956, 4.77 ,0.00
12/19/1956, 4.77 ,0.00
12/20/1956, 4.77 ,0.00
12/21/1956, 4.77 ,0.00
12/22/1956, 4.77 ,0.00
12/23/1956, 4.77 ,0.00
12/24/1956, 4.77 ,0.00
12/25/1956, 4.77 ,0.00
12/26/1956, 4.77 ,0.00
12/27/1956, 4.77 ,0.00
12/28/1956, 4.77 ,0.00
12/29/1956, 4.77 ,0.00
12/30/1956, 4.77 ,0.00
12/31/1956, 4.77 ,0.00
1/1/1957, 4.77 ,0.00
1/2/1957, 4.77 ,0.00
1/3/1957, 4.77 ,0.00
1/4/1957, 4.77 ,0.00
1/5/1957, 4.77 ,0.00
1/6/1957, 4.77 ,0.00
1/7/1957, 4.77 ,0.00
1/8/1957, 4.77 ,0.00
1/9/1957, 4.77 ,0.00
1/10/1957, 4.77 ,0.00
1/11/1957, 4.77 ,0.00
1/12/1957, 4.77 ,0.00
1/13/1957, 4.77 ,0.00
1/14/1957, 4.77 ,0.00
1/15/1957, 4.77 ,0.00
1/16/1957, 4.77 ,0.00
1/17/1957, 4.77 ,0.00
1/18/1957, 4.77 ,0.00
1/19/1957, 4.77 ,0.00
1/20/1957, 4.77 ,0.00
1/21/1957, 4.77 ,0.00
1/22/1957, 4.77 ,0.00
1/23/1957, 4.77 ,0.00
1/24/1957, 4.77 ,0.00
1/25/1957, 4.77 ,0.00
1/26/1957, 4.77 ,0.00
1/27/1957, 4.77 ,0.00
1/28/1957, 4.77 ,0.00
1/29/1957, 4.77 ,0.00
1/30/1957, 4.77 ,0.00
1/31/1957, 4.77 ,0.00
2/1/1957, 4.77 ,0.00
2/2/1957, 4.77 ,0.00
2/3/1957, 4.77 ,0.00
2/4/1957, 4.77 ,0.00
2/5/1957, 4.77 ,0.00
2/6/1957, 4.77 ,0.00
2/7/1957, 4.77 ,0.00
2/8/1957, 4.77 ,0.00
2/9/1957, 4.77 ,0.00
2/10/1957, 4.77 ,0.00
2/11/1957, 4.77 ,0.00
2/12/1957, 4.77 ,0.00
2/13/1957, 4.77 ,0.00
2/14/1957, 4.77 ,0.00
2/15/1957, 4.77 ,0.00
2/16/1957, 4.77 ,0.00
2/17/1957, 4.77 ,0.00
2/18/1957, 4.77 ,0.00
2/19/1957, 4.77 ,0.00
2/20/1957, 4.77 ,0.00
2/21/1957, 4.77 ,0.00
2/22/1957, 4.77 ,0.00
2/23/1957, 4.77 ,0.00
2/24/1957, 4.77 ,0.00
2/25/1957, 4.77 ,0.00
2/26/1957, 4.77 ,0.00
2/27/1957, 4.77 ,0.00
2/28/1957, 4.77 ,0.00
3/1/1957, 4.77 ,0.00
3/2/1957, 4.77 ,0.00
3/3/1957, 4.77 ,0.00
3/4/1957, 4.77 ,0.00
3/5/1957, 4.77 ,0.00
3/6/1957, 4.77 ,0.00
3/7/1957, 4.77 ,0.00
3/8/1957, 4.77 ,0.00
3/9/1957, 4.77 ,0.00
3/10/1957, 4.77 ,0.00
3/11/1957, 4.77 ,0.00
3/12/1957, 4.77 ,0.00
3/13/1957, 4.77 ,0.00
3/14/1957, 4.77 ,0.00
3/15/1957, 4.77 ,0.00
3/16/1957, 4.77 ,0.00
3/17/1957, 4.77 ,0.00
3/18/1957, 4.77 ,0.00
3/19/1957, 4.77 ,0.00
3/20/1957, 4.77 ,0.00
3/21/1957, 4.77 ,0.00
3/22/1957, 4.77 ,0.00
3/23/1957, 4.77 ,0.00
3/24/1957, 4.77 ,0.00
3/25/1957, 4.77 ,0.00
3/26/1957, 4.77 ,0.00
3/27/1957, 4.77 ,0.00
3/28/1957, 4.77 ,0.00
3/29/1957, 4.77 ,0.00
3/30/1957, 4.77 ,0.00
3/31/1957, 4.77 ,0.00
4/1/1957, 4.77 ,0.00
4/2/1957, 4.77 ,0.00
4/3/1957, 4.77 ,0.00
4/4/1957, 4.77 ,0.00
4/5/1957, 4.77 ,0.00
4/6/1957, 4.77 ,0.00
4/7/1957, 4.77 ,0.00
4/8/1957, 4.77 ,0.00
4/9/1957, 4.77 ,0.00
4/10/1957, 4.77 ,0.00
4/11/1957, 4.77 ,0.00
4/12/1957, 4.77 ,0.00
4/13/1957, 4.77 ,0.00
4/14/1957, 4.77 ,0.00
4/15/1957, 4.77 ,0.00
4/16/1957, 4.77 ,0.00
4/17/1957, 4.77 ,0.00
4/18/1957, 4.77 ,0.00
4/19/1957, 4.77 ,0.00
4/20/1957, 4.77 ,0.00
4/21/1957, 4.77 ,0.00
4/22/1957, 4.77 ,0.00
4/23/1957, 4.77 ,0.00
4/24/1957, 4.77 ,0.00
4/25/1957, 4.77 ,0.00
4/26/1957, 4.77 ,0.00
4/27/1957, 4.77 ,0.00
4/28/1957, 4.77 ,0.00
4/29/1957, 4.77 ,0.00
4/30/1957, 4.77 ,0.00
5/1/1957, 4.77 ,0.00
5/2/1957, 4.77 ,0.00
5/3/1957, 4.77 ,0.00
5/4/1957, 4.77 ,0.00
5/5/1957, 4.77 ,0.00
5/6/1957, 4.77 ,0.00
5/7/1957, 4.77 ,0.00
5/8/1957, 4.77 ,0.00
5/9/1957, 4.77 ,0.00
5/10/1957, 4.77 ,0.00
5/11/1957, 4.77 ,0.00
5/12/1957, 4.77 ,0.00
5/13/1957, 4.77 ,0.00
5/14/1957, 4.77 ,0.00
5/15/1957, 4.77 ,0.00
5/16/1957, 4.77 ,0.00
5/17/1957, 4.77 ,0.00
5/18/1957, 4.77 ,0.00
5/19/1957, 4.77 ,0.00
5/20/1957, 4.77 ,0.00
5/21/1957, 4.77 ,0.00
5/22/1957, 4.77 ,0.00
5/23/1957, 4.77 ,0.00
5/24/1957, 4.77 ,0.00
5/25/1957, 4.77 ,0.00
5/26/1957, 4.77 ,0.00
5/27/1957, 4.77 ,0.00
5/28/1957, 4.77 ,0.00
5/29/1957, 4.77 ,0.00
5/30/1957, 4.77 ,0.00
5/31/1957, 4.77 ,0.00
6/1/1957, 4.77 ,0.00
6/2/1957, 4.77 ,0.00
6/3/1957, 4.77 ,0.00
6/4/1957, 4.77 ,0.00
6/5/1957, 4.77 ,0.00
6/6/1957, 4.77 ,0.00
6/7/1957, 4.77 ,0.00
6/8/1957, 4.77 ,0.00
6/9/1957, 4.77 ,0.00
6/10/1957, 4.77 ,0.00
6/11/1957, 4.77 ,0.00
6/12/1957, 4.77 ,0.00
6/13/1957, 4.77 ,0.00
6/14/1957, 4.77 ,0.00
6/15/1957, 4.77 ,0.00
6/16/1957, 4.77 ,0.00
6/17/1957, 4.77 ,0.00
6/18/1957, 4.77 ,0.00
6/19/1957, 4.77 ,0.00
6/20/1957, 4.77 ,0.00
6/21/1957, 4.77 ,0.00
6/22/1957, 4.77 ,0.00
6/23/1957, 4.77 ,0.00
6/24/1957, 4.77 ,0.00
6/25/1957, 4.77 ,0.00
6/26/1957, 4.77 ,0.00
6/27/1957, 4.77 ,0.00
6/28/1957, 4.77 ,0.00
6/29/1957, 4.77 ,0.00
6/30/1957, 4.77 ,0.00
7/1/1957, 4.77 ,0.00
7/2/1957, 4.77 ,0.00
7/3/1957, 4.77 ,0.00
7/4/1957, 4.77 ,0.00
7/5/1957, 4.77 ,0.00
7/6/1957, 4.77 ,0.00
7/7/1957, 4.77 ,0.00
7/8/1957, 4.77 ,0.00
7/9/1957, 4.77 ,0.00
7/10/1957, 4.77 ,0.00
7/11/1957, 4.77 ,0.00
7/12/1957, 4.77 ,0.00
7/13/1957, 4.77 ,0.00
7/14/1957, 4.77 ,0.00
7/15/1957, 4.77 ,0.00
7/16/1957, 4.77 ,0.00
7/17/1957, 4.77 ,0.00
7/18/1957, 4.77 ,0.00
7/19/1957, 4.77 ,0.00
7/20/1957, 4.77 ,0.00
7/21/1957, 4.77 ,0.00
7/22/1957, 4.77 ,0.00
7/23/1957, 4.77 ,0.00
7/24/1957, 4.77 ,0.00
7/25/1957, 4.77 ,0.00
7/26/1957, 4.77 ,0.00
7/27/1957, 4.77 ,0.00
7/28/1957, 4.77 ,0.00
7/29/1957, 4.77 ,0.00
7/30/1957, 4.77 ,0.00
7/31/1957, 4.77 ,0.00
8/1/1957, 4.77 ,0.00
8/2/1957, 4.77 ,0.00
8/3/1957, 4.77 ,0.00
8/4/1957, 4.77 ,0.00
8/5/1957, 4.77 ,0.00
8/6/1957, 4.77 ,0.00
8/7/1957, 4.77 ,0.00
8/8/1957, 4.77 ,0.00
8/9/1957, 4.77 ,0.00
8/10/1957, 4.77 ,0.00
8/11/1957, 4.77 ,0.00
8/12/1957, 4.77 ,0.00
8/13/1957, 4.77 ,0.00
8/14/1957, 4.77 ,0.00
8/15/1957, 4.77 ,0.00
8/16/1957, 4.77 ,0.00
8/17/1957, 4.77 ,0.00
8/18/1957, 4.77 ,0.00
8/19/1957, 4.77 ,0.00
8/20/1957, 4.77 ,0.00
8/21/1957, 4.77 ,0.00
8/22/1957, 4.77 ,0.00
8/23/1957, 4.77 ,0.00
8/24/1957, 4.77 ,0.00
8/25/1957, 4.77 ,0.00
8/26/1957, 4.77 ,0.00
8/27/1957, 4.77 ,0.00
8/28/1957, 4.77 ,0.00
8/29/1957, 4.77 ,0.00
8/30/1957, 4.77 ,0.00
8/31/1957, 4.77 ,0.00
9/1/1957, 4.77 ,0.00
9/2/1957, 4.77 ,0.00
9/3/1957, 4.77 ,0.00
9/4/1957, 4.77 ,0.00
9/5/1957, 4.77 ,0.00
9/6/1957, 4.77 ,0.00
9/7/1957, 4.77 ,0.00
9/8/1957, 4.77 ,0.00
9/9/1957, 4.77 ,0.00
9/10/1957, 4.77 ,0.00
9/11/1957, 4.77 ,0.00
9/12/1957, 4.77 ,0.00
9/13/1957, 4.77 ,0.00
9/14/1957, 4.77 ,0.00
9/15/1957, 4.77 ,0.00
9/16/1957, 4.77 ,0.00
9/17/1957, 4.77 ,0.00
9/18/1957, 4.77 ,0.00
9/19/1957, 4.77 ,0.00
9/20/1957, 4.77 ,0.00
9/21/1957, 4.77 ,0.00
9/22/1957, 4.77 ,0.00
9/23/1957, 4.77 ,0.00
9/24/1957, 4.77 ,0.00
9/25/1957, 4.77 ,0.00
9/26/1957, 4.77 ,0.00
9/27/1957, 4.77 ,0.00
9/28/1957, 4.77 ,0.00
9/29/1957, 4.77 ,0.00
9/30/1957, 4.77 ,0.00
10/1/1957, 4.77 ,0.00
10/2/1957, 4.77 ,0.00
10/3/1957, 4.77 ,0.00
10/4/1957, 4.77 ,0.00
10/5/1957, 4.77 ,0.00
10/6/1957, 4.77 ,0.00
10/7/1957, 4.77 ,0.00
10/8/1957, 4.77 ,0.00
10/9/1957, 4.77 ,0.00
10/10/1957, 4.77 ,0.00
10/11/1957, 4.77 ,0.00
10/12/1957, 4.77 ,0.00
10/13/1957, 4.77 ,0.00
10/14/1957, 4.77 ,0.00
10/15/1957, 4.77 ,0.00
10/16/1957, 4.77 ,0.00
10/17/1957, 4.77 ,0.00
10/18/1957, 4.77 ,0.00
10/19/1957, 4.77 ,0.00
10/20/1957, 4.77 ,0.00
10/21/1957, 4.77 ,0.00
10/22/1957, 4.77 ,0.00
10/23/1957, 4.77 ,0.00
10/24/1957, 4.77 ,0.00
10/25/1957, 4.77 ,0.00
10/26/1957, 4.77 ,0.00
10/27/1957, 4.77 ,0.00
10/28/1957, 4.77 ,0.00
10/29/1957, 4.77 ,0.00
10/30/1957, 4.77 ,0.00
10/31/1957, 4.77 ,0.00
11/1/1957, 4.77 ,0.00
11/2/1957, 4.77 ,0.00
11/3/1957, 4.77 ,0.00
11/4/1957, 4.77 ,0.00
11/5/1957, 4.77 ,0.00
11/6/1957, 4.77 ,0.00
11/7/1957, 4.77 ,0.00
11/8/1957, 4.77 ,0.00
11/9/1957, 4.77 ,0.00
11/10/1957, 4.77 ,0.00
11/11/1957, 4.77 ,0.00
11/12/1957, 4.77 ,0.00
11/13/1957, 4.77 ,0.00
11/14/1957, 4.77 ,0.00
11/15/1957, 4.77 ,0.00
11/16/1957, 4.77 ,0.00
11/17/1957, 4.77 ,0.00
11/18/1957, 4.77 ,0.00
11/19/1957, 4.77 ,0.00
11/20/1957, 4.77 ,0.00
11/21/1957, 4.77 ,0.00
11/22/1957, 4.77 ,0.00
11/23/1957, 4.77 ,0.00
11/24/1957, 4.77 ,0.00
11/25/1957, 4.77 ,0.00
11/26/1957, 4.77 ,0.00
11/27/1957, 4.77 ,0.00
11/28/1957, 4.77 ,0.00
11/29/1957, 4.77 ,0.00
11/30/1957, 4.77 ,0.00
12/1/1957, 4.77 ,0.00
12/2/1957, 4.77 ,0.00
12/3/1957, 4.77 ,0.00
12/4/1957, 4.77 ,0.00
12/5/1957, 4.77 ,0.00
12/6/1957, 4.77 ,0.00
12/7/1957, 4.77 ,0.00
12/8/1957, 4.77 ,0.00
12/9/1957, 4.77 ,0.00
12/10/1957, 4.77 ,0.00
12/11/1957, 4.77 ,0.00
12/12/1957, 4.77 ,0.00
12/13/1957, 4.77 ,0.00
12/14/1957, 4.77 ,0.00
12/15/1957, 4.77 ,0.00
12/16/1957, 4.77 ,0.00
12/17/1957, 4.77 ,0.00
12/18/1957, 4.77 ,0.00
12/19/1957, 4.77 ,0.00
12/20/1957, 4.77 ,0.00
12/21/1957, 4.77 ,0.00
12/22/1957, 4.77 ,0.00
12/23/1957, 4.77 ,0.00
12/24/1957, 4.77 ,0.00
12/25/1957, 4.77 ,0.00
12/26/1957, 4.77 ,0.00
12/27/1957, 4.77 ,0.00
12/28/1957, 4.77 ,0.00
12/29/1957, 4.77 ,0.00
12/30/1957, 4.77 ,0.00
12/31/1957, 4.77 ,0.00
1/1/1958, 4.77 ,0.00
1/2/1958, 4.77 ,0.00
1/3/1958, 4.77 ,0.00
1/4/1958, 4.77 ,0.00
1/5/1958, 4.77 ,0.00
1/6/1958, 4.77 ,0.00
1/7/1958, 4.77 ,0.00
1/8/1958, 4.77 ,0.00
1/9/1958, 4.77 ,0.00
1/10/1958, 4.77 ,0.00
1/11/1958, 4.77 ,0.00
1/12/1958, 4.77 ,0.00
1/13/1958, 4.77 ,0.00
1/14/1958, 4.77 ,0.00
1/15/1958, 4.77 ,0.00
1/16/1958, 4.77 ,0.00
1/17/1958, 4.77 ,0.00
1/18/1958, 4.77 ,0.00
1/19/1958, 4.77 ,0.00
1/20/1958, 4.77 ,0.00
1/21/1958, 4.77 ,0.00
1/22/1958, 4.77 ,0.00
1/23/1958, 4.77 ,0.00
1/24/1958, 4.77 ,0.00
1/25/1958, 4.77 ,0.00
1/26/1958, 4.77 ,0.00
1/27/1958, 4.77 ,0.00
1/28/1958, 4.77 ,0.00
1/29/1958, 4.77 ,0.00
1/30/1958, 4.77 ,0.00
1/31/1958, 4.77 ,0.00
2/1/1958, 4.77 ,0.00
2/2/1958, 4.77 ,0.00
2/3/1958, 4.77 ,0.00
2/4/1958, 4.77 ,0.00
2/5/1958, 4.77 ,0.00
2/6/1958, 4.77 ,0.00
2/7/1958, 4.77 ,0.00
2/8/1958, 4.77 ,0.00
2/9/1958, 4.77 ,0.00
2/10/1958, 4.77 ,0.00
2/11/1958, 4.77 ,0.00
2/12/1958, 4.77 ,0.00
2/13/1958, 4.77 ,0.00
2/14/1958, 4.77 ,0.00
2/15/1958, 4.77 ,0.00
2/16/1958, 4.77 ,0.00
2/17/1958, 4.77 ,0.00
2/18/1958, 4.77 ,0.00
2/19/1958, 4.77 ,0.00
2/20/1958, 4.77 ,0.00
2/21/1958, 4.77 ,0.00
2/22/1958, 4.77 ,0.00
2/23/1958, 4.77 ,0.00
2/24/1958, 4.77 ,0.00
2/25/1958, 4.77 ,0.00
2/26/1958, 4.77 ,0.00
2/27/1958, 4.77 ,0.00
2/28/1958, 4.77 ,0.00
3/1/1958, 4.77 ,0.00
3/2/1958, 4.77 ,0.00
3/3/1958, 4.77 ,0.00
3/4/1958, 4.77 ,0.00
3/5/1958, 4.77 ,0.00
3/6/1958, 4.77 ,0.00
3/7/1958, 4.77 ,0.00
3/8/1958, 4.77 ,0.00
3/9/1958, 4.77 ,0.00
3/10/1958, 4.77 ,0.00
3/11/1958, 4.77 ,0.00
3/12/1958, 4.77 ,0.00
3/13/1958, 4.77 ,0.00
3/14/1958, 4.77 ,0.00
3/15/1958, 4.77 ,0.00
3/16/1958, 4.77 ,0.00
3/17/1958, 4.77 ,0.00
3/18/1958, 4.77 ,0.00
3/19/1958, 4.77 ,0.00
3/20/1958, 4.77 ,0.00
3/21/1958, 4.77 ,0.00
3/22/1958, 4.77 ,0.00
3/23/1958, 4.77 ,0.00
3/24/1958, 4.77 ,0.00
3/25/1958, 4.77 ,0.00
3/26/1958, 4.77 ,0.00
3/27/1958, 4.77 ,0.00
3/28/1958, 4.77 ,0.00
3/29/1958, 4.77 ,0.00
3/30/1958, 4.77 ,0.00
3/31/1958, 4.77 ,0.00
4/1/1958, 4.77 ,0.00
4/2/1958, 4.77 ,0.00
4/3/1958, 4.77 ,0.00
4/4/1958, 4.77 ,0.00
4/5/1958, 4.77 ,0.00
4/6/1958, 4.77 ,0.00
4/7/1958, 4.77 ,0.00
4/8/1958, 4.77 ,0.00
4/9/1958, 4.77 ,0.00
4/10/1958, 4.77 ,0.00
4/11/1958, 4.77 ,0.00
4/12/1958, 4.77 ,0.00
4/13/1958, 4.77 ,0.00
4/14/1958, 4.77 ,0.00
4/15/1958, 4.77 ,0.00
4/16/1958, 4.77 ,0.00
4/17/1958, 4.77 ,0.00
4/18/1958, 4.77 ,0.00
4/19/1958, 4.77 ,0.00
4/20/1958, 4.77 ,0.00
4/21/1958, 4.77 ,0.00
4/22/1958, 4.77 ,0.00
4/23/1958, 4.77 ,0.00
4/24/1958, 4.77 ,0.00
4/25/1958, 4.77 ,0.00
4/26/1958, 4.77 ,0.00
4/27/1958, 4.77 ,0.00
4/28/1958, 4.77 ,0.00
4/29/1958, 4.77 ,0.00
4/30/1958, 4.77 ,0.00
5/1/1958, 4.77 ,0.00
5/2/1958, 4.77 ,0.00
5/3/1958, 4.77 ,0.00
5/4/1958, 4.77 ,0.00
5/5/1958, 4.77 ,0.00
5/6/1958, 4.77 ,0.00
5/7/1958, 4.77 ,0.00
5/8/1958, 4.77 ,0.00
5/9/1958, 4.77 ,0.00
5/10/1958, 4.77 ,0.00
5/11/1958, 4.77 ,0.00
5/12/1958, 4.77 ,0.00
5/13/1958, 4.77 ,0.00
5/14/1958, 4.77 ,0.00
5/15/1958, 4.77 ,0.00
5/16/1958, 4.77 ,0.00
5/17/1958, 4.77 ,0.00
5/18/1958, 4.77 ,0.00
5/19/1958, 4.77 ,0.00
5/20/1958, 4.77 ,0.00
5/21/1958, 4.77 ,0.00
5/22/1958, 4.77 ,0.00
5/23/1958, 4.77 ,0.00
5/24/1958, 4.77 ,0.00
5/25/1958, 4.77 ,0.00
5/26/1958, 4.77 ,0.00
5/27/1958, 4.77 ,0.00
5/28/1958, 4.77 ,0.00
5/29/1958, 4.77 ,0.00
5/30/1958, 4.77 ,0.00
5/31/1958, 4.77 ,0.00
6/1/1958, 4.77 ,0.00
6/2/1958, 4.77 ,0.00
6/3/1958, 4.77 ,0.00
6/4/1958, 4.77 ,0.00
6/5/1958, 4.77 ,0.00
6/6/1958, 4.77 ,0.00
6/7/1958, 4.77 ,0.00
6/8/1958, 4.77 ,0.00
6/9/1958, 4.77 ,0.00
6/10/1958, 4.77 ,0.00
6/11/1958, 4.77 ,0.00
6/12/1958, 4.77 ,0.00
6/13/1958, 4.77 ,0.00
6/14/1958, 4.77 ,0.00
6/15/1958, 4.77 ,0.00
6/16/1958, 4.77 ,0.00
6/17/1958, 4.77 ,0.00
6/18/1958, 4.77 ,0.00
6/19/1958, 4.77 ,0.00
6/20/1958, 4.77 ,0.00
6/21/1958, 4.77 ,0.00
6/22/1958, 4.77 ,0.00
6/23/1958, 4.77 ,0.00
6/24/1958, 4.77 ,0.00
6/25/1958, 4.77 ,0.00
6/26/1958, 4.77 ,0.00
6/27/1958, 4.77 ,0.00
6/28/1958, 4.77 ,0.00
6/29/1958, 4.77 ,0.00
6/30/1958, 4.77 ,0.00
7/1/1958, 4.77 ,0.00
7/2/1958, 4.77 ,0.00
7/3/1958, 4.77 ,0.00
7/4/1958, 4.77 ,0.00
7/5/1958, 4.77 ,0.00
7/6/1958, 4.77 ,0.00
7/7/1958, 4.77 ,0.00
7/8/1958, 4.77 ,0.00
7/9/1958, 4.77 ,0.00
7/10/1958, 4.77 ,0.00
7/11/1958, 4.77 ,0.00
7/12/1958, 4.77 ,0.00
7/13/1958, 4.77 ,0.00
7/14/1958, 4.77 ,0.00
7/15/1958, 4.77 ,0.00
7/16/1958, 4.77 ,0.00
7/17/1958, 4.77 ,0.00
7/18/1958, 4.77 ,0.00
7/19/1958, 4.77 ,0.00
7/20/1958, 4.77 ,0.00
7/21/1958, 4.77 ,0.00
7/22/1958, 4.77 ,0.00
7/23/1958, 4.77 ,0.00
7/24/1958, 4.77 ,0.00
7/25/1958, 4.77 ,0.00
7/26/1958, 4.77 ,0.00
7/27/1958, 4.77 ,0.00
7/28/1958, 4.77 ,0.00
7/29/1958, 4.77 ,0.00
7/30/1958, 4.77 ,0.00
7/31/1958, 4.77 ,0.00
8/1/1958, 4.77 ,0.00
8/2/1958, 4.77 ,0.00
8/3/1958, 4.77 ,0.00
8/4/1958, 4.77 ,0.00
8/5/1958, 4.77 ,0.00
8/6/1958, 4.77 ,0.00
8/7/1958, 4.77 ,0.00
8/8/1958, 4.77 ,0.00
8/9/1958, 4.77 ,0.00
8/10/1958, 4.77 ,0.00
8/11/1958, 4.77 ,0.00
8/12/1958, 4.77 ,0.00
8/13/1958, 4.77 ,0.00
8/14/1958, 4.77 ,0.00
8/15/1958, 4.77 ,0.00
8/16/1958, 4.77 ,0.00
8/17/1958, 4.77 ,0.00
8/18/1958, 4.77 ,0.00
8/19/1958, 4.77 ,0.00
8/20/1958, 4.77 ,0.00
8/21/1958, 4.77 ,0.00
8/22/1958, 4.77 ,0.00
8/23/1958, 4.77 ,0.00
8/24/1958, 4.77 ,0.00
8/25/1958, 4.77 ,0.00
8/26/1958, 4.77 ,0.00
8/27/1958, 4.77 ,0.00
8/28/1958, 4.77 ,0.00
8/29/1958, 4.77 ,0.00
8/30/1958, 4.77 ,0.00
8/31/1958, 4.77 ,0.00
9/1/1958, 4.77 ,0.00
9/2/1958, 4.77 ,0.00
9/3/1958, 4.77 ,0.00
9/4/1958, 4.77 ,0.00
9/5/1958, 4.77 ,0.00
9/6/1958, 4.77 ,0.00
9/7/1958, 4.77 ,0.00
9/8/1958, 4.77 ,0.00
9/9/1958, 4.77 ,0.00
9/10/1958, 4.77 ,0.00
9/11/1958, 4.77 ,0.00
9/12/1958, 4.77 ,0.00
9/13/1958, 4.77 ,0.00
9/14/1958, 4.77 ,0.00
9/15/1958, 4.77 ,0.00
9/16/1958, 4.77 ,0.00
9/17/1958, 4.77 ,0.00
9/18/1958, 4.77 ,0.00
9/19/1958, 4.77 ,0.00
9/20/1958, 4.77 ,0.00
9/21/1958, 4.77 ,0.00
9/22/1958, 4.77 ,0.00
9/23/1958, 4.77 ,0.00
9/24/1958, 4.77 ,0.00
9/25/1958, 4.77 ,0.00
9/26/1958, 4.77 ,0.00
9/27/1958, 4.77 ,0.00
9/28/1958, 4.77 ,0.00
9/29/1958, 4.77 ,0.00
9/30/1958, 4.77 ,0.00
10/1/1958, 4.77 ,0.00
10/2/1958, 4.77 ,0.00
10/3/1958, 4.77 ,0.00
10/4/1958, 4.77 ,0.00
10/5/1958, 4.77 ,0.00
10/6/1958, 4.77 ,0.00
10/7/1958, 4.77 ,0.00
10/8/1958, 4.77 ,0.00
10/9/1958, 4.77 ,0.00
10/10/1958, 4.77 ,0.00
10/11/1958, 4.77 ,0.00
10/12/1958, 4.77 ,0.00
10/13/1958, 4.77 ,0.00
10/14/1958, 4.77 ,0.00
10/15/1958, 4.77 ,0.00
10/16/1958, 4.77 ,0.00
10/17/1958, 4.77 ,0.00
10/18/1958, 4.77 ,0.00
10/19/1958, 4.77 ,0.00
10/20/1958, 4.77 ,0.00
10/21/1958, 4.77 ,0.00
10/22/1958, 4.77 ,0.00
10/23/1958, 4.77 ,0.00
10/24/1958, 4.77 ,0.00
10/25/1958, 4.77 ,0.00
10/26/1958, 4.77 ,0.00
10/27/1958, 4.77 ,0.00
10/28/1958, 4.77 ,0.00
10/29/1958, 4.77 ,0.00
10/30/1958, 4.77 ,0.00
10/31/1958, 4.77 ,0.00
11/1/1958, 4.77 ,0.00
11/2/1958, 4.77 ,0.00
11/3/1958, 4.77 ,0.00
11/4/1958, 4.77 ,0.00
11/5/1958, 4.77 ,0.00
11/6/1958, 4.77 ,0.00
11/7/1958, 4.77 ,0.00
11/8/1958, 4.77 ,0.00
11/9/1958, 4.77 ,0.00
11/10/1958, 4.77 ,0.00
11/11/1958, 4.77 ,0.00
11/12/1958, 4.77 ,0.00
11/13/1958, 4.77 ,0.00
11/14/1958, 4.77 ,0.00
11/15/1958, 4.77 ,0.00
11/16/1958, 4.77 ,0.00
11/17/1958, 4.77 ,0.00
11/18/1958, 4.77 ,0.00
11/19/1958, 4.77 ,0.00
11/20/1958, 4.77 ,0.00
11/21/1958, 4.77 ,0.00
11/22/1958, 4.77 ,0.00
11/23/1958, 4.77 ,0.00
11/24/1958, 4.77 ,0.00
11/25/1958, 4.77 ,0.00
11/26/1958, 4.77 ,0.00
11/27/1958, 4.77 ,0.00
11/28/1958, 4.77 ,0.00
11/29/1958, 4.77 ,0.00
11/30/1958, 4.77 ,0.00
12/1/1958, 4.77 ,0.00
12/2/1958, 4.77 ,0.00
12/3/1958, 4.77 ,0.00
12/4/1958, 4.77 ,0.00
12/5/1958, 4.77 ,0.00
12/6/1958, 4.77 ,0.00
12/7/1958, 4.77 ,0.00
12/8/1958, 4.77 ,0.00
12/9/1958, 4.77 ,0.00
12/10/1958, 4.77 ,0.00
12/11/1958, 4.77 ,0.00
12/12/1958, 4.77 ,0.00
12/13/1958, 4.77 ,0.00
12/14/1958, 4.77 ,0.00
12/15/1958, 4.77 ,0.00
12/16/1958, 4.77 ,0.00
12/17/1958, 4.77 ,0.00
12/18/1958, 4.77 ,0.00
12/19/1958, 4.77 ,0.00
12/20/1958, 4.77 ,0.00
12/21/1958, 4.77 ,0.00
12/22/1958, 4.77 ,0.00
12/23/1958, 4.77 ,0.00
12/24/1958, 4.77 ,0.00
12/25/1958, 4.77 ,0.00
12/26/1958, 4.77 ,0.00
12/27/1958, 4.77 ,0.00
12/28/1958, 4.77 ,0.00
12/29/1958, 4.77 ,0.00
12/30/1958, 4.77 ,0.00
12/31/1958, 4.77 ,0.00
1/1/1959, 4.77 ,0.00
1/2/1959, 4.77 ,0.00
1/3/1959, 4.77 ,0.00
1/4/1959, 4.77 ,0.00
1/5/1959, 4.77 ,0.00
1/6/1959, 4.77 ,0.00
1/7/1959, 4.77 ,0.00
1/8/1959, 4.77 ,0.00
1/9/1959, 4.77 ,0.00
1/10/1959, 4.77 ,0.00
1/11/1959, 4.77 ,0.00
1/12/1959, 4.77 ,0.00
1/13/1959, 4.77 ,0.00
1/14/1959, 4.77 ,0.00
1/15/1959, 4.77 ,0.00
1/16/1959, 4.77 ,0.00
1/17/1959, 4.77 ,0.00
1/18/1959, 4.77 ,0.00
1/19/1959, 4.77 ,0.00
1/20/1959, 4.77 ,0.00
1/21/1959, 4.77 ,0.00
1/22/1959, 4.77 ,0.00
1/23/1959, 4.77 ,0.00
1/24/1959, 4.77 ,0.00
1/25/1959, 4.77 ,0.00
1/26/1959, 4.77 ,0.00
1/27/1959, 4.77 ,0.00
1/28/1959, 4.77 ,0.00
1/29/1959, 4.77 ,0.00
1/30/1959, 4.77 ,0.00
1/31/1959, 4.77 ,0.00
2/1/1959, 4.77 ,0.00
2/2/1959, 4.77 ,0.00
2/3/1959, 4.77 ,0.00
2/4/1959, 4.77 ,0.00
2/5/1959, 4.77 ,0.00
2/6/1959, 4.77 ,0.00
2/7/1959, 4.77 ,0.00
2/8/1959, 4.77 ,0.00
2/9/1959, 4.77 ,0.00
2/10/1959, 4.77 ,0.00
2/11/1959, 4.77 ,0.00
2/12/1959, 4.77 ,0.00
2/13/1959, 4.77 ,0.00
2/14/1959, 4.77 ,0.00
2/15/1959, 4.77 ,0.00
2/16/1959, 4.77 ,0.00
2/17/1959, 4.77 ,0.00
2/18/1959, 4.77 ,0.00
2/19/1959, 4.77 ,0.00
2/20/1959, 4.77 ,0.00
2/21/1959, 4.77 ,0.00
2/22/1959, 4.77 ,0.00
2/23/1959, 4.77 ,0.00
2/24/1959, 4.77 ,0.00
2/25/1959, 4.77 ,0.00
2/26/1959, 4.77 ,0.00
2/27/1959, 4.77 ,0.00
2/28/1959, 4.77 ,0.00
3/1/1959, 4.77 ,0.00
3/2/1959, 4.77 ,0.00
3/3/1959, 4.77 ,0.00
3/4/1959, 4.77 ,0.00
3/5/1959, 4.77 ,0.00
3/6/1959, 4.77 ,0.00
3/7/1959, 4.77 ,0.00
3/8/1959, 4.77 ,0.00
3/9/1959, 4.77 ,0.00
3/10/1959, 4.77 ,0.00
3/11/1959, 4.77 ,0.00
3/12/1959, 4.77 ,0.00
3/13/1959, 4.77 ,0.00
3/14/1959, 4.77 ,0.00
3/15/1959, 4.77 ,0.00
3/16/1959, 4.77 ,0.00
3/17/1959, 4.77 ,0.00
3/18/1959, 4.77 ,0.00
3/19/1959, 4.77 ,0.00
3/20/1959, 4.77 ,0.00
3/21/1959, 4.77 ,0.00
3/22/1959, 4.77 ,0.00
3/23/1959, 4.77 ,0.00
3/24/1959, 4.77 ,0.00
3/25/1959, 4.77 ,0.00
3/26/1959, 4.77 ,0.00
3/27/1959, 4.77 ,0.00
3/28/1959, 4.77 ,0.00
3/29/1959, 4.77 ,0.00
3/30/1959, 4.77 ,0.00
3/31/1959, 4.77 ,0.00
4/1/1959, 4.77 ,0.00
4/2/1959, 4.77 ,0.00
4/3/1959, 4.77 ,0.00
4/4/1959, 4.77 ,0.00
4/5/1959, 4.77 ,0.00
4/6/1959, 4.77 ,0.00
4/7/1959, 4.77 ,0.00
4/8/1959, 4.77 ,0.00
4/9/1959, 4.77 ,0.00
4/10/1959, 4.77 ,0.00
4/11/1959, 4.77 ,0.00
4/12/1959, 4.77 ,0.00
4/13/1959, 4.77 ,0.00
4/14/1959, 4.77 ,0.00
4/15/1959, 4.77 ,0.00
4/16/1959, 4.77 ,0.00
4/17/1959, 4.77 ,0.00
4/18/1959, 4.77 ,0.00
4/19/1959, 4.77 ,0.00
4/20/1959, 4.77 ,0.00
4/21/1959, 4.77 ,0.00
4/22/1959, 4.77 ,0.00
4/23/1959, 4.77 ,0.00
4/24/1959, 4.77 ,0.00
4/25/1959, 4.77 ,0.00
4/26/1959, 4.77 ,0.00
4/27/1959, 4.77 ,0.00
4/28/1959, 4.77 ,0.00
4/29/1959, 4.77 ,0.00
4/30/1959, 4.77 ,0.00
5/1/1959, 4.77 ,0.00
5/2/1959, 4.77 ,0.00
5/3/1959, 4.77 ,0.00
5/4/1959, 4.77 ,0.00
5/5/1959, 4.77 ,0.00
5/6/1959, 4.77 ,0.00
5/7/1959, 4.77 ,0.00
5/8/1959, 4.77 ,0.00
5/9/1959, 4.77 ,0.00
5/10/1959, 4.77 ,0.00
5/11/1959, 4.77 ,0.00
5/12/1959, 4.77 ,0.00
5/13/1959, 4.77 ,0.00
5/14/1959, 4.77 ,0.00
5/15/1959, 4.77 ,0.00
5/16/1959, 4.77 ,0.00
5/17/1959, 4.77 ,0.00
5/18/1959, 4.77 ,0.00
5/19/1959, 4.77 ,0.00
5/20/1959, 4.77 ,0.00
5/21/1959, 4.77 ,0.00
5/22/1959, 4.77 ,0.00
5/23/1959, 4.77 ,0.00
5/24/1959, 4.77 ,0.00
5/25/1959, 4.77 ,0.00
5/26/1959, 4.77 ,0.00
5/27/1959, 4.77 ,0.00
5/28/1959, 4.77 ,0.00
5/29/1959, 4.77 ,0.00
5/30/1959, 4.77 ,0.00
5/31/1959, 4.77 ,0.00
6/1/1959, 4.77 ,0.00
6/2/1959, 4.77 ,0.00
6/3/1959, 4.77 ,0.00
6/4/1959, 4.77 ,0.00
6/5/1959, 4.77 ,0.00
6/6/1959, 4.77 ,0.00
6/7/1959, 4.77 ,0.00
6/8/1959, 4.77 ,0.00
6/9/1959, 4.77 ,0.00
6/10/1959, 4.77 ,0.00
6/11/1959, 4.77 ,0.00
6/12/1959, 4.77 ,0.00
6/13/1959, 4.77 ,0.00
6/14/1959, 4.77 ,0.00
6/15/1959, 4.77 ,0.00
6/16/1959, 4.77 ,0.00
6/17/1959, 4.77 ,0.00
6/18/1959, 4.77 ,0.00
6/19/1959, 4.77 ,0.00
6/20/1959, 4.77 ,0.00
6/21/1959, 4.77 ,0.00
6/22/1959, 4.77 ,0.00
6/23/1959, 4.77 ,0.00
6/24/1959, 4.77 ,0.00
6/25/1959, 4.77 ,0.00
6/26/1959, 4.77 ,0.00
6/27/1959, 4.77 ,0.00
6/28/1959, 4.77 ,0.00
6/29/1959, 4.77 ,0.00
6/30/1959, 4.77 ,0.00
7/1/1959, 4.77 ,0.00
7/2/1959, 4.77 ,0.00
7/3/1959, 4.77 ,0.00
7/4/1959, 4.77 ,0.00
7/5/1959, 4.77 ,0.00
7/6/1959, 4.77 ,0.00
7/7/1959, 4.77 ,0.00
7/8/1959, 4.77 ,0.00
7/9/1959, 4.77 ,0.00
7/10/1959, 4.77 ,0.00
7/11/1959, 4.77 ,0.00
7/12/1959, 4.77 ,0.00
7/13/1959, 4.77 ,0.00
7/14/1959, 4.77 ,0.00
7/15/1959, 4.77 ,0.00
7/16/1959, 4.77 ,0.00
7/17/1959, 4.77 ,0.00
7/18/1959, 4.77 ,0.00
7/19/1959, 4.77 ,0.00
7/20/1959, 4.77 ,0.00
7/21/1959, 4.77 ,0.00
7/22/1959, 4.77 ,0.00
7/23/1959, 4.77 ,0.00
7/24/1959, 4.77 ,0.00
7/25/1959, 4.77 ,0.00
7/26/1959, 4.77 ,0.00
7/27/1959, 4.77 ,0.00
7/28/1959, 4.77 ,0.00
7/29/1959, 4.77 ,0.00
7/30/1959, 4.77 ,0.00
7/31/1959, 4.77 ,0.00
8/1/1959, 4.77 ,0.00
8/2/1959, 4.77 ,0.00
8/3/1959, 4.77 ,0.00
8/4/1959, 4.77 ,0.00
8/5/1959, 4.77 ,0.00
8/6/1959, 4.77 ,0.00
8/7/1959, 4.77 ,0.00
8/8/1959, 4.77 ,0.00
8/9/1959, 4.77 ,0.00
8/10/1959, 4.77 ,0.00
8/11/1959, 4.77 ,0.00
8/12/1959, 4.77 ,0.00
8/13/1959, 4.77 ,0.00
8/14/1959, 4.77 ,0.00
8/15/1959, 4.77 ,0.00
8/16/1959, 4.77 ,0.00
8/17/1959, 4.77 ,0.00
8/18/1959, 4.77 ,0.00
8/19/1959, 4.77 ,0.00
8/20/1959, 4.77 ,0.00
8/21/1959, 4.77 ,0.00
8/22/1959, 4.77 ,0.00
8/23/1959, 4.77 ,0.00
8/24/1959, 4.77 ,0.00
8/25/1959, 4.77 ,0.00
8/26/1959, 4.77 ,0.00
8/27/1959, 4.77 ,0.00
8/28/1959, 4.77 ,0.00
8/29/1959, 4.77 ,0.00
8/30/1959, 4.77 ,0.00
8/31/1959, 4.77 ,0.00
9/1/1959, 4.77 ,0.00
9/2/1959, 4.77 ,0.00
9/3/1959, 4.77 ,0.00
9/4/1959, 4.77 ,0.00
9/5/1959, 4.77 ,0.00
9/6/1959, 4.77 ,0.00
9/7/1959, 4.77 ,0.00
9/8/1959, 4.77 ,0.00
9/9/1959, 4.77 ,0.00
9/10/1959, 4.77 ,0.00
9/11/1959, 4.77 ,0.00
9/12/1959, 4.77 ,0.00
9/13/1959, 4.77 ,0.00
9/14/1959, 4.77 ,0.00
9/15/1959, 4.77 ,0.00
9/16/1959, 4.77 ,0.00
9/17/1959, 4.77 ,0.00
9/18/1959, 4.77 ,0.00
9/19/1959, 4.77 ,0.00
9/20/1959, 4.77 ,0.00
9/21/1959, 4.77 ,0.00
9/22/1959, 4.77 ,0.00
9/23/1959, 4.77 ,0.00
9/24/1959, 4.77 ,0.00
9/25/1959, 4.77 ,0.00
9/26/1959, 4.77 ,0.00
9/27/1959, 4.77 ,0.00
9/28/1959, 4.77 ,0.00
9/29/1959, 4.77 ,0.00
9/30/1959, 4.77 ,0.00
10/1/1959, 4.77 ,0.00
10/2/1959, 4.77 ,0.00
10/3/1959, 4.77 ,0.00
10/4/1959, 4.77 ,0.00
10/5/1959, 4.77 ,0.00
10/6/1959, 4.77 ,0.00
10/7/1959, 4.77 ,0.00
10/8/1959, 4.77 ,0.00
10/9/1959, 4.77 ,0.00
10/10/1959, 4.77 ,0.00
10/11/1959, 4.77 ,0.00
10/12/1959, 4.77 ,0.00
10/13/1959, 4.77 ,0.00
10/14/1959, 4.77 ,0.00
10/15/1959, 4.77 ,0.00
10/16/1959, 4.77 ,0.00
10/17/1959, 4.77 ,0.00
10/18/1959, 4.77 ,0.00
10/19/1959, 4.77 ,0.00
10/20/1959, 4.77 ,0.00
10/21/1959, 4.77 ,0.00
10/22/1959, 4.77 ,0.00
10/23/1959, 4.77 ,0.00
10/24/1959, 4.77 ,0.00
10/25/1959, 4.77 ,0.00
10/26/1959, 4.77 ,0.00
10/27/1959, 4.77 ,0.00
10/28/1959, 4.77 ,0.00
10/29/1959, 4.77 ,0.00
10/30/1959, 4.77 ,0.00
10/31/1959, 4.77 ,0.00
11/1/1959, 4.77 ,0.00
11/2/1959, 4.77 ,0.00
11/3/1959, 4.77 ,0.00
11/4/1959, 4.77 ,0.00
11/5/1959, 4.77 ,0.00
11/6/1959, 4.77 ,0.00
11/7/1959, 4.77 ,0.00
11/8/1959, 4.77 ,0.00
11/9/1959, 4.77 ,0.00
11/10/1959, 4.77 ,0.00
11/11/1959, 4.77 ,0.00
11/12/1959, 4.77 ,0.00
11/13/1959, 4.77 ,0.00
11/14/1959, 4.77 ,0.00
11/15/1959, 4.77 ,0.00
11/16/1959, 4.77 ,0.00
11/17/1959, 4.77 ,0.00
11/18/1959, 4.77 ,0.00
11/19/1959, 4.77 ,0.00
11/20/1959, 4.77 ,0.00
11/21/1959, 4.77 ,0.00
11/22/1959, 4.77 ,0.00
11/23/1959, 4.77 ,0.00
11/24/1959, 4.77 ,0.00
11/25/1959, 4.77 ,0.00
11/26/1959, 4.77 ,0.00
11/27/1959, 4.77 ,0.00
11/28/1959, 4.77 ,0.00
11/29/1959, 4.77 ,0.00
11/30/1959, 4.77 ,0.00
12/1/1959, 4.77 ,0.00
12/2/1959, 4.77 ,0.00
12/3/1959, 4.77 ,0.00
12/4/1959, 4.77 ,0.00
12/5/1959, 4.77 ,0.00
12/6/1959, 4.77 ,0.00
12/7/1959, 4.77 ,0.00
12/8/1959, 4.77 ,0.00
12/9/1959, 4.77 ,0.00
12/10/1959, 4.77 ,0.00
12/11/1959, 4.77 ,0.00
12/12/1959, 4.77 ,0.00
12/13/1959, 4.77 ,0.00
12/14/1959, 4.77 ,0.00
12/15/1959, 4.77 ,0.00
12/16/1959, 4.77 ,0.00
12/17/1959, 4.77 ,0.00
12/18/1959, 4.77 ,0.00
12/19/1959, 4.77 ,0.00
12/20/1959, 4.77 ,0.00
12/21/1959, 4.77 ,0.00
12/22/1959, 4.77 ,0.00
12/23/1959, 4.77 ,0.00
12/24/1959, 4.77 ,0.00
12/25/1959, 4.77 ,0.00
12/26/1959, 4.77 ,0.00
12/27/1959, 4.77 ,0.00
12/28/1959, 4.77 ,0.00
12/29/1959, 4.77 ,0.00
12/30/1959, 4.77 ,0.00
12/31/1959, 4.77 ,0.00
1/1/1960, 4.77 ,0.00
1/2/1960, 4.77 ,0.00
1/3/1960, 4.77 ,0.00
1/4/1960, 4.77 ,0.00
1/5/1960, 4.77 ,0.00
1/6/1960, 4.77 ,0.00
1/7/1960, 4.77 ,0.00
1/8/1960, 4.77 ,0.00
1/9/1960, 4.77 ,0.00
1/10/1960, 4.77 ,0.00
1/11/1960, 4.77 ,0.00
1/12/1960, 4.77 ,0.00
1/13/1960, 4.77 ,0.00
1/14/1960, 4.77 ,0.00
1/15/1960, 4.77 ,0.00
1/16/1960, 4.77 ,0.00
1/17/1960, 4.77 ,0.00
1/18/1960, 4.77 ,0.00
1/19/1960, 4.77 ,0.00
1/20/1960, 4.77 ,0.00
1/21/1960, 4.77 ,0.00
1/22/1960, 4.77 ,0.00
1/23/1960, 4.77 ,0.00
1/24/1960, 4.77 ,0.00
1/25/1960, 4.77 ,0.00
1/26/1960, 4.77 ,0.00
1/27/1960, 4.77 ,0.00
1/28/1960, 4.77 ,0.00
1/29/1960, 4.77 ,0.00
1/30/1960, 4.77 ,0.00
1/31/1960, 4.77 ,0.00
2/1/1960, 4.77 ,0.00
2/2/1960, 4.77 ,0.00
2/3/1960, 4.77 ,0.00
2/4/1960, 4.77 ,0.00
2/5/1960, 4.77 ,0.00
2/6/1960, 4.77 ,0.00
2/7/1960, 4.77 ,0.00
2/8/1960, 4.77 ,0.00
2/9/1960, 4.77 ,0.00
2/10/1960, 4.77 ,0.00
2/11/1960, 4.77 ,0.00
2/12/1960, 4.77 ,0.00
2/13/1960, 4.77 ,0.00
2/14/1960, 4.77 ,0.00
2/15/1960, 4.77 ,0.00
2/16/1960, 4.77 ,0.00
2/17/1960, 4.77 ,0.00
2/18/1960, 4.77 ,0.00
2/19/1960, 4.77 ,0.00
2/20/1960, 4.77 ,0.00
2/21/1960, 4.77 ,0.00
2/22/1960, 4.77 ,0.00
2/23/1960, 4.77 ,0.00
2/24/1960, 4.77 ,0.00
2/25/1960, 4.77 ,0.00
2/26/1960, 4.77 ,0.00
2/27/1960, 4.77 ,0.00
2/28/1960, 4.77 ,0.00
2/29/1960, 4.77 ,0.00
3/1/1960, 4.77 ,0.00
3/2/1960, 4.77 ,0.00
3/3/1960, 4.77 ,0.00
3/4/1960, 4.77 ,0.00
3/5/1960, 4.77 ,0.00
3/6/1960, 4.77 ,0.00
3/7/1960, 4.77 ,0.00
3/8/1960, 4.77 ,0.00
3/9/1960, 4.77 ,0.00
3/10/1960, 4.77 ,0.00
3/11/1960, 4.77 ,0.00
3/12/1960, 4.77 ,0.00
3/13/1960, 4.77 ,0.00
3/14/1960, 4.77 ,0.00
3/15/1960, 4.77 ,0.00
3/16/1960, 4.77 ,0.00
3/17/1960, 4.77 ,0.00
3/18/1960, 4.77 ,0.00
3/19/1960, 4.77 ,0.00
3/20/1960, 4.77 ,0.00
3/21/1960, 4.77 ,0.00
3/22/1960, 4.77 ,0.00
3/23/1960, 4.77 ,0.00
3/24/1960, 4.77 ,0.00
3/25/1960, 4.77 ,0.00
3/26/1960, 4.77 ,0.00
3/27/1960, 4.77 ,0.00
3/28/1960, 4.77 ,0.00
3/29/1960, 4.77 ,0.00
3/30/1960, 4.77 ,0.00
3/31/1960, 4.77 ,0.00
4/1/1960, 4.77 ,0.00
4/2/1960, 4.77 ,0.00
4/3/1960, 4.77 ,0.00
4/4/1960, 4.77 ,0.00
4/5/1960, 4.77 ,0.00
4/6/1960, 4.77 ,0.00
4/7/1960, 4.77 ,0.00
4/8/1960, 4.77 ,0.00
4/9/1960, 4.77 ,0.00
4/10/1960, 4.77 ,0.00
4/11/1960, 4.77 ,0.00
4/12/1960, 4.77 ,0.00
4/13/1960, 4.77 ,0.00
4/14/1960, 4.77 ,0.00
4/15/1960, 4.77 ,0.00
4/16/1960, 4.77 ,0.00
4/17/1960, 4.77 ,0.00
4/18/1960, 4.77 ,0.00
4/19/1960, 4.77 ,0.00
4/20/1960, 4.77 ,0.00
4/21/1960, 4.77 ,0.00
4/22/1960, 4.77 ,0.00
4/23/1960, 4.77 ,0.00
4/24/1960, 4.77 ,0.00
4/25/1960, 4.77 ,0.00
4/26/1960, 4.77 ,0.00
4/27/1960, 4.77 ,0.00
4/28/1960, 4.77 ,0.00
4/29/1960, 4.77 ,0.00
4/30/1960, 4.77 ,0.00
5/1/1960, 4.77 ,0.00
5/2/1960, 4.77 ,0.00
5/3/1960, 4.77 ,0.00
5/4/1960, 4.77 ,0.00
5/5/1960, 4.77 ,0.00
5/6/1960, 4.77 ,0.00
5/7/1960, 4.77 ,0.00
5/8/1960, 4.77 ,0.00
5/9/1960, 4.77 ,0.00
5/10/1960, 4.77 ,0.00
5/11/1960, 4.77 ,0.00
5/12/1960, 4.77 ,0.00
5/13/1960, 4.77 ,0.00
5/14/1960, 4.77 ,0.00
5/15/1960, 4.77 ,0.00
5/16/1960, 4.77 ,0.00
5/17/1960, 4.77 ,0.00
5/18/1960, 4.77 ,0.00
5/19/1960, 4.77 ,0.00
5/20/1960, 4.77 ,0.00
5/21/1960, 4.77 ,0.00
5/22/1960, 4.77 ,0.00
5/23/1960, 4.77 ,0.00
5/24/1960, 4.77 ,0.00
5/25/1960, 4.77 ,0.00
5/26/1960, 4.77 ,0.00
5/27/1960, 4.77 ,0.00
5/28/1960, 4.77 ,0.00
5/29/1960, 4.77 ,0.00
5/30/1960, 4.77 ,0.00
5/31/1960, 4.77 ,0.00
6/1/1960, 4.77 ,0.00
6/2/1960, 4.77 ,0.00
6/3/1960, 4.77 ,0.00
6/4/1960, 4.77 ,0.00
6/5/1960, 4.77 ,0.00
6/6/1960, 4.77 ,0.00
6/7/1960, 4.77 ,0.00
6/8/1960, 4.77 ,0.00
6/9/1960, 4.77 ,0.00
6/10/1960, 4.77 ,0.00
6/11/1960, 4.77 ,0.00
6/12/1960, 4.77 ,0.00
6/13/1960, 4.77 ,0.00
6/14/1960, 4.77 ,0.00
6/15/1960, 4.77 ,0.00
6/16/1960, 4.77 ,0.00
6/17/1960, 4.77 ,0.00
6/18/1960, 4.77 ,0.00
6/19/1960, 4.77 ,0.00
6/20/1960, 4.77 ,0.00
6/21/1960, 4.77 ,0.00
6/22/1960, 4.77 ,0.00
6/23/1960, 4.77 ,0.00
6/24/1960, 4.77 ,0.00
6/25/1960, 4.77 ,0.00
6/26/1960, 4.77 ,0.00
6/27/1960, 4.77 ,0.00
6/28/1960, 4.77 ,0.00
6/29/1960, 4.77 ,0.00
6/30/1960, 4.77 ,0.00
7/1/1960, 4.77 ,0.00
7/2/1960, 4.77 ,0.00
7/3/1960, 4.77 ,0.00
7/4/1960, 4.77 ,0.00
7/5/1960, 4.77 ,0.00
7/6/1960, 4.77 ,0.00
7/7/1960, 4.77 ,0.00
7/8/1960, 4.77 ,0.00
7/9/1960, 4.77 ,0.00
7/10/1960, 4.77 ,0.00
7/11/1960, 4.77 ,0.00
7/12/1960, 4.77 ,0.00
7/13/1960, 4.77 ,0.00
7/14/1960, 4.77 ,0.00
7/15/1960, 4.77 ,0.00
7/16/1960, 4.77 ,0.00
7/17/1960, 4.77 ,0.00
7/18/1960, 4.77 ,0.00
7/19/1960, 4.77 ,0.00
7/20/1960, 4.77 ,0.00
7/21/1960, 4.77 ,0.00
7/22/1960, 4.77 ,0.00
7/23/1960, 4.77 ,0.00
7/24/1960, 4.77 ,0.00
7/25/1960, 4.77 ,0.00
7/26/1960, 4.77 ,0.00
7/27/1960, 4.77 ,0.00
7/28/1960, 4.77 ,0.00
7/29/1960, 4.77 ,0.00
7/30/1960, 4.77 ,0.00
7/31/1960, 4.77 ,0.00
8/1/1960, 4.77 ,0.00
8/2/1960, 4.77 ,0.00
8/3/1960, 4.77 ,0.00
8/4/1960, 4.77 ,0.00
8/5/1960, 4.77 ,0.00
8/6/1960, 4.77 ,0.00
8/7/1960, 4.77 ,0.00
8/8/1960, 4.77 ,0.00
8/9/1960, 4.77 ,0.00
8/10/1960, 4.77 ,0.00
8/11/1960, 4.77 ,0.00
8/12/1960, 4.77 ,0.00
8/13/1960, 4.77 ,0.00
8/14/1960, 4.77 ,0.00
8/15/1960, 4.77 ,0.00
8/16/1960, 4.77 ,0.00
8/17/1960, 4.77 ,0.00
8/18/1960, 4.77 ,0.00
8/19/1960, 4.77 ,0.00
8/20/1960, 4.77 ,0.00
8/21/1960, 4.77 ,0.00
8/22/1960, 4.77 ,0.00
8/23/1960, 4.77 ,0.00
8/24/1960, 4.77 ,0.00
8/25/1960, 4.77 ,0.00
8/26/1960, 4.77 ,0.00
8/27/1960, 4.77 ,0.00
8/28/1960, 4.77 ,0.00
8/29/1960, 4.77 ,0.00
8/30/1960, 4.77 ,0.00
8/31/1960, 4.77 ,0.00
9/1/1960, 4.77 ,0.00
9/2/1960, 4.77 ,0.00
9/3/1960, 4.77 ,0.00
9/4/1960, 4.77 ,0.00
9/5/1960, 4.77 ,0.00
9/6/1960, 4.77 ,0.00
9/7/1960, 4.77 ,0.00
9/8/1960, 4.77 ,0.00
9/9/1960, 4.77 ,0.00
9/10/1960, 4.77 ,0.00
9/11/1960, 4.77 ,0.00
9/12/1960, 4.77 ,0.00
9/13/1960, 4.77 ,0.00
9/14/1960, 4.77 ,0.00
9/15/1960, 4.77 ,0.00
9/16/1960, 4.77 ,0.00
9/17/1960, 4.77 ,0.00
9/18/1960, 4.77 ,0.00
9/19/1960, 4.77 ,0.00
9/20/1960, 4.77 ,0.00
9/21/1960, 4.77 ,0.00
9/22/1960, 4.77 ,0.00
9/23/1960, 4.77 ,0.00
9/24/1960, 4.77 ,0.00
9/25/1960, 4.77 ,0.00
9/26/1960, 4.77 ,0.00
9/27/1960, 4.77 ,0.00
9/28/1960, 4.77 ,0.00
9/29/1960, 4.77 ,0.00
9/30/1960, 4.77 ,0.00
10/1/1960, 4.77 ,0.00
10/2/1960, 4.77 ,0.00
10/3/1960, 4.77 ,0.00
10/4/1960, 4.77 ,0.00
10/5/1960, 4.77 ,0.00
10/6/1960, 4.77 ,0.00
10/7/1960, 4.77 ,0.00
10/8/1960, 4.77 ,0.00
10/9/1960, 4.77 ,0.00
10/10/1960, 4.77 ,0.00
10/11/1960, 4.77 ,0.00
10/12/1960, 4.77 ,0.00
10/13/1960, 4.77 ,0.00
10/14/1960, 4.77 ,0.00
10/15/1960, 4.77 ,0.00
10/16/1960, 4.77 ,0.00
10/17/1960, 4.77 ,0.00
10/18/1960, 4.77 ,0.00
10/19/1960, 4.77 ,0.00
10/20/1960, 4.77 ,0.00
10/21/1960, 4.77 ,0.00
10/22/1960, 4.77 ,0.00
10/23/1960, 4.77 ,0.00
10/24/1960, 4.77 ,0.00
10/25/1960, 4.77 ,0.00
10/26/1960, 4.77 ,0.00
10/27/1960, 4.77 ,0.00
10/28/1960, 4.77 ,0.00
10/29/1960, 4.77 ,0.00
10/30/1960, 4.77 ,0.00
10/31/1960, 4.77 ,0.00
11/1/1960, 4.77 ,0.00
11/2/1960, 4.77 ,0.00
11/3/1960, 4.77 ,0.00
11/4/1960, 4.77 ,0.00
11/5/1960, 4.77 ,0.00
11/6/1960, 4.77 ,0.00
11/7/1960, 4.77 ,0.00
11/8/1960, 4.77 ,0.00
11/9/1960, 4.77 ,0.00
11/10/1960, 4.77 ,0.00
11/11/1960, 4.77 ,0.00
11/12/1960, 4.77 ,0.00
11/13/1960, 4.77 ,0.00
11/14/1960, 4.77 ,0.00
11/15/1960, 4.77 ,0.00
11/16/1960, 4.77 ,0.00
11/17/1960, 4.77 ,0.00
11/18/1960, 4.77 ,0.00
11/19/1960, 4.77 ,0.00
11/20/1960, 4.77 ,0.00
11/21/1960, 4.77 ,0.00
11/22/1960, 4.77 ,0.00
11/23/1960, 4.77 ,0.00
11/24/1960, 4.77 ,0.00
11/25/1960, 4.77 ,0.00
11/26/1960, 4.77 ,0.00
11/27/1960, 4.77 ,0.00
11/28/1960, 4.77 ,0.00
11/29/1960, 4.77 ,0.00
11/30/1960, 4.77 ,0.00
12/1/1960, 4.77 ,0.00
12/2/1960, 4.77 ,0.00
12/3/1960, 4.77 ,0.00
12/4/1960, 4.77 ,0.00
12/5/1960, 4.77 ,0.00
12/6/1960, 4.77 ,0.00
12/7/1960, 4.77 ,0.00
12/8/1960, 4.77 ,0.00
12/9/1960, 4.77 ,0.00
12/10/1960, 4.77 ,0.00
12/11/1960, 4.77 ,0.00
12/12/1960, 4.77 ,0.00
12/13/1960, 4.77 ,0.00
12/14/1960, 4.77 ,0.00
12/15/1960, 4.77 ,0.00
12/16/1960, 4.77 ,0.00
12/17/1960, 4.77 ,0.00
12/18/1960, 4.77 ,0.00
12/19/1960, 4.77 ,0.00
12/20/1960, 4.77 ,0.00
12/21/1960, 4.77 ,0.00
12/22/1960, 4.77 ,0.00
12/23/1960, 4.77 ,0.00
12/24/1960, 4.77 ,0.00
12/25/1960, 4.77 ,0.00
12/26/1960, 4.77 ,0.00
12/27/1960, 4.77 ,0.00
12/28/1960, 4.77 ,0.00
12/29/1960, 4.77 ,0.00
12/30/1960, 4.77 ,0.00
12/31/1960, 4.77 ,0.00
1/1/1961, 4.77 ,0.00
1/2/1961, 4.77 ,0.00
1/3/1961, 4.77 ,0.00
1/4/1961, 4.77 ,0.00
1/5/1961, 4.77 ,0.00
1/6/1961, 4.77 ,0.00
1/7/1961, 4.77 ,0.00
1/8/1961, 4.77 ,0.00
1/9/1961, 4.77 ,0.00
1/10/1961, 4.77 ,0.00
1/11/1961, 4.77 ,0.00
1/12/1961, 4.77 ,0.00
1/13/1961, 4.77 ,0.00
1/14/1961, 4.77 ,0.00
1/15/1961, 4.77 ,0.00
1/16/1961, 4.77 ,0.00
1/17/1961, 4.77 ,0.00
1/18/1961, 4.77 ,0.00
1/19/1961, 4.77 ,0.00
1/20/1961, 4.77 ,0.00
1/21/1961, 4.77 ,0.00
1/22/1961, 4.77 ,0.00
1/23/1961, 4.77 ,0.00
1/24/1961, 4.77 ,0.00
1/25/1961, 4.77 ,0.00
1/26/1961, 4.77 ,0.00
1/27/1961, 4.77 ,0.00
1/28/1961, 4.77 ,0.00
1/29/1961, 4.77 ,0.00
1/30/1961, 4.77 ,0.00
1/31/1961, 4.77 ,0.00
2/1/1961, 4.77 ,0.00
2/2/1961, 4.77 ,0.00
2/3/1961, 4.77 ,0.00
2/4/1961, 4.77 ,0.00
2/5/1961, 4.77 ,0.00
2/6/1961, 4.77 ,0.00
2/7/1961, 4.77 ,0.00
2/8/1961, 4.77 ,0.00
2/9/1961, 4.77 ,0.00
2/10/1961, 4.77 ,0.00
2/11/1961, 4.77 ,0.00
2/12/1961, 4.77 ,0.00
2/13/1961, 4.77 ,0.00
2/14/1961, 4.77 ,0.00
2/15/1961, 4.77 ,0.00
2/16/1961, 4.77 ,0.00
2/17/1961, 4.77 ,0.00
2/18/1961, 4.77 ,0.00
2/19/1961, 4.77 ,0.00
2/20/1961, 4.77 ,0.00
2/21/1961, 4.77 ,0.00
2/22/1961, 4.77 ,0.00
2/23/1961, 4.77 ,0.00
2/24/1961, 4.77 ,0.00
2/25/1961, 4.77 ,0.00
2/26/1961, 4.77 ,0.00
2/27/1961, 4.77 ,0.00
2/28/1961, 4.77 ,0.00
3/1/1961, 4.77 ,0.00
3/2/1961, 4.77 ,0.00
3/3/1961, 4.77 ,0.00
3/4/1961, 4.77 ,0.00
3/5/1961, 4.77 ,0.00
3/6/1961, 4.77 ,0.00
3/7/1961, 4.77 ,0.00
3/8/1961, 4.77 ,0.00
3/9/1961, 4.77 ,0.00
3/10/1961, 4.77 ,0.00
3/11/1961, 4.77 ,0.00
3/12/1961, 4.77 ,0.00
3/13/1961, 4.77 ,0.00
3/14/1961, 4.77 ,0.00
3/15/1961, 4.77 ,0.00
3/16/1961, 4.77 ,0.00
3/17/1961, 4.77 ,0.00
3/18/1961, 4.77 ,0.00
3/19/1961, 4.77 ,0.00
3/20/1961, 4.77 ,0.00
3/21/1961, 4.77 ,0.00
3/22/1961, 4.77 ,0.00
3/23/1961, 4.77 ,0.00
3/24/1961, 4.77 ,0.00
3/25/1961, 4.77 ,0.00
3/26/1961, 4.77 ,0.00
3/27/1961, 4.77 ,0.00
3/28/1961, 4.77 ,0.00
3/29/1961, 4.77 ,0.00
3/30/1961, 4.77 ,0.00
3/31/1961, 4.77 ,0.00
4/1/1961, 4.77 ,0.00
4/2/1961, 4.77 ,0.00
4/3/1961, 4.77 ,0.00
4/4/1961, 4.77 ,0.00
4/5/1961, 4.77 ,0.00
4/6/1961, 4.77 ,0.00
4/7/1961, 4.77 ,0.00
4/8/1961, 4.77 ,0.00
4/9/1961, 4.77 ,0.00
4/10/1961, 4.77 ,0.00
4/11/1961, 4.77 ,0.00
4/12/1961, 4.77 ,0.00
4/13/1961, 4.77 ,0.00
4/14/1961, 4.77 ,0.00
4/15/1961, 4.77 ,0.00
4/16/1961, 4.77 ,0.00
4/17/1961, 4.77 ,0.00
4/18/1961, 4.77 ,0.00
4/19/1961, 4.77 ,0.00
4/20/1961, 4.77 ,0.00
4/21/1961, 4.77 ,0.00
4/22/1961, 4.77 ,0.00
4/23/1961, 4.77 ,0.00
4/24/1961, 4.77 ,0.00
4/25/1961, 4.77 ,0.00
4/26/1961, 4.77 ,0.00
4/27/1961, 4.77 ,0.00
4/28/1961, 4.77 ,0.00
4/29/1961, 4.77 ,0.00
4/30/1961, 4.77 ,0.00
5/1/1961, 4.77 ,0.00
5/2/1961, 4.77 ,0.00
5/3/1961, 4.77 ,0.00
5/4/1961, 4.77 ,0.00
5/5/1961, 4.77 ,0.00
5/6/1961, 4.77 ,0.00
5/7/1961, 4.77 ,0.00
5/8/1961, 4.77 ,0.00
5/9/1961, 4.77 ,0.00
5/10/1961, 4.77 ,0.00
5/11/1961, 4.77 ,0.00
5/12/1961, 4.77 ,0.00
5/13/1961, 4.77 ,0.00
5/14/1961, 4.77 ,0.00
5/15/1961, 4.77 ,0.00
5/16/1961, 4.77 ,0.00
5/17/1961, 4.77 ,0.00
5/18/1961, 4.77 ,0.00
5/19/1961, 4.77 ,0.00
5/20/1961, 4.77 ,0.00
5/21/1961, 4.77 ,0.00
5/22/1961, 4.77 ,0.00
5/23/1961, 4.77 ,0.00
5/24/1961, 4.77 ,0.00
5/25/1961, 4.77 ,0.00
5/26/1961, 4.77 ,0.00
5/27/1961, 4.77 ,0.00
5/28/1961, 4.77 ,0.00
5/29/1961, 4.77 ,0.00
5/30/1961, 4.77 ,0.00
5/31/1961, 4.77 ,0.00
6/1/1961, 4.77 ,0.00
6/2/1961, 4.77 ,0.00
6/3/1961, 4.77 ,0.00
6/4/1961, 4.77 ,0.00
6/5/1961, 4.77 ,0.00
6/6/1961, 4.77 ,0.00
6/7/1961, 4.77 ,0.00
6/8/1961, 4.77 ,0.00
6/9/1961, 4.77 ,0.00
6/10/1961, 4.77 ,0.00
6/11/1961, 4.77 ,0.00
6/12/1961, 4.77 ,0.00
6/13/1961, 4.77 ,0.00
6/14/1961, 4.77 ,0.00
6/15/1961, 4.77 ,0.00
6/16/1961, 4.77 ,0.00
6/17/1961, 4.77 ,0.00
6/18/1961, 4.77 ,0.00
6/19/1961, 4.77 ,0.00
6/20/1961, 4.77 ,0.00
6/21/1961, 4.77 ,0.00
6/22/1961, 4.77 ,0.00
6/23/1961, 4.77 ,0.00
6/24/1961, 4.77 ,0.00
6/25/1961, 4.77 ,0.00
6/26/1961, 4.77 ,0.00
6/27/1961, 4.77 ,0.00
6/28/1961, 4.77 ,0.00
6/29/1961, 4.77 ,0.00
6/30/1961, 4.77 ,0.00
7/1/1961, 4.77 ,0.00
7/2/1961, 4.77 ,0.00
7/3/1961, 4.77 ,0.00
7/4/1961, 4.77 ,0.00
7/5/1961, 4.77 ,0.00
7/6/1961, 4.77 ,0.00
7/7/1961, 4.77 ,0.00
7/8/1961, 4.77 ,0.00
7/9/1961, 4.77 ,0.00
7/10/1961, 4.77 ,0.00
7/11/1961, 4.77 ,0.00
7/12/1961, 4.77 ,0.00
7/13/1961, 4.77 ,0.00
7/14/1961, 4.77 ,0.00
7/15/1961, 4.77 ,0.00
7/16/1961, 4.77 ,0.00
7/17/1961, 4.77 ,0.00
7/18/1961, 4.77 ,0.00
7/19/1961, 4.77 ,0.00
7/20/1961, 4.77 ,0.00
7/21/1961, 4.77 ,0.00
7/22/1961, 4.77 ,0.00
7/23/1961, 4.77 ,0.00
7/24/1961, 4.77 ,0.00
7/25/1961, 4.77 ,0.00
7/26/1961, 4.77 ,0.00
7/27/1961, 4.77 ,0.00
7/28/1961, 4.77 ,0.00
7/29/1961, 4.77 ,0.00
7/30/1961, 4.77 ,0.00
7/31/1961, 4.77 ,0.00
8/1/1961, 4.77 ,0.00
8/2/1961, 4.77 ,0.00
8/3/1961, 4.77 ,0.00
8/4/1961, 4.77 ,0.00
8/5/1961, 4.77 ,0.00
8/6/1961, 4.77 ,0.00
8/7/1961, 4.77 ,0.00
8/8/1961, 4.77 ,0.00
8/9/1961, 4.77 ,0.00
8/10/1961, 4.77 ,0.00
8/11/1961, 4.77 ,0.00
8/12/1961, 4.77 ,0.00
8/13/1961, 4.77 ,0.00
8/14/1961, 4.77 ,0.00
8/15/1961, 4.77 ,0.00
8/16/1961, 4.77 ,0.00
8/17/1961, 4.77 ,0.00
8/18/1961, 4.77 ,0.00
8/19/1961, 4.77 ,0.00
8/20/1961, 4.77 ,0.00
8/21/1961, 4.77 ,0.00
8/22/1961, 4.77 ,0.00
8/23/1961, 4.77 ,0.00
8/24/1961, 4.77 ,0.00
8/25/1961, 4.77 ,0.00
8/26/1961, 4.77 ,0.00
8/27/1961, 4.77 ,0.00
8/28/1961, 4.77 ,0.00
8/29/1961, 4.77 ,0.00
8/30/1961, 4.77 ,0.00
8/31/1961, 4.77 ,0.00
9/1/1961, 4.77 ,0.00
9/2/1961, 4.77 ,0.00
9/3/1961, 4.77 ,0.00
9/4/1961, 4.77 ,0.00
9/5/1961, 4.77 ,0.00
9/6/1961, 4.77 ,0.00
9/7/1961, 4.77 ,0.00
9/8/1961, 4.77 ,0.00
9/9/1961, 4.77 ,0.00
9/10/1961, 4.77 ,0.00
9/11/1961, 4.77 ,0.00
9/12/1961, 4.77 ,0.00
9/13/1961, 4.77 ,0.00
9/14/1961, 4.77 ,0.00
9/15/1961, 4.77 ,0.00
9/16/1961, 4.77 ,0.00
9/17/1961, 4.77 ,0.00
9/18/1961, 4.77 ,0.00
9/19/1961, 4.77 ,0.00
9/20/1961, 4.77 ,0.00
9/21/1961, 4.77 ,0.00
9/22/1961, 4.77 ,0.00
9/23/1961, 4.77 ,0.00
9/24/1961, 4.77 ,0.00
9/25/1961, 4.77 ,0.00
9/26/1961, 4.77 ,0.00
9/27/1961, 4.77 ,0.00
9/28/1961, 4.77 ,0.00
9/29/1961, 4.77 ,0.00
9/30/1961, 4.77 ,0.00
10/1/1961, 4.77 ,0.00
10/2/1961, 4.77 ,0.00
10/3/1961, 4.77 ,0.00
10/4/1961, 4.77 ,0.00
10/5/1961, 4.77 ,0.00
10/6/1961, 4.77 ,0.00
10/7/1961, 4.77 ,0.00
10/8/1961, 4.77 ,0.00
10/9/1961, 4.77 ,0.00
10/10/1961, 4.77 ,0.00
10/11/1961, 4.77 ,0.00
10/12/1961, 4.77 ,0.00
10/13/1961, 4.77 ,0.00
10/14/1961, 4.77 ,0.00
10/15/1961, 4.77 ,0.00
10/16/1961, 4.77 ,0.00
10/17/1961, 4.77 ,0.00
10/18/1961, 4.77 ,0.00
10/19/1961, 4.77 ,0.00
10/20/1961, 4.77 ,0.00
10/21/1961, 4.77 ,0.00
10/22/1961, 4.77 ,0.00
10/23/1961, 4.77 ,0.00
10/24/1961, 4.77 ,0.00
10/25/1961, 4.77 ,0.00
10/26/1961, 4.77 ,0.00
10/27/1961, 4.77 ,0.00
10/28/1961, 4.77 ,0.00
10/29/1961, 4.77 ,0.00
10/30/1961, 4.77 ,0.00
10/31/1961, 4.77 ,0.00
11/1/1961, 4.77 ,0.00
11/2/1961, 4.77 ,0.00
11/3/1961, 4.77 ,0.00
11/4/1961, 4.77 ,0.00
11/5/1961, 4.77 ,0.00
11/6/1961, 4.77 ,0.00
11/7/1961, 4.77 ,0.00
11/8/1961, 4.77 ,0.00
11/9/1961, 4.77 ,0.00
11/10/1961, 4.77 ,0.00
11/11/1961, 4.77 ,0.00
11/12/1961, 4.77 ,0.00
11/13/1961, 4.77 ,0.00
11/14/1961, 4.77 ,0.00
11/15/1961, 4.77 ,0.00
11/16/1961, 4.77 ,0.00
11/17/1961, 4.77 ,0.00
11/18/1961, 4.77 ,0.00
11/19/1961, 4.77 ,0.00
11/20/1961, 4.77 ,0.00
11/21/1961, 4.77 ,0.00
11/22/1961, 4.77 ,0.00
11/23/1961, 4.77 ,0.00
11/24/1961, 4.77 ,0.00
11/25/1961, 4.77 ,0.00
11/26/1961, 4.77 ,0.00
11/27/1961, 4.77 ,0.00
11/28/1961, 4.77 ,0.00
11/29/1961, 4.77 ,0.00
11/30/1961, 4.77 ,0.00
12/1/1961, 4.77 ,0.00
12/2/1961, 4.77 ,0.00
12/3/1961, 4.77 ,0.00
12/4/1961, 4.77 ,0.00
12/5/1961, 4.77 ,0.00
12/6/1961, 4.77 ,0.00
12/7/1961, 4.77 ,0.00
12/8/1961, 4.77 ,0.00
12/9/1961, 4.77 ,0.00
12/10/1961, 4.77 ,0.00
12/11/1961, 4.77 ,0.00
12/12/1961, 4.77 ,0.00
12/13/1961, 4.77 ,0.00
12/14/1961, 4.77 ,0.00
12/15/1961, 4.77 ,0.00
12/16/1961, 4.77 ,0.00
12/17/1961, 4.77 ,0.00
12/18/1961, 4.77 ,0.00
12/19/1961, 4.77 ,0.00
12/20/1961, 4.77 ,0.00
12/21/1961, 4.77 ,0.00
12/22/1961, 4.77 ,0.00
12/23/1961, 4.77 ,0.00
12/24/1961, 4.77 ,0.00
12/25/1961, 4.77 ,0.00
12/26/1961, 4.77 ,0.00
12/27/1961, 4.77 ,0.00
12/28/1961, 4.77 ,0.00
12/29/1961, 4.77 ,0.00
12/30/1961, 4.77 ,0.00
12/31/1961, 4.77 ,0.00
1/1/1962, 4.77 ,0.00
1/2/1962, 4.77 ,0.00
1/3/1962, 4.77 ,0.00
1/4/1962, 4.77 ,0.00
1/5/1962, 4.77 ,0.00
1/6/1962, 4.77 ,0.00
1/7/1962, 4.77 ,0.00
1/8/1962, 4.77 ,0.00
1/9/1962, 4.77 ,0.00
1/10/1962, 4.77 ,0.00
1/11/1962, 4.77 ,0.00
1/12/1962, 4.77 ,0.00
1/13/1962, 4.77 ,0.00
1/14/1962, 4.77 ,0.00
1/15/1962, 4.77 ,0.00
1/16/1962, 4.77 ,0.00
1/17/1962, 4.77 ,0.00
1/18/1962, 4.77 ,0.00
1/19/1962, 4.77 ,0.00
1/20/1962, 4.77 ,0.00
1/21/1962, 4.77 ,0.00
1/22/1962, 4.77 ,0.00
1/23/1962, 4.77 ,0.00
1/24/1962, 4.77 ,0.00
1/25/1962, 4.77 ,0.00
1/26/1962, 4.77 ,0.00
1/27/1962, 4.77 ,0.00
1/28/1962, 4.77 ,0.00
1/29/1962, 4.77 ,0.00
1/30/1962, 4.77 ,0.00
1/31/1962, 4.77 ,0.00
2/1/1962, 4.77 ,0.00
2/2/1962, 4.77 ,0.00
2/3/1962, 4.77 ,0.00
2/4/1962, 4.77 ,0.00
2/5/1962, 4.77 ,0.00
2/6/1962, 4.77 ,0.00
2/7/1962, 4.77 ,0.00
2/8/1962, 4.77 ,0.00
2/9/1962, 4.77 ,0.00
2/10/1962, 4.77 ,0.00
2/11/1962, 4.77 ,0.00
2/12/1962, 4.77 ,0.00
2/13/1962, 4.77 ,0.00
2/14/1962, 4.77 ,0.00
2/15/1962, 4.77 ,0.00
2/16/1962, 4.77 ,0.00
2/17/1962, 4.77 ,0.00
2/18/1962, 4.77 ,0.00
2/19/1962, 4.77 ,0.00
2/20/1962, 4.77 ,0.00
2/21/1962, 4.77 ,0.00
2/22/1962, 4.77 ,0.00
2/23/1962, 4.77 ,0.00
2/24/1962, 4.77 ,0.00
2/25/1962, 4.77 ,0.00
2/26/1962, 4.77 ,0.00
2/27/1962, 4.77 ,0.00
2/28/1962, 4.77 ,0.00
3/1/1962, 4.77 ,0.00
3/2/1962, 4.77 ,0.00
3/3/1962, 4.77 ,0.00
3/4/1962, 4.77 ,0.00
3/5/1962, 4.77 ,0.00
3/6/1962, 4.77 ,0.00
3/7/1962, 4.77 ,0.00
3/8/1962, 4.77 ,0.00
3/9/1962, 4.77 ,0.00
3/10/1962, 4.77 ,0.00
3/11/1962, 4.77 ,0.00
3/12/1962, 4.77 ,0.00
3/13/1962, 4.77 ,0.00
3/14/1962, 4.77 ,0.00
3/15/1962, 4.77 ,0.00
3/16/1962, 4.77 ,0.00
3/17/1962, 4.77 ,0.00
3/18/1962, 4.77 ,0.00
3/19/1962, 4.77 ,0.00
3/20/1962, 4.77 ,0.00
3/21/1962, 4.77 ,0.00
3/22/1962, 4.77 ,0.00
3/23/1962, 4.77 ,0.00
3/24/1962, 4.77 ,0.00
3/25/1962, 4.77 ,0.00
3/26/1962, 4.77 ,0.00
3/27/1962, 4.77 ,0.00
3/28/1962, 4.77 ,0.00
3/29/1962, 4.77 ,0.00
3/30/1962, 4.77 ,0.00
3/31/1962, 4.77 ,0.00
4/1/1962, 4.77 ,0.00
4/2/1962, 4.77 ,0.00
4/3/1962, 4.77 ,0.00
4/4/1962, 4.77 ,0.00
4/5/1962, 4.77 ,0.00
4/6/1962, 4.77 ,0.00
4/7/1962, 4.77 ,0.00
4/8/1962, 4.77 ,0.00
4/9/1962, 4.77 ,0.00
4/10/1962, 4.77 ,0.00
4/11/1962, 4.77 ,0.00
4/12/1962, 4.77 ,0.00
4/13/1962, 4.77 ,0.00
4/14/1962, 4.77 ,0.00
4/15/1962, 4.77 ,0.00
4/16/1962, 4.77 ,0.00
4/17/1962, 4.77 ,0.00
4/18/1962, 4.77 ,0.00
4/19/1962, 4.77 ,0.00
4/20/1962, 4.77 ,0.00
4/21/1962, 4.77 ,0.00
4/22/1962, 4.77 ,0.00
4/23/1962, 4.77 ,0.00
4/24/1962, 4.77 ,0.00
4/25/1962, 4.77 ,0.00
4/26/1962, 4.77 ,0.00
4/27/1962, 4.77 ,0.00
4/28/1962, 4.77 ,0.00
4/29/1962, 4.77 ,0.00
4/30/1962, 4.77 ,0.00
5/1/1962, 4.77 ,0.00
5/2/1962, 4.77 ,0.00
5/3/1962, 4.77 ,0.00
5/4/1962, 4.77 ,0.00
5/5/1962, 4.77 ,0.00
5/6/1962, 4.77 ,0.00
5/7/1962, 4.77 ,0.00
5/8/1962, 4.77 ,0.00
5/9/1962, 4.77 ,0.00
5/10/1962, 4.77 ,0.00
5/11/1962, 4.77 ,0.00
5/12/1962, 4.77 ,0.00
5/13/1962, 4.77 ,0.00
5/14/1962, 4.77 ,0.00
5/15/1962, 4.77 ,0.00
5/16/1962, 4.77 ,0.00
5/17/1962, 4.77 ,0.00
5/18/1962, 4.77 ,0.00
5/19/1962, 4.77 ,0.00
5/20/1962, 4.77 ,0.00
5/21/1962, 4.77 ,0.00
5/22/1962, 4.77 ,0.00
5/23/1962, 4.77 ,0.00
5/24/1962, 4.77 ,0.00
5/25/1962, 4.77 ,0.00
5/26/1962, 4.77 ,0.00
5/27/1962, 4.77 ,0.00
5/28/1962, 4.77 ,0.00
5/29/1962, 4.77 ,0.00
5/30/1962, 4.77 ,0.00
5/31/1962, 4.77 ,0.00
6/1/1962, 4.77 ,0.00
6/2/1962, 4.77 ,0.00
6/3/1962, 4.77 ,0.00
6/4/1962, 4.77 ,0.00
6/5/1962, 4.77 ,0.00
6/6/1962, 4.77 ,0.00
6/7/1962, 4.77 ,0.00
6/8/1962, 4.77 ,0.00
6/9/1962, 4.77 ,0.00
6/10/1962, 4.77 ,0.00
6/11/1962, 4.77 ,0.00
6/12/1962, 4.77 ,0.00
6/13/1962, 4.77 ,0.00
6/14/1962, 4.77 ,0.00
6/15/1962, 4.77 ,0.00
6/16/1962, 4.77 ,0.00
6/17/1962, 4.77 ,0.00
6/18/1962, 4.77 ,0.00
6/19/1962, 4.77 ,0.00
6/20/1962, 4.77 ,0.00
6/21/1962, 4.77 ,0.00
6/22/1962, 4.77 ,0.00
6/23/1962, 4.77 ,0.00
6/24/1962, 4.77 ,0.00
6/25/1962, 4.77 ,0.00
6/26/1962, 4.77 ,0.00
6/27/1962, 4.77 ,0.00
6/28/1962, 4.77 ,0.00
6/29/1962, 4.77 ,0.00
6/30/1962, 4.77 ,0.00
7/1/1962, 4.77 ,0.00
7/2/1962, 4.77 ,0.00
7/3/1962, 4.77 ,0.00
7/4/1962, 4.77 ,0.00
7/5/1962, 4.77 ,0.00
7/6/1962, 4.77 ,0.00
7/7/1962, 4.77 ,0.00
7/8/1962, 4.77 ,0.00
7/9/1962, 4.77 ,0.00
7/10/1962, 4.77 ,0.00
7/11/1962, 4.77 ,0.00
7/12/1962, 4.77 ,0.00
7/13/1962, 4.77 ,0.00
7/14/1962, 4.77 ,0.00
7/15/1962, 4.77 ,0.00
7/16/1962, 4.77 ,0.00
7/17/1962, 4.77 ,0.00
7/18/1962, 4.77 ,0.00
7/19/1962, 4.77 ,0.00
7/20/1962, 4.77 ,0.00
7/21/1962, 4.77 ,0.00
7/22/1962, 4.77 ,0.00
7/23/1962, 4.77 ,0.00
7/24/1962, 4.77 ,0.00
7/25/1962, 4.77 ,0.00
7/26/1962, 4.77 ,0.00
7/27/1962, 4.77 ,0.00
7/28/1962, 4.77 ,0.00
7/29/1962, 4.77 ,0.00
7/30/1962, 4.77 ,0.00
7/31/1962, 4.77 ,0.00
8/1/1962, 4.77 ,0.00
8/2/1962, 4.77 ,0.00
8/3/1962, 4.77 ,0.00
8/4/1962, 4.77 ,0.00
8/5/1962, 4.77 ,0.00
8/6/1962, 4.77 ,0.00
8/7/1962, 4.77 ,0.00
8/8/1962, 4.77 ,0.00
8/9/1962, 4.77 ,0.00
8/10/1962, 4.77 ,0.00
8/11/1962, 4.77 ,0.00
8/12/1962, 4.77 ,0.00
8/13/1962, 4.77 ,0.00
8/14/1962, 4.77 ,0.00
8/15/1962, 4.77 ,0.00
8/16/1962, 4.77 ,0.00
8/17/1962, 4.77 ,0.00
8/18/1962, 4.77 ,0.00
8/19/1962, 4.77 ,0.00
8/20/1962, 4.77 ,0.00
8/21/1962, 4.77 ,0.00
8/22/1962, 4.77 ,0.00
8/23/1962, 4.77 ,0.00
8/24/1962, 4.77 ,0.00
8/25/1962, 4.77 ,0.00
8/26/1962, 4.77 ,0.00
8/27/1962, 4.77 ,0.00
8/28/1962, 4.77 ,0.00
8/29/1962, 4.77 ,0.00
8/30/1962, 4.77 ,0.00
8/31/1962, 4.77 ,0.00
9/1/1962, 4.77 ,0.00
9/2/1962, 4.77 ,0.00
9/3/1962, 4.77 ,0.00
9/4/1962, 4.77 ,0.00
9/5/1962, 4.77 ,0.00
9/6/1962, 4.77 ,0.00
9/7/1962, 4.77 ,0.00
9/8/1962, 4.77 ,0.00
9/9/1962, 4.77 ,0.00
9/10/1962, 4.77 ,0.00
9/11/1962, 4.77 ,0.00
9/12/1962, 4.77 ,0.00
9/13/1962, 4.77 ,0.00
9/14/1962, 4.77 ,0.00
9/15/1962, 4.77 ,0.00
9/16/1962, 4.77 ,0.00
9/17/1962, 4.77 ,0.00
9/18/1962, 4.77 ,0.00
9/19/1962, 4.77 ,0.00
9/20/1962, 4.77 ,0.00
9/21/1962, 4.77 ,0.00
9/22/1962, 4.77 ,0.00
9/23/1962, 4.77 ,0.00
9/24/1962, 4.77 ,0.00
9/25/1962, 4.77 ,0.00
9/26/1962, 4.77 ,0.00
9/27/1962, 4.77 ,0.00
9/28/1962, 4.77 ,0.00
9/29/1962, 4.77 ,0.00
9/30/1962, 4.77 ,0.00
10/1/1962, 4.77 ,0.00
10/2/1962, 4.77 ,0.00
10/3/1962, 4.77 ,0.00
10/4/1962, 4.77 ,0.00
10/5/1962, 4.77 ,0.00
10/6/1962, 4.77 ,0.00
10/7/1962, 4.77 ,0.00
10/8/1962, 4.77 ,0.00
10/9/1962, 4.77 ,0.00
10/10/1962, 4.77 ,0.00
10/11/1962, 4.77 ,0.00
10/12/1962, 4.77 ,0.00
10/13/1962, 4.77 ,0.00
10/14/1962, 4.77 ,0.00
10/15/1962, 4.77 ,0.00
10/16/1962, 4.77 ,0.00
10/17/1962, 4.77 ,0.00
10/18/1962, 4.77 ,0.00
10/19/1962, 4.77 ,0.00
10/20/1962, 4.77 ,0.00
10/21/1962, 4.77 ,0.00
10/22/1962, 4.77 ,0.00
10/23/1962, 4.77 ,0.00
10/24/1962, 4.77 ,0.00
10/25/1962, 4.77 ,0.00
10/26/1962, 4.77 ,0.00
10/27/1962, 4.77 ,0.00
10/28/1962, 4.77 ,0.00
10/29/1962, 4.77 ,0.00
10/30/1962, 4.77 ,0.00
10/31/1962, 4.77 ,0.00
11/1/1962, 4.77 ,0.00
11/2/1962, 4.77 ,0.00
11/3/1962, 4.77 ,0.00
11/4/1962, 4.77 ,0.00
11/5/1962, 4.77 ,0.00
11/6/1962, 4.77 ,0.00
11/7/1962, 4.77 ,0.00
11/8/1962, 4.77 ,0.00
11/9/1962, 4.77 ,0.00
11/10/1962, 4.77 ,0.00
11/11/1962, 4.77 ,0.00
11/12/1962, 4.77 ,0.00
11/13/1962, 4.77 ,0.00
11/14/1962, 4.77 ,0.00
11/15/1962, 4.77 ,0.00
11/16/1962, 4.77 ,0.00
11/17/1962, 4.77 ,0.00
11/18/1962, 4.77 ,0.00
11/19/1962, 4.77 ,0.00
11/20/1962, 4.77 ,0.00
11/21/1962, 4.77 ,0.00
11/22/1962, 4.77 ,0.00
11/23/1962, 4.77 ,0.00
11/24/1962, 4.77 ,0.00
11/25/1962, 4.77 ,0.00
11/26/1962, 4.77 ,0.00
11/27/1962, 4.77 ,0.00
11/28/1962, 4.77 ,0.00
11/29/1962, 4.77 ,0.00
11/30/1962, 4.77 ,0.00
12/1/1962, 4.77 ,0.00
12/2/1962, 4.77 ,0.00
12/3/1962, 4.77 ,0.00
12/4/1962, 4.77 ,0.00
12/5/1962, 4.77 ,0.00
12/6/1962, 4.77 ,0.00
12/7/1962, 4.77 ,0.00
12/8/1962, 4.77 ,0.00
12/9/1962, 4.77 ,0.00
12/10/1962, 4.77 ,0.00
12/11/1962, 4.77 ,0.00
12/12/1962, 4.77 ,0.00
12/13/1962, 4.77 ,0.00
12/14/1962, 4.77 ,0.00
12/15/1962, 4.77 ,0.00
12/16/1962, 4.77 ,0.00
12/17/1962, 4.77 ,0.00
12/18/1962, 4.77 ,0.00
12/19/1962, 4.77 ,0.00
12/20/1962, 4.77 ,0.00
12/21/1962, 4.77 ,0.00
12/22/1962, 4.77 ,0.00
12/23/1962, 4.77 ,0.00
12/24/1962, 4.77 ,0.00
12/25/1962, 4.77 ,0.00
12/26/1962, 4.77 ,0.00
12/27/1962, 4.77 ,0.00
12/28/1962, 4.77 ,0.00
12/29/1962, 4.77 ,0.00
12/30/1962, 4.77 ,0.00
12/31/1962, 4.77 ,0.00
1/1/1963, 4.77 ,0.00
1/2/1963, 4.77 ,0.00
1/3/1963, 4.77 ,0.00
1/4/1963, 4.77 ,0.00
1/5/1963, 4.77 ,0.00
1/6/1963, 4.77 ,0.00
1/7/1963, 4.77 ,0.00
1/8/1963, 4.77 ,0.00
1/9/1963, 4.77 ,0.00
1/10/1963, 4.77 ,0.00
1/11/1963, 4.77 ,0.00
1/12/1963, 4.77 ,0.00
1/13/1963, 4.77 ,0.00
1/14/1963, 4.77 ,0.00
1/15/1963, 4.77 ,0.00
1/16/1963, 4.77 ,0.00
1/17/1963, 4.77 ,0.00
1/18/1963, 4.77 ,0.00
1/19/1963, 4.77 ,0.00
1/20/1963, 4.77 ,0.00
1/21/1963, 4.77 ,0.00
1/22/1963, 4.77 ,0.00
1/23/1963, 4.77 ,0.00
1/24/1963, 4.77 ,0.00
1/25/1963, 4.77 ,0.00
1/26/1963, 4.77 ,0.00
1/27/1963, 4.77 ,0.00
1/28/1963, 4.77 ,0.00
1/29/1963, 4.77 ,0.00
1/30/1963, 4.77 ,0.00
1/31/1963, 4.77 ,0.00
2/1/1963, 4.77 ,0.00
2/2/1963, 4.77 ,0.00
2/3/1963, 4.77 ,0.00
2/4/1963, 4.77 ,0.00
2/5/1963, 4.77 ,0.00
2/6/1963, 4.77 ,0.00
2/7/1963, 4.77 ,0.00
2/8/1963, 4.77 ,0.00
2/9/1963, 4.77 ,0.00
2/10/1963, 4.77 ,0.00
2/11/1963, 4.77 ,0.00
2/12/1963, 4.77 ,0.00
2/13/1963, 4.77 ,0.00
2/14/1963, 4.77 ,0.00
2/15/1963, 4.77 ,0.00
2/16/1963, 4.77 ,0.00
2/17/1963, 4.77 ,0.00
2/18/1963, 4.77 ,0.00
2/19/1963, 4.77 ,0.00
2/20/1963, 4.77 ,0.00
2/21/1963, 4.77 ,0.00
2/22/1963, 4.77 ,0.00
2/23/1963, 4.77 ,0.00
2/24/1963, 4.77 ,0.00
2/25/1963, 4.77 ,0.00
2/26/1963, 4.77 ,0.00
2/27/1963, 4.77 ,0.00
2/28/1963, 4.77 ,0.00
3/1/1963, 4.77 ,0.00
3/2/1963, 4.77 ,0.00
3/3/1963, 4.77 ,0.00
3/4/1963, 4.77 ,0.00
3/5/1963, 4.77 ,0.00
3/6/1963, 4.77 ,0.00
3/7/1963, 4.77 ,0.00
3/8/1963, 4.77 ,0.00
3/9/1963, 4.77 ,0.00
3/10/1963, 4.77 ,0.00
3/11/1963, 4.77 ,0.00
3/12/1963, 4.77 ,0.00
3/13/1963, 4.77 ,0.00
3/14/1963, 4.77 ,0.00
3/15/1963, 4.77 ,0.00
3/16/1963, 4.77 ,0.00
3/17/1963, 4.77 ,0.00
3/18/1963, 4.77 ,0.00
3/19/1963, 4.77 ,0.00
3/20/1963, 4.77 ,0.00
3/21/1963, 4.77 ,0.00
3/22/1963, 4.77 ,0.00
3/23/1963, 4.77 ,0.00
3/24/1963, 4.77 ,0.00
3/25/1963, 4.77 ,0.00
3/26/1963, 4.77 ,0.00
3/27/1963, 4.77 ,0.00
3/28/1963, 4.77 ,0.00
3/29/1963, 4.77 ,0.00
3/30/1963, 4.77 ,0.00
3/31/1963, 4.77 ,0.00
4/1/1963, 4.77 ,0.00
4/2/1963, 4.77 ,0.00
4/3/1963, 4.77 ,0.00
4/4/1963, 4.77 ,0.00
4/5/1963, 4.77 ,0.00
4/6/1963, 4.77 ,0.00
4/7/1963, 4.77 ,0.00
4/8/1963, 4.77 ,0.00
4/9/1963, 4.77 ,0.00
4/10/1963, 4.77 ,0.00
4/11/1963, 4.77 ,0.00
4/12/1963, 4.77 ,0.00
4/13/1963, 4.77 ,0.00
4/14/1963, 4.77 ,0.00
4/15/1963, 4.77 ,0.00
4/16/1963, 4.77 ,0.00
4/17/1963, 4.77 ,0.00
4/18/1963, 4.77 ,0.00
4/19/1963, 4.77 ,0.00
4/20/1963, 4.77 ,0.00
4/21/1963, 4.77 ,0.00
4/22/1963, 4.77 ,0.00
4/23/1963, 4.77 ,0.00
4/24/1963, 4.77 ,0.00
4/25/1963, 4.77 ,0.00
4/26/1963, 4.77 ,0.00
4/27/1963, 4.77 ,0.00
4/28/1963, 4.77 ,0.00
4/29/1963, 4.77 ,0.00
4/30/1963, 4.77 ,0.00
5/1/1963, 4.77 ,0.00
5/2/1963, 4.77 ,0.00
5/3/1963, 4.77 ,0.00
5/4/1963, 4.77 ,0.00
5/5/1963, 4.77 ,0.00
5/6/1963, 4.77 ,0.00
5/7/1963, 4.77 ,0.00
5/8/1963, 4.77 ,0.00
5/9/1963, 4.77 ,0.00
5/10/1963, 4.77 ,0.00
5/11/1963, 4.77 ,0.00
5/12/1963, 4.77 ,0.00
5/13/1963, 4.77 ,0.00
5/14/1963, 4.77 ,0.00
5/15/1963, 4.77 ,0.00
5/16/1963, 4.77 ,0.00
5/17/1963, 4.77 ,0.00
5/18/1963, 4.77 ,0.00
5/19/1963, 4.77 ,0.00
5/20/1963, 4.77 ,0.00
5/21/1963, 4.77 ,0.00
5/22/1963, 4.77 ,0.00
5/23/1963, 4.77 ,0.00
5/24/1963, 4.77 ,0.00
5/25/1963, 4.77 ,0.00
5/26/1963, 4.77 ,0.00
5/27/1963, 4.77 ,0.00
5/28/1963, 4.77 ,0.00
5/29/1963, 4.77 ,0.00
5/30/1963, 4.77 ,0.00
5/31/1963, 4.77 ,0.00
6/1/1963, 4.77 ,0.00
6/2/1963, 4.77 ,0.00
6/3/1963, 4.77 ,0.00
6/4/1963, 4.77 ,0.00
6/5/1963, 4.77 ,0.00
6/6/1963, 4.77 ,0.00
6/7/1963, 4.77 ,0.00
6/8/1963, 4.77 ,0.00
6/9/1963, 4.77 ,0.00
6/10/1963, 4.77 ,0.00
6/11/1963, 4.77 ,0.00
6/12/1963, 4.77 ,0.00
6/13/1963, 4.77 ,0.00
6/14/1963, 4.77 ,0.00
6/15/1963, 4.77 ,0.00
6/16/1963, 4.77 ,0.00
6/17/1963, 4.77 ,0.00
6/18/1963, 4.77 ,0.00
6/19/1963, 4.77 ,0.00
6/20/1963, 4.77 ,0.00
6/21/1963, 4.77 ,0.00
6/22/1963, 4.77 ,0.00
6/23/1963, 4.77 ,0.00
6/24/1963, 4.77 ,0.00
6/25/1963, 4.77 ,0.00
6/26/1963, 4.77 ,0.00
6/27/1963, 4.77 ,0.00
6/28/1963, 4.77 ,0.00
6/29/1963, 4.77 ,0.00
6/30/1963, 4.77 ,0.00
7/1/1963, 4.77 ,0.00
7/2/1963, 4.77 ,0.00
7/3/1963, 4.77 ,0.00
7/4/1963, 4.77 ,0.00
7/5/1963, 4.77 ,0.00
7/6/1963, 4.77 ,0.00
7/7/1963, 4.77 ,0.00
7/8/1963, 4.77 ,0.00
7/9/1963, 4.77 ,0.00
7/10/1963, 4.77 ,0.00
7/11/1963, 4.77 ,0.00
7/12/1963, 4.77 ,0.00
7/13/1963, 4.77 ,0.00
7/14/1963, 4.77 ,0.00
7/15/1963, 4.77 ,0.00
7/16/1963, 4.77 ,0.00
7/17/1963, 4.77 ,0.00
7/18/1963, 4.77 ,0.00
7/19/1963, 4.77 ,0.00
7/20/1963, 4.77 ,0.00
7/21/1963, 4.77 ,0.00
7/22/1963, 4.77 ,0.00
7/23/1963, 4.77 ,0.00
7/24/1963, 4.77 ,0.00
7/25/1963, 4.77 ,0.00
7/26/1963, 4.77 ,0.00
7/27/1963, 4.77 ,0.00
7/28/1963, 4.77 ,0.00
7/29/1963, 4.77 ,0.00
7/30/1963, 4.77 ,0.00
7/31/1963, 4.77 ,0.00
8/1/1963, 4.77 ,0.00
8/2/1963, 4.77 ,0.00
8/3/1963, 4.77 ,0.00
8/4/1963, 4.77 ,0.00
8/5/1963, 4.77 ,0.00
8/6/1963, 4.77 ,0.00
8/7/1963, 4.77 ,0.00
8/8/1963, 4.77 ,0.00
8/9/1963, 4.77 ,0.00
8/10/1963, 4.77 ,0.00
8/11/1963, 4.77 ,0.00
8/12/1963, 4.77 ,0.00
8/13/1963, 4.77 ,0.00
8/14/1963, 4.77 ,0.00
8/15/1963, 4.77 ,0.00
8/16/1963, 4.77 ,0.00
8/17/1963, 4.77 ,0.00
8/18/1963, 4.77 ,0.00
8/19/1963, 4.77 ,0.00
8/20/1963, 4.77 ,0.00
8/21/1963, 4.77 ,0.00
8/22/1963, 4.77 ,0.00
8/23/1963, 4.77 ,0.00
8/24/1963, 4.77 ,0.00
8/25/1963, 4.77 ,0.00
8/26/1963, 4.77 ,0.00
8/27/1963, 4.77 ,0.00
8/28/1963, 4.77 ,0.00
8/29/1963, 4.77 ,0.00
8/30/1963, 4.77 ,0.00
8/31/1963, 4.77 ,0.00
9/1/1963, 4.77 ,0.00
9/2/1963, 4.77 ,0.00
9/3/1963, 4.77 ,0.00
9/4/1963, 4.77 ,0.00
9/5/1963, 4.77 ,0.00
9/6/1963, 4.77 ,0.00
9/7/1963, 4.77 ,0.00
9/8/1963, 4.77 ,0.00
9/9/1963, 4.77 ,0.00
9/10/1963, 4.77 ,0.00
9/11/1963, 4.77 ,0.00
9/12/1963, 4.77 ,0.00
9/13/1963, 4.77 ,0.00
9/14/1963, 4.77 ,0.00
9/15/1963, 4.77 ,0.00
9/16/1963, 4.77 ,0.00
9/17/1963, 4.77 ,0.00
9/18/1963, 4.77 ,0.00
9/19/1963, 4.77 ,0.00
9/20/1963, 4.77 ,0.00
9/21/1963, 4.77 ,0.00
9/22/1963, 4.77 ,0.00
9/23/1963, 4.77 ,0.00
9/24/1963, 4.77 ,0.00
9/25/1963, 4.77 ,0.00
9/26/1963, 4.77 ,0.00
9/27/1963, 4.77 ,0.00
9/28/1963, 4.77 ,0.00
9/29/1963, 4.77 ,0.00
9/30/1963, 4.77 ,0.00
10/1/1963, 4.77 ,0.00
10/2/1963, 4.77 ,0.00
10/3/1963, 4.77 ,0.00
10/4/1963, 4.77 ,0.00
10/5/1963, 4.77 ,0.00
10/6/1963, 4.77 ,0.00
10/7/1963, 4.77 ,0.00
10/8/1963, 4.77 ,0.00
10/9/1963, 4.77 ,0.00
10/10/1963, 4.77 ,0.00
10/11/1963, 4.77 ,0.00
10/12/1963, 4.77 ,0.00
10/13/1963, 4.77 ,0.00
10/14/1963, 4.77 ,0.00
10/15/1963, 4.77 ,0.00
10/16/1963, 4.77 ,0.00
10/17/1963, 4.77 ,0.00
10/18/1963, 4.77 ,0.00
10/19/1963, 4.77 ,0.00
10/20/1963, 4.77 ,0.00
10/21/1963, 4.77 ,0.00
10/22/1963, 4.77 ,0.00
10/23/1963, 4.77 ,0.00
10/24/1963, 4.77 ,0.00
10/25/1963, 4.77 ,0.00
10/26/1963, 4.77 ,0.00
10/27/1963, 4.77 ,0.00
10/28/1963, 4.77 ,0.00
10/29/1963, 4.77 ,0.00
10/30/1963, 4.77 ,0.00
10/31/1963, 4.77 ,0.00
11/1/1963, 4.77 ,0.00
11/2/1963, 4.77 ,0.00
11/3/1963, 4.77 ,0.00
11/4/1963, 4.77 ,0.00
11/5/1963, 4.77 ,0.00
11/6/1963, 4.77 ,0.00
11/7/1963, 4.77 ,0.00
11/8/1963, 4.77 ,0.00
11/9/1963, 4.77 ,0.00
11/10/1963, 4.77 ,0.00
11/11/1963, 4.77 ,0.00
11/12/1963, 4.77 ,0.00
11/13/1963, 4.77 ,0.00
11/14/1963, 4.77 ,0.00
11/15/1963, 4.77 ,0.00
11/16/1963, 4.77 ,0.00
11/17/1963, 4.77 ,0.00
11/18/1963, 4.77 ,0.00
11/19/1963, 4.77 ,0.00
11/20/1963, 4.77 ,0.00
11/21/1963, 4.77 ,0.00
11/22/1963, 4.77 ,0.00
11/23/1963, 4.77 ,0.00
11/24/1963, 4.77 ,0.00
11/25/1963, 4.77 ,0.00
11/26/1963, 4.77 ,0.00
11/27/1963, 4.77 ,0.00
11/28/1963, 4.77 ,0.00
11/29/1963, 4.77 ,0.00
11/30/1963, 4.77 ,0.00
12/1/1963, 4.77 ,0.00
12/2/1963, 4.77 ,0.00
12/3/1963, 4.77 ,0.00
12/4/1963, 4.77 ,0.00
12/5/1963, 4.77 ,0.00
12/6/1963, 4.77 ,0.00
12/7/1963, 4.77 ,0.00
12/8/1963, 4.77 ,0.00
12/9/1963, 4.77 ,0.00
12/10/1963, 4.77 ,0.00
12/11/1963, 4.77 ,0.00
12/12/1963, 4.77 ,0.00
12/13/1963, 4.77 ,0.00
12/14/1963, 4.77 ,0.00
12/15/1963, 4.77 ,0.00
12/16/1963, 4.77 ,0.00
12/17/1963, 4.77 ,0.00
12/18/1963, 4.77 ,0.00
12/19/1963, 4.77 ,0.00
12/20/1963, 4.77 ,0.00
12/21/1963, 4.77 ,0.00
12/22/1963, 4.77 ,0.00
12/23/1963, 4.77 ,0.00
12/24/1963, 4.77 ,0.00
12/25/1963, 4.77 ,0.00
12/26/1963, 4.77 ,0.00
12/27/1963, 4.77 ,0.00
12/28/1963, 4.77 ,0.00
12/29/1963, 4.77 ,0.00
12/30/1963, 4.77 ,0.00
12/31/1963, 4.77 ,0.00
1/1/1964, 4.77 ,0.00
1/2/1964, 4.77 ,0.00
1/3/1964, 4.77 ,0.00
1/4/1964, 4.77 ,0.00
1/5/1964, 4.77 ,0.00
1/6/1964, 4.77 ,0.00
1/7/1964, 4.77 ,0.00
1/8/1964, 4.77 ,0.00
1/9/1964, 4.77 ,0.00
1/10/1964, 4.77 ,0.00
1/11/1964, 4.77 ,0.00
1/12/1964, 4.77 ,0.00
1/13/1964, 4.77 ,0.00
1/14/1964, 4.77 ,0.00
1/15/1964, 4.77 ,0.00
1/16/1964, 4.77 ,0.00
1/17/1964, 4.77 ,0.00
1/18/1964, 4.77 ,0.00
1/19/1964, 4.77 ,0.00
1/20/1964, 4.77 ,0.00
1/21/1964, 4.77 ,0.00
1/22/1964, 4.77 ,0.00
1/23/1964, 4.77 ,0.00
1/24/1964, 4.77 ,0.00
1/25/1964, 4.77 ,0.00
1/26/1964, 4.77 ,0.00
1/27/1964, 4.77 ,0.00
1/28/1964, 4.77 ,0.00
1/29/1964, 4.77 ,0.00
1/30/1964, 4.77 ,0.00
1/31/1964, 4.77 ,0.00
2/1/1964, 4.77 ,0.00
2/2/1964, 4.77 ,0.00
2/3/1964, 4.77 ,0.00
2/4/1964, 4.77 ,0.00
2/5/1964, 4.77 ,0.00
2/6/1964, 4.77 ,0.00
2/7/1964, 4.77 ,0.00
2/8/1964, 4.77 ,0.00
2/9/1964, 4.77 ,0.00
2/10/1964, 4.77 ,0.00
2/11/1964, 4.77 ,0.00
2/12/1964, 4.77 ,0.00
2/13/1964, 4.77 ,0.00
2/14/1964, 4.77 ,0.00
2/15/1964, 4.77 ,0.00
2/16/1964, 4.77 ,0.00
2/17/1964, 4.77 ,0.00
2/18/1964, 4.77 ,0.00
2/19/1964, 4.77 ,0.00
2/20/1964, 4.77 ,0.00
2/21/1964, 4.77 ,0.00
2/22/1964, 4.77 ,0.00
2/23/1964, 4.77 ,0.00
2/24/1964, 4.77 ,0.00
2/25/1964, 4.77 ,0.00
2/26/1964, 4.77 ,0.00
2/27/1964, 4.77 ,0.00
2/28/1964, 4.77 ,0.00
2/29/1964, 4.77 ,0.00
3/1/1964, 4.77 ,0.00
3/2/1964, 4.77 ,0.00
3/3/1964, 4.77 ,0.00
3/4/1964, 4.77 ,0.00
3/5/1964, 4.77 ,0.00
3/6/1964, 4.77 ,0.00
3/7/1964, 4.77 ,0.00
3/8/1964, 4.77 ,0.00
3/9/1964, 4.77 ,0.00
3/10/1964, 4.77 ,0.00
3/11/1964, 4.77 ,0.00
3/12/1964, 4.77 ,0.00
3/13/1964, 4.77 ,0.00
3/14/1964, 4.77 ,0.00
3/15/1964, 4.77 ,0.00
3/16/1964, 4.77 ,0.00
3/17/1964, 4.77 ,0.00
3/18/1964, 4.77 ,0.00
3/19/1964, 4.77 ,0.00
3/20/1964, 4.77 ,0.00
3/21/1964, 4.77 ,0.00
3/22/1964, 4.77 ,0.00
3/23/1964, 4.77 ,0.00
3/24/1964, 4.77 ,0.00
3/25/1964, 4.77 ,0.00
3/26/1964, 4.77 ,0.00
3/27/1964, 4.77 ,0.00
3/28/1964, 4.77 ,0.00
3/29/1964, 4.77 ,0.00
3/30/1964, 4.77 ,0.00
3/31/1964, 4.77 ,0.00
4/1/1964, 4.77 ,0.00
4/2/1964, 4.77 ,0.00
4/3/1964, 4.77 ,0.00
4/4/1964, 4.77 ,0.00
4/5/1964, 4.77 ,0.00
4/6/1964, 4.77 ,0.00
4/7/1964, 4.77 ,0.00
4/8/1964, 4.77 ,0.00
4/9/1964, 4.77 ,0.00
4/10/1964, 4.77 ,0.00
4/11/1964, 4.77 ,0.00
4/12/1964, 4.77 ,0.00
4/13/1964, 4.77 ,0.00
4/14/1964, 4.77 ,0.00
4/15/1964, 4.77 ,0.00
4/16/1964, 4.77 ,0.00
4/17/1964, 4.77 ,0.00
4/18/1964, 4.77 ,0.00
4/19/1964, 4.77 ,0.00
4/20/1964, 4.77 ,0.00
4/21/1964, 4.77 ,0.00
4/22/1964, 4.77 ,0.00
4/23/1964, 4.77 ,0.00
4/24/1964, 4.77 ,0.00
4/25/1964, 4.77 ,0.00
4/26/1964, 4.77 ,0.00
4/27/1964, 4.77 ,0.00
4/28/1964, 4.77 ,0.00
4/29/1964, 4.77 ,0.00
4/30/1964, 4.77 ,0.00
5/1/1964, 4.77 ,0.00
5/2/1964, 4.77 ,0.00
5/3/1964, 4.77 ,0.00
5/4/1964, 4.77 ,0.00
5/5/1964, 4.77 ,0.00
5/6/1964, 4.77 ,0.00
5/7/1964, 4.77 ,0.00
5/8/1964, 4.77 ,0.00
5/9/1964, 4.77 ,0.00
5/10/1964, 4.77 ,0.00
5/11/1964, 4.77 ,0.00
5/12/1964, 4.77 ,0.00
5/13/1964, 4.77 ,0.00
5/14/1964, 4.77 ,0.00
5/15/1964, 4.77 ,0.00
5/16/1964, 4.77 ,0.00
5/17/1964, 4.77 ,0.00
5/18/1964, 4.77 ,0.00
5/19/1964, 4.77 ,0.00
5/20/1964, 4.77 ,0.00
5/21/1964, 4.77 ,0.00
5/22/1964, 4.77 ,0.00
5/23/1964, 4.77 ,0.00
5/24/1964, 4.77 ,0.00
5/25/1964, 4.77 ,0.00
5/26/1964, 4.77 ,0.00
5/27/1964, 4.77 ,0.00
5/28/1964, 4.77 ,0.00
5/29/1964, 4.77 ,0.00
5/30/1964, 4.77 ,0.00
5/31/1964, 4.77 ,0.00
6/1/1964, 4.77 ,0.00
6/2/1964, 4.77 ,0.00
6/3/1964, 4.77 ,0.00
6/4/1964, 4.77 ,0.00
6/5/1964, 4.77 ,0.00
6/6/1964, 4.77 ,0.00
6/7/1964, 4.77 ,0.00
6/8/1964, 4.77 ,0.00
6/9/1964, 4.77 ,0.00
6/10/1964, 4.77 ,0.00
6/11/1964, 4.77 ,0.00
6/12/1964, 4.77 ,0.00
6/13/1964, 4.77 ,0.00
6/14/1964, 4.77 ,0.00
6/15/1964, 4.77 ,0.00
6/16/1964, 4.77 ,0.00
6/17/1964, 4.77 ,0.00
6/18/1964, 4.77 ,0.00
6/19/1964, 4.77 ,0.00
6/20/1964, 4.77 ,0.00
6/21/1964, 4.77 ,0.00
6/22/1964, 4.77 ,0.00
6/23/1964, 4.77 ,0.00
6/24/1964, 4.77 ,0.00
6/25/1964, 4.77 ,0.00
6/26/1964, 4.77 ,0.00
6/27/1964, 4.77 ,0.00
6/28/1964, 4.77 ,0.00
6/29/1964, 4.77 ,0.00
6/30/1964, 4.77 ,0.00
7/1/1964, 4.77 ,0.00
7/2/1964, 4.77 ,0.00
7/3/1964, 4.77 ,0.00
7/4/1964, 4.77 ,0.00
7/5/1964, 4.77 ,0.00
7/6/1964, 4.77 ,0.00
7/7/1964, 4.77 ,0.00
7/8/1964, 4.77 ,0.00
7/9/1964, 4.77 ,0.00
7/10/1964, 4.77 ,0.00
7/11/1964, 4.77 ,0.00
7/12/1964, 4.77 ,0.00
7/13/1964, 4.77 ,0.00
7/14/1964, 4.77 ,0.00
7/15/1964, 4.77 ,0.00
7/16/1964, 4.77 ,0.00
7/17/1964, 4.77 ,0.00
7/18/1964, 4.77 ,0.00
7/19/1964, 4.77 ,0.00
7/20/1964, 4.77 ,0.00
7/21/1964, 4.77 ,0.00
7/22/1964, 4.77 ,0.00
7/23/1964, 4.77 ,0.00
7/24/1964, 4.77 ,0.00
7/25/1964, 4.77 ,0.00
7/26/1964, 4.77 ,0.00
7/27/1964, 4.77 ,0.00
7/28/1964, 4.77 ,0.00
7/29/1964, 4.77 ,0.00
7/30/1964, 4.77 ,0.00
7/31/1964, 4.77 ,0.00
8/1/1964, 4.77 ,0.00
8/2/1964, 4.77 ,0.00
8/3/1964, 4.77 ,0.00
8/4/1964, 4.77 ,0.00
8/5/1964, 4.77 ,0.00
8/6/1964, 4.77 ,0.00
8/7/1964, 4.77 ,0.00
8/8/1964, 4.77 ,0.00
8/9/1964, 4.77 ,0.00
8/10/1964, 4.77 ,0.00
8/11/1964, 4.77 ,0.00
8/12/1964, 4.77 ,0.00
8/13/1964, 4.77 ,0.00
8/14/1964, 4.77 ,0.00
8/15/1964, 4.77 ,0.00
8/16/1964, 4.77 ,0.00
8/17/1964, 4.77 ,0.00
8/18/1964, 4.77 ,0.00
8/19/1964, 4.77 ,0.00
8/20/1964, 4.77 ,0.00
8/21/1964, 4.77 ,0.00
8/22/1964, 4.77 ,0.00
8/23/1964, 4.77 ,0.00
8/24/1964, 4.77 ,0.00
8/25/1964, 4.77 ,0.00
8/26/1964, 4.77 ,0.00
8/27/1964, 4.77 ,0.00
8/28/1964, 4.77 ,0.00
8/29/1964, 4.77 ,0.00
8/30/1964, 4.77 ,0.00
8/31/1964, 4.77 ,0.00
9/1/1964, 4.77 ,0.00
9/2/1964, 4.77 ,0.00
9/3/1964, 4.77 ,0.00
9/4/1964, 4.77 ,0.00
9/5/1964, 4.77 ,0.00
9/6/1964, 4.77 ,0.00
9/7/1964, 4.77 ,0.00
9/8/1964, 4.77 ,0.00
9/9/1964, 4.77 ,0.00
9/10/1964, 4.77 ,0.00
9/11/1964, 4.77 ,0.00
9/12/1964, 4.77 ,0.00
9/13/1964, 4.77 ,0.00
9/14/1964, 4.77 ,0.00
9/15/1964, 4.77 ,0.00
9/16/1964, 4.77 ,0.00
9/17/1964, 4.77 ,0.00
9/18/1964, 4.77 ,0.00
9/19/1964, 4.77 ,0.00
9/20/1964, 4.77 ,0.00
9/21/1964, 4.77 ,0.00
9/22/1964, 4.77 ,0.00
9/23/1964, 4.77 ,0.00
9/24/1964, 4.77 ,0.00
9/25/1964, 4.77 ,0.00
9/26/1964, 4.77 ,0.00
9/27/1964, 4.77 ,0.00
9/28/1964, 4.77 ,0.00
9/29/1964, 4.77 ,0.00
9/30/1964, 4.77 ,0.00
10/1/1964, 4.77 ,0.00
10/2/1964, 4.77 ,0.00
10/3/1964, 4.77 ,0.00
10/4/1964, 4.77 ,0.00
10/5/1964, 4.77 ,0.00
10/6/1964, 4.77 ,0.00
10/7/1964, 4.77 ,0.00
10/8/1964, 4.77 ,0.00
10/9/1964, 4.77 ,0.00
10/10/1964, 4.77 ,0.00
10/11/1964, 4.77 ,0.00
10/12/1964, 4.77 ,0.00
10/13/1964, 4.77 ,0.00
10/14/1964, 4.77 ,0.00
10/15/1964, 4.77 ,0.00
10/16/1964, 4.77 ,0.00
10/17/1964, 4.77 ,0.00
10/18/1964, 4.77 ,0.00
10/19/1964, 4.77 ,0.00
10/20/1964, 4.77 ,0.00
10/21/1964, 4.77 ,0.00
10/22/1964, 4.77 ,0.00
10/23/1964, 4.77 ,0.00
10/24/1964, 4.77 ,0.00
10/25/1964, 4.77 ,0.00
10/26/1964, 4.77 ,0.00
10/27/1964, 4.77 ,0.00
10/28/1964, 4.77 ,0.00
10/29/1964, 4.77 ,0.00
10/30/1964, 4.77 ,0.00
10/31/1964, 4.77 ,0.00
11/1/1964, 4.77 ,0.00
11/2/1964, 4.77 ,0.00
11/3/1964, 4.77 ,0.00
11/4/1964, 4.77 ,0.00
11/5/1964, 4.77 ,0.00
11/6/1964, 4.77 ,0.00
11/7/1964, 4.77 ,0.00
11/8/1964, 4.77 ,0.00
11/9/1964, 4.77 ,0.00
11/10/1964, 4.77 ,0.00
11/11/1964, 4.77 ,0.00
11/12/1964, 4.77 ,0.00
11/13/1964, 4.77 ,0.00
11/14/1964, 4.77 ,0.00
11/15/1964, 4.77 ,0.00
11/16/1964, 4.77 ,0.00
11/17/1964, 4.77 ,0.00
11/18/1964, 4.77 ,0.00
11/19/1964, 4.77 ,0.00
11/20/1964, 4.77 ,0.00
11/21/1964, 4.77 ,0.00
11/22/1964, 4.77 ,0.00
11/23/1964, 4.77 ,0.00
11/24/1964, 4.77 ,0.00
11/25/1964, 4.77 ,0.00
11/26/1964, 4.77 ,0.00
11/27/1964, 4.77 ,0.00
11/28/1964, 4.77 ,0.00
11/29/1964, 4.77 ,0.00
11/30/1964, 4.77 ,0.00
12/1/1964, 4.77 ,0.00
12/2/1964, 4.77 ,0.00
12/3/1964, 4.77 ,0.00
12/4/1964, 4.77 ,0.00
12/5/1964, 4.77 ,0.00
12/6/1964, 4.77 ,0.00
12/7/1964, 4.77 ,0.00
12/8/1964, 4.77 ,0.00
12/9/1964, 4.77 ,0.00
12/10/1964, 4.77 ,0.00
12/11/1964, 4.77 ,0.00
12/12/1964, 4.77 ,0.00
12/13/1964, 4.77 ,0.00
12/14/1964, 4.77 ,0.00
12/15/1964, 4.77 ,0.00
12/16/1964, 4.77 ,0.00
12/17/1964, 4.77 ,0.00
12/18/1964, 4.77 ,0.00
12/19/1964, 4.77 ,0.00
12/20/1964, 4.77 ,0.00
12/21/1964, 4.77 ,0.00
12/22/1964, 4.77 ,0.00
12/23/1964, 4.77 ,0.00
12/24/1964, 4.77 ,0.00
12/25/1964, 4.77 ,0.00
12/26/1964, 4.77 ,0.00
12/27/1964, 4.77 ,0.00
12/28/1964, 4.77 ,0.00
12/29/1964, 4.77 ,0.00
12/30/1964, 4.77 ,0.00
12/31/1964, 4.77 ,0.00
1/1/1965, 4.77 ,0.00
1/2/1965, 4.77 ,0.00
1/3/1965, 4.77 ,0.00
1/4/1965, 4.77 ,0.00
1/5/1965, 4.77 ,0.00
1/6/1965, 4.77 ,0.00
1/7/1965, 4.77 ,0.00
1/8/1965, 4.77 ,0.00
1/9/1965, 4.77 ,0.00
1/10/1965, 4.77 ,0.00
1/11/1965, 4.77 ,0.00
1/12/1965, 4.77 ,0.00
1/13/1965, 4.77 ,0.00
1/14/1965, 4.77 ,0.00
1/15/1965, 4.77 ,0.00
1/16/1965, 4.77 ,0.00
1/17/1965, 4.77 ,0.00
1/18/1965, 4.77 ,0.00
1/19/1965, 4.77 ,0.00
1/20/1965, 4.77 ,0.00
1/21/1965, 4.77 ,0.00
1/22/1965, 4.77 ,0.00
1/23/1965, 4.77 ,0.00
1/24/1965, 4.77 ,0.00
1/25/1965, 4.77 ,0.00
1/26/1965, 4.77 ,0.00
1/27/1965, 4.77 ,0.00
1/28/1965, 4.77 ,0.00
1/29/1965, 4.77 ,0.00
1/30/1965, 4.77 ,0.00
1/31/1965, 4.77 ,0.00
2/1/1965, 4.77 ,0.00
2/2/1965, 4.77 ,0.00
2/3/1965, 4.77 ,0.00
2/4/1965, 4.77 ,0.00
2/5/1965, 4.77 ,0.00
2/6/1965, 4.77 ,0.00
2/7/1965, 4.77 ,0.00
2/8/1965, 4.77 ,0.00
2/9/1965, 4.77 ,0.00
2/10/1965, 4.77 ,0.00
2/11/1965, 4.77 ,0.00
2/12/1965, 4.77 ,0.00
2/13/1965, 4.77 ,0.00
2/14/1965, 4.77 ,0.00
2/15/1965, 4.77 ,0.00
2/16/1965, 4.77 ,0.00
2/17/1965, 4.77 ,0.00
2/18/1965, 4.77 ,0.00
2/19/1965, 4.77 ,0.00
2/20/1965, 4.77 ,0.00
2/21/1965, 4.77 ,0.00
2/22/1965, 4.77 ,0.00
2/23/1965, 4.77 ,0.00
2/24/1965, 4.77 ,0.00
2/25/1965, 4.77 ,0.00
2/26/1965, 4.77 ,0.00
2/27/1965, 4.77 ,0.00
2/28/1965, 4.77 ,0.00
3/1/1965, 4.77 ,0.00
3/2/1965, 4.77 ,0.00
3/3/1965, 4.77 ,0.00
3/4/1965, 4.77 ,0.00
3/5/1965, 4.77 ,0.00
3/6/1965, 4.77 ,0.00
3/7/1965, 4.77 ,0.00
3/8/1965, 4.77 ,0.00
3/9/1965, 4.77 ,0.00
3/10/1965, 4.77 ,0.00
3/11/1965, 4.77 ,0.00
3/12/1965, 4.77 ,0.00
3/13/1965, 4.77 ,0.00
3/14/1965, 4.77 ,0.00
3/15/1965, 4.77 ,0.00
3/16/1965, 4.77 ,0.00
3/17/1965, 4.77 ,0.00
3/18/1965, 4.77 ,0.00
3/19/1965, 4.77 ,0.00
3/20/1965, 4.77 ,0.00
3/21/1965, 4.77 ,0.00
3/22/1965, 4.77 ,0.00
3/23/1965, 4.77 ,0.00
3/24/1965, 4.77 ,0.00
3/25/1965, 4.77 ,0.00
3/26/1965, 4.77 ,0.00
3/27/1965, 4.77 ,0.00
3/28/1965, 4.77 ,0.00
3/29/1965, 4.77 ,0.00
3/30/1965, 4.77 ,0.00
3/31/1965, 4.77 ,0.00
4/1/1965, 4.77 ,0.00
4/2/1965, 4.77 ,0.00
4/3/1965, 4.77 ,0.00
4/4/1965, 4.77 ,0.00
4/5/1965, 4.77 ,0.00
4/6/1965, 4.77 ,0.00
4/7/1965, 4.77 ,0.00
4/8/1965, 4.77 ,0.00
4/9/1965, 4.77 ,0.00
4/10/1965, 4.77 ,0.00
4/11/1965, 4.77 ,0.00
4/12/1965, 4.77 ,0.00
4/13/1965, 4.77 ,0.00
4/14/1965, 4.77 ,0.00
4/15/1965, 4.77 ,0.00
4/16/1965, 4.77 ,0.00
4/17/1965, 4.77 ,0.00
4/18/1965, 4.77 ,0.00
4/19/1965, 4.77 ,0.00
4/20/1965, 4.77 ,0.00
4/21/1965, 4.77 ,0.00
4/22/1965, 4.77 ,0.00
4/23/1965, 4.77 ,0.00
4/24/1965, 4.77 ,0.00
4/25/1965, 4.77 ,0.00
4/26/1965, 4.77 ,0.00
4/27/1965, 4.77 ,0.00
4/28/1965, 4.77 ,0.00
4/29/1965, 4.77 ,0.00
4/30/1965, 4.77 ,0.00
5/1/1965, 4.77 ,0.00
5/2/1965, 4.77 ,0.00
5/3/1965, 4.77 ,0.00
5/4/1965, 4.77 ,0.00
5/5/1965, 4.77 ,0.00
5/6/1965, 4.77 ,0.00
5/7/1965, 4.77 ,0.00
5/8/1965, 4.77 ,0.00
5/9/1965, 4.77 ,0.00
5/10/1965, 4.77 ,0.00
5/11/1965, 4.77 ,0.00
5/12/1965, 4.77 ,0.00
5/13/1965, 4.77 ,0.00
5/14/1965, 4.77 ,0.00
5/15/1965, 4.77 ,0.00
5/16/1965, 4.77 ,0.00
5/17/1965, 4.77 ,0.00
5/18/1965, 4.77 ,0.00
5/19/1965, 4.77 ,0.00
5/20/1965, 4.77 ,0.00
5/21/1965, 4.77 ,0.00
5/22/1965, 4.77 ,0.00
5/23/1965, 4.77 ,0.00
5/24/1965, 4.77 ,0.00
5/25/1965, 4.77 ,0.00
5/26/1965, 4.77 ,0.00
5/27/1965, 4.77 ,0.00
5/28/1965, 4.77 ,0.00
5/29/1965, 4.77 ,0.00
5/30/1965, 4.77 ,0.00
5/31/1965, 4.77 ,0.00
6/1/1965, 4.77 ,0.00
6/2/1965, 4.77 ,0.00
6/3/1965, 4.77 ,0.00
6/4/1965, 4.77 ,0.00
6/5/1965, 4.77 ,0.00
6/6/1965, 4.77 ,0.00
6/7/1965, 4.77 ,0.00
6/8/1965, 4.77 ,0.00
6/9/1965, 4.77 ,0.00
6/10/1965, 4.77 ,0.00
6/11/1965, 4.77 ,0.00
6/12/1965, 4.77 ,0.00
6/13/1965, 4.77 ,0.00
6/14/1965, 4.77 ,0.00
6/15/1965, 4.77 ,0.00
6/16/1965, 4.77 ,0.00
6/17/1965, 4.77 ,0.00
6/18/1965, 4.77 ,0.00
6/19/1965, 4.77 ,0.00
6/20/1965, 4.77 ,0.00
6/21/1965, 4.77 ,0.00
6/22/1965, 4.77 ,0.00
6/23/1965, 4.77 ,0.00
6/24/1965, 4.77 ,0.00
6/25/1965, 4.77 ,0.00
6/26/1965, 4.77 ,0.00
6/27/1965, 4.77 ,0.00
6/28/1965, 4.77 ,0.00
6/29/1965, 4.77 ,0.00
6/30/1965, 4.77 ,0.00
7/1/1965, 4.77 ,0.00
7/2/1965, 4.77 ,0.00
7/3/1965, 4.77 ,0.00
7/4/1965, 4.77 ,0.00
7/5/1965, 4.77 ,0.00
7/6/1965, 4.77 ,0.00
7/7/1965, 4.77 ,0.00
7/8/1965, 4.77 ,0.00
7/9/1965, 4.77 ,0.00
7/10/1965, 4.77 ,0.00
7/11/1965, 4.77 ,0.00
7/12/1965, 4.77 ,0.00
7/13/1965, 4.77 ,0.00
7/14/1965, 4.77 ,0.00
7/15/1965, 4.77 ,0.00
7/16/1965, 4.77 ,0.00
7/17/1965, 4.77 ,0.00
7/18/1965, 4.77 ,0.00
7/19/1965, 4.77 ,0.00
7/20/1965, 4.77 ,0.00
7/21/1965, 4.77 ,0.00
7/22/1965, 4.77 ,0.00
7/23/1965, 4.77 ,0.00
7/24/1965, 4.77 ,0.00
7/25/1965, 4.77 ,0.00
7/26/1965, 4.77 ,0.00
7/27/1965, 4.77 ,0.00
7/28/1965, 4.77 ,0.00
7/29/1965, 4.77 ,0.00
7/30/1965, 4.77 ,0.00
7/31/1965, 4.77 ,0.00
8/1/1965, 4.77 ,0.00
8/2/1965, 4.77 ,0.00
8/3/1965, 4.77 ,0.00
8/4/1965, 4.77 ,0.00
8/5/1965, 4.77 ,0.00
8/6/1965, 4.77 ,0.00
8/7/1965, 4.77 ,0.00
8/8/1965, 4.77 ,0.00
8/9/1965, 4.77 ,0.00
8/10/1965, 4.77 ,0.00
8/11/1965, 4.77 ,0.00
8/12/1965, 4.77 ,0.00
8/13/1965, 4.77 ,0.00
8/14/1965, 4.77 ,0.00
8/15/1965, 4.77 ,0.00
8/16/1965, 4.77 ,0.00
8/17/1965, 4.77 ,0.00
8/18/1965, 4.77 ,0.00
8/19/1965, 4.77 ,0.00
8/20/1965, 4.77 ,0.00
8/21/1965, 4.77 ,0.00
8/22/1965, 4.77 ,0.00
8/23/1965, 4.77 ,0.00
8/24/1965, 4.77 ,0.00
8/25/1965, 4.77 ,0.00
8/26/1965, 4.77 ,0.00
8/27/1965, 4.77 ,0.00
8/28/1965, 4.77 ,0.00
8/29/1965, 4.77 ,0.00
8/30/1965, 4.77 ,0.00
8/31/1965, 4.77 ,0.00
9/1/1965, 4.77 ,0.00
9/2/1965, 4.77 ,0.00
9/3/1965, 4.77 ,0.00
9/4/1965, 4.77 ,0.00
9/5/1965, 4.77 ,0.00
9/6/1965, 4.77 ,0.00
9/7/1965, 4.77 ,0.00
9/8/1965, 4.77 ,0.00
9/9/1965, 4.77 ,0.00
9/10/1965, 4.77 ,0.00
9/11/1965, 4.77 ,0.00
9/12/1965, 4.77 ,0.00
9/13/1965, 4.77 ,0.00
9/14/1965, 4.77 ,0.00
9/15/1965, 4.77 ,0.00
9/16/1965, 4.77 ,0.00
9/17/1965, 4.77 ,0.00
9/18/1965, 4.77 ,0.00
9/19/1965, 4.77 ,0.00
9/20/1965, 4.77 ,0.00
9/21/1965, 4.77 ,0.00
9/22/1965, 4.77 ,0.00
9/23/1965, 4.77 ,0.00
9/24/1965, 4.77 ,0.00
9/25/1965, 4.77 ,0.00
9/26/1965, 4.77 ,0.00
9/27/1965, 4.77 ,0.00
9/28/1965, 4.77 ,0.00
9/29/1965, 4.77 ,0.00
9/30/1965, 4.77 ,0.00
10/1/1965, 4.77 ,0.00
10/2/1965, 4.77 ,0.00
10/3/1965, 4.77 ,0.00
10/4/1965, 4.77 ,0.00
10/5/1965, 4.77 ,0.00
10/6/1965, 4.77 ,0.00
10/7/1965, 4.77 ,0.00
10/8/1965, 4.77 ,0.00
10/9/1965, 4.77 ,0.00
10/10/1965, 4.77 ,0.00
10/11/1965, 4.77 ,0.00
10/12/1965, 4.77 ,0.00
10/13/1965, 4.77 ,0.00
10/14/1965, 4.77 ,0.00
10/15/1965, 4.77 ,0.00
10/16/1965, 4.77 ,0.00
10/17/1965, 4.77 ,0.00
10/18/1965, 4.77 ,0.00
10/19/1965, 4.77 ,0.00
10/20/1965, 4.77 ,0.00
10/21/1965, 4.77 ,0.00
10/22/1965, 4.77 ,0.00
10/23/1965, 4.77 ,0.00
10/24/1965, 4.77 ,0.00
10/25/1965, 4.77 ,0.00
10/26/1965, 4.77 ,0.00
10/27/1965, 4.77 ,0.00
10/28/1965, 4.77 ,0.00
10/29/1965, 4.77 ,0.00
10/30/1965, 4.77 ,0.00
10/31/1965, 4.77 ,0.00
11/1/1965, 4.77 ,0.00
11/2/1965, 4.77 ,0.00
11/3/1965, 4.77 ,0.00
11/4/1965, 4.77 ,0.00
11/5/1965, 4.77 ,0.00
11/6/1965, 4.77 ,0.00
11/7/1965, 4.77 ,0.00
11/8/1965, 4.77 ,0.00
11/9/1965, 4.77 ,0.00
11/10/1965, 4.77 ,0.00
11/11/1965, 4.77 ,0.00
11/12/1965, 4.77 ,0.00
11/13/1965, 4.77 ,0.00
11/14/1965, 4.77 ,0.00
11/15/1965, 4.77 ,0.00
11/16/1965, 4.77 ,0.00
11/17/1965, 4.77 ,0.00
11/18/1965, 4.77 ,0.00
11/19/1965, 4.77 ,0.00
11/20/1965, 4.77 ,0.00
11/21/1965, 4.77 ,0.00
11/22/1965, 4.77 ,0.00
11/23/1965, 4.77 ,0.00
11/24/1965, 4.77 ,0.00
11/25/1965, 4.77 ,0.00
11/26/1965, 4.77 ,0.00
11/27/1965, 4.77 ,0.00
11/28/1965, 4.77 ,0.00
11/29/1965, 4.77 ,0.00
11/30/1965, 4.77 ,0.00
12/1/1965, 4.77 ,0.00
12/2/1965, 4.77 ,0.00
12/3/1965, 4.77 ,0.00
12/4/1965, 4.77 ,0.00
12/5/1965, 4.77 ,0.00
12/6/1965, 4.77 ,0.00
12/7/1965, 4.77 ,0.00
12/8/1965, 4.77 ,0.00
12/9/1965, 4.77 ,0.00
12/10/1965, 4.77 ,0.00
12/11/1965, 4.77 ,0.00
12/12/1965, 4.77 ,0.00
12/13/1965, 4.77 ,0.00
12/14/1965, 4.77 ,0.00
12/15/1965, 4.77 ,0.00
12/16/1965, 4.77 ,0.00
12/17/1965, 4.77 ,0.00
12/18/1965, 4.77 ,0.00
12/19/1965, 4.77 ,0.00
12/20/1965, 4.77 ,0.00
12/21/1965, 4.77 ,0.00
12/22/1965, 4.77 ,0.00
12/23/1965, 4.77 ,0.00
12/24/1965, 4.77 ,0.00
12/25/1965, 4.77 ,0.00
12/26/1965, 4.77 ,0.00
12/27/1965, 4.77 ,0.00
12/28/1965, 4.77 ,0.00
12/29/1965, 4.77 ,0.00
12/30/1965, 4.77 ,0.00
12/31/1965, 4.77 ,0.00
1/1/1966, 4.77 ,0.00
1/2/1966, 4.77 ,0.00
1/3/1966, 4.77 ,0.00
1/4/1966, 4.77 ,0.00
1/5/1966, 4.77 ,0.00
1/6/1966, 4.77 ,0.00
1/7/1966, 4.77 ,0.00
1/8/1966, 4.77 ,0.00
1/9/1966, 4.77 ,0.00
1/10/1966, 4.77 ,0.00
1/11/1966, 4.77 ,0.00
1/12/1966, 4.77 ,0.00
1/13/1966, 4.77 ,0.00
1/14/1966, 4.77 ,0.00
1/15/1966, 4.77 ,0.00
1/16/1966, 4.77 ,0.00
1/17/1966, 4.77 ,0.00
1/18/1966, 4.77 ,0.00
1/19/1966, 4.77 ,0.00
1/20/1966, 4.77 ,0.00
1/21/1966, 4.77 ,0.00
1/22/1966, 4.77 ,0.00
1/23/1966, 4.77 ,0.00
1/24/1966, 4.77 ,0.00
1/25/1966, 4.77 ,0.00
1/26/1966, 4.77 ,0.00
1/27/1966, 4.77 ,0.00
1/28/1966, 4.77 ,0.00
1/29/1966, 4.77 ,0.00
1/30/1966, 4.77 ,0.00
1/31/1966, 4.77 ,0.00
2/1/1966, 4.77 ,0.00
2/2/1966, 4.77 ,0.00
2/3/1966, 4.77 ,0.00
2/4/1966, 4.77 ,0.00
2/5/1966, 4.77 ,0.00
2/6/1966, 4.77 ,0.00
2/7/1966, 4.77 ,0.00
2/8/1966, 4.77 ,0.00
2/9/1966, 4.77 ,0.00
2/10/1966, 4.77 ,0.00
2/11/1966, 4.77 ,0.00
2/12/1966, 4.77 ,0.00
2/13/1966, 4.77 ,0.00
2/14/1966, 4.77 ,0.00
2/15/1966, 4.77 ,0.00
2/16/1966, 4.77 ,0.00
2/17/1966, 4.77 ,0.00
2/18/1966, 4.77 ,0.00
2/19/1966, 4.77 ,0.00
2/20/1966, 4.77 ,0.00
2/21/1966, 4.77 ,0.00
2/22/1966, 4.77 ,0.00
2/23/1966, 4.77 ,0.00
2/24/1966, 4.77 ,0.00
2/25/1966, 4.77 ,0.00
2/26/1966, 4.77 ,0.00
2/27/1966, 4.77 ,0.00
2/28/1966, 4.77 ,0.00
3/1/1966, 4.77 ,0.00
3/2/1966, 4.77 ,0.00
3/3/1966, 4.77 ,0.00
3/4/1966, 4.77 ,0.00
3/5/1966, 4.77 ,0.00
3/6/1966, 4.77 ,0.00
3/7/1966, 4.77 ,0.00
3/8/1966, 4.77 ,0.00
3/9/1966, 4.77 ,0.00
3/10/1966, 4.77 ,0.00
3/11/1966, 4.77 ,0.00
3/12/1966, 4.77 ,0.00
3/13/1966, 4.77 ,0.00
3/14/1966, 4.77 ,0.00
3/15/1966, 4.77 ,0.00
3/16/1966, 4.77 ,0.00
3/17/1966, 4.77 ,0.00
3/18/1966, 4.77 ,0.00
3/19/1966, 4.77 ,0.00
3/20/1966, 4.77 ,0.00
3/21/1966, 4.77 ,0.00
3/22/1966, 4.77 ,0.00
3/23/1966, 4.77 ,0.00
3/24/1966, 4.77 ,0.00
3/25/1966, 4.77 ,0.00
3/26/1966, 4.77 ,0.00
3/27/1966, 4.77 ,0.00
3/28/1966, 4.77 ,0.00
3/29/1966, 4.77 ,0.00
3/30/1966, 4.77 ,0.00
3/31/1966, 4.77 ,0.00
4/1/1966, 4.77 ,0.00
4/2/1966, 4.77 ,0.00
4/3/1966, 4.77 ,0.00
4/4/1966, 4.77 ,0.00
4/5/1966, 4.77 ,0.00
4/6/1966, 4.77 ,0.00
4/7/1966, 4.77 ,0.00
4/8/1966, 4.77 ,0.00
4/9/1966, 4.77 ,0.00
4/10/1966, 4.77 ,0.00
4/11/1966, 4.77 ,0.00
4/12/1966, 4.77 ,0.00
4/13/1966, 4.77 ,0.00
4/14/1966, 4.77 ,0.00
4/15/1966, 4.77 ,0.00
4/16/1966, 4.77 ,0.00
4/17/1966, 4.77 ,0.00
4/18/1966, 4.77 ,0.00
4/19/1966, 4.77 ,0.00
4/20/1966, 4.77 ,0.00
4/21/1966, 4.77 ,0.00
4/22/1966, 4.77 ,0.00
4/23/1966, 4.77 ,0.00
4/24/1966, 4.77 ,0.00
4/25/1966, 4.77 ,0.00
4/26/1966, 4.77 ,0.00
4/27/1966, 4.77 ,0.00
4/28/1966, 4.77 ,0.00
4/29/1966, 4.77 ,0.00
4/30/1966, 4.77 ,0.00
5/1/1966, 4.77 ,0.00
5/2/1966, 4.77 ,0.00
5/3/1966, 4.77 ,0.00
5/4/1966, 4.77 ,0.00
5/5/1966, 4.77 ,0.00
5/6/1966, 4.77 ,0.00
5/7/1966, 4.77 ,0.00
5/8/1966, 4.77 ,0.00
5/9/1966, 4.77 ,0.00
5/10/1966, 4.77 ,0.00
5/11/1966, 4.77 ,0.00
5/12/1966, 4.77 ,0.00
5/13/1966, 4.77 ,0.00
5/14/1966, 4.77 ,0.00
5/15/1966, 4.77 ,0.00
5/16/1966, 4.77 ,0.00
5/17/1966, 4.77 ,0.00
5/18/1966, 4.77 ,0.00
5/19/1966, 4.77 ,0.00
5/20/1966, 4.77 ,0.00
5/21/1966, 4.77 ,0.00
5/22/1966, 4.77 ,0.00
5/23/1966, 4.77 ,0.00
5/24/1966, 4.77 ,0.00
5/25/1966, 4.77 ,0.00
5/26/1966, 4.77 ,0.00
5/27/1966, 4.77 ,0.00
5/28/1966, 4.77 ,0.00
5/29/1966, 4.77 ,0.00
5/30/1966, 4.77 ,0.00
5/31/1966, 4.77 ,0.00
6/1/1966, 4.77 ,0.00
6/2/1966, 4.77 ,0.00
6/3/1966, 4.77 ,0.00
6/4/1966, 4.77 ,0.00
6/5/1966, 4.77 ,0.00
6/6/1966, 4.77 ,0.00
6/7/1966, 4.77 ,0.00
6/8/1966, 4.77 ,0.00
6/9/1966, 4.77 ,0.00
6/10/1966, 4.77 ,0.00
6/11/1966, 4.77 ,0.00
6/12/1966, 4.77 ,0.00
6/13/1966, 4.77 ,0.00
6/14/1966, 4.77 ,0.00
6/15/1966, 4.77 ,0.00
6/16/1966, 4.77 ,0.00
6/17/1966, 4.77 ,0.00
6/18/1966, 4.77 ,0.00
6/19/1966, 4.77 ,0.00
6/20/1966, 4.77 ,0.00
6/21/1966, 4.77 ,0.00
6/22/1966, 4.77 ,0.00
6/23/1966, 4.77 ,0.00
6/24/1966, 4.77 ,0.00
6/25/1966, 4.77 ,0.00
6/26/1966, 4.77 ,0.00
6/27/1966, 4.77 ,0.00
6/28/1966, 4.77 ,0.00
6/29/1966, 4.77 ,0.00
6/30/1966, 4.77 ,0.00
7/1/1966, 4.77 ,0.00
7/2/1966, 4.77 ,0.00
7/3/1966, 4.77 ,0.00
7/4/1966, 4.77 ,0.00
7/5/1966, 4.77 ,0.00
7/6/1966, 4.77 ,0.00
7/7/1966, 4.77 ,0.00
7/8/1966, 4.77 ,0.00
7/9/1966, 4.77 ,0.00
7/10/1966, 4.77 ,0.00
7/11/1966, 4.77 ,0.00
7/12/1966, 4.77 ,0.00
7/13/1966, 4.77 ,0.00
7/14/1966, 4.77 ,0.00
7/15/1966, 4.77 ,0.00
7/16/1966, 4.77 ,0.00
7/17/1966, 4.77 ,0.00
7/18/1966, 4.77 ,0.00
7/19/1966, 4.77 ,0.00
7/20/1966, 4.77 ,0.00
7/21/1966, 4.77 ,0.00
7/22/1966, 4.77 ,0.00
7/23/1966, 4.77 ,0.00
7/24/1966, 4.77 ,0.00
7/25/1966, 4.77 ,0.00
7/26/1966, 4.77 ,0.00
7/27/1966, 4.77 ,0.00
7/28/1966, 4.77 ,0.00
7/29/1966, 4.77 ,0.00
7/30/1966, 4.77 ,0.00
7/31/1966, 4.77 ,0.00
8/1/1966, 4.77 ,0.00
8/2/1966, 4.77 ,0.00
8/3/1966, 4.77 ,0.00
8/4/1966, 4.77 ,0.00
8/5/1966, 4.77 ,0.00
8/6/1966, 4.77 ,0.00
8/7/1966, 4.77 ,0.00
8/8/1966, 4.77 ,0.00
8/9/1966, 4.77 ,0.00
8/10/1966, 4.77 ,0.00
8/11/1966, 4.77 ,0.00
8/12/1966, 4.77 ,0.00
8/13/1966, 4.77 ,0.00
8/14/1966, 4.77 ,0.00
8/15/1966, 4.77 ,0.00
8/16/1966, 4.77 ,0.00
8/17/1966, 4.77 ,0.00
8/18/1966, 4.77 ,0.00
8/19/1966, 4.77 ,0.00
8/20/1966, 4.77 ,0.00
8/21/1966, 4.77 ,0.00
8/22/1966, 4.77 ,0.00
8/23/1966, 4.77 ,0.00
8/24/1966, 4.77 ,0.00
8/25/1966, 4.77 ,0.00
8/26/1966, 4.77 ,0.00
8/27/1966, 4.77 ,0.00
8/28/1966, 4.77 ,0.00
8/29/1966, 4.77 ,0.00
8/30/1966, 4.77 ,0.00
8/31/1966, 4.77 ,0.00
9/1/1966, 4.77 ,0.00
9/2/1966, 4.77 ,0.00
9/3/1966, 4.77 ,0.00
9/4/1966, 4.77 ,0.00
9/5/1966, 4.77 ,0.00
9/6/1966, 4.77 ,0.00
9/7/1966, 4.77 ,0.00
9/8/1966, 4.77 ,0.00
9/9/1966, 4.77 ,0.00
9/10/1966, 4.77 ,0.00
9/11/1966, 4.77 ,0.00
9/12/1966, 4.77 ,0.00
9/13/1966, 4.77 ,0.00
9/14/1966, 4.77 ,0.00
9/15/1966, 4.77 ,0.00
9/16/1966, 4.77 ,0.00
9/17/1966, 4.77 ,0.00
9/18/1966, 4.77 ,0.00
9/19/1966, 4.77 ,0.00
9/20/1966, 4.77 ,0.00
9/21/1966, 4.77 ,0.00
9/22/1966, 4.77 ,0.00
9/23/1966, 4.77 ,0.00
9/24/1966, 4.77 ,0.00
9/25/1966, 4.77 ,0.00
9/26/1966, 4.77 ,0.00
9/27/1966, 4.77 ,0.00
9/28/1966, 4.77 ,0.00
9/29/1966, 4.77 ,0.00
9/30/1966, 4.77 ,0.00
10/1/1966, 4.77 ,0.00
10/2/1966, 4.77 ,0.00
10/3/1966, 4.77 ,0.00
10/4/1966, 4.77 ,0.00
10/5/1966, 4.77 ,0.00
10/6/1966, 4.77 ,0.00
10/7/1966, 4.77 ,0.00
10/8/1966, 4.77 ,0.00
10/9/1966, 4.77 ,0.00
10/10/1966, 4.77 ,0.00
10/11/1966, 4.77 ,0.00
10/12/1966, 4.77 ,0.00
10/13/1966, 4.77 ,0.00
10/14/1966, 4.77 ,0.00
10/15/1966, 4.77 ,0.00
10/16/1966, 4.77 ,0.00
10/17/1966, 4.77 ,0.00
10/18/1966, 4.77 ,0.00
10/19/1966, 4.77 ,0.00
10/20/1966, 4.77 ,0.00
10/21/1966, 4.77 ,0.00
10/22/1966, 4.77 ,0.00
10/23/1966, 4.77 ,0.00
10/24/1966, 4.77 ,0.00
10/25/1966, 4.77 ,0.00
10/26/1966, 4.77 ,0.00
10/27/1966, 4.77 ,0.00
10/28/1966, 4.77 ,0.00
10/29/1966, 4.77 ,0.00
10/30/1966, 4.77 ,0.00
10/31/1966, 4.77 ,0.00
11/1/1966, 4.77 ,0.00
11/2/1966, 4.77 ,0.00
11/3/1966, 4.77 ,0.00
11/4/1966, 4.77 ,0.00
11/5/1966, 4.77 ,0.00
11/6/1966, 4.77 ,0.00
11/7/1966, 4.77 ,0.00
11/8/1966, 4.77 ,0.00
11/9/1966, 4.77 ,0.00
11/10/1966, 4.77 ,0.00
11/11/1966, 4.77 ,0.00
11/12/1966, 4.77 ,0.00
11/13/1966, 4.77 ,0.00
11/14/1966, 4.77 ,0.00
11/15/1966, 4.77 ,0.00
11/16/1966, 4.77 ,0.00
11/17/1966, 4.77 ,0.00
11/18/1966, 4.77 ,0.00
11/19/1966, 4.77 ,0.00
11/20/1966, 4.77 ,0.00
11/21/1966, 4.77 ,0.00
11/22/1966, 4.77 ,0.00
11/23/1966, 4.77 ,0.00
11/24/1966, 4.77 ,0.00
11/25/1966, 4.77 ,0.00
11/26/1966, 4.77 ,0.00
11/27/1966, 4.77 ,0.00
11/28/1966, 4.77 ,0.00
11/29/1966, 4.77 ,0.00
11/30/1966, 4.77 ,0.00
12/1/1966, 4.77 ,0.00
12/2/1966, 4.77 ,0.00
12/3/1966, 4.77 ,0.00
12/4/1966, 4.77 ,0.00
12/5/1966, 4.77 ,0.00
12/6/1966, 4.77 ,0.00
12/7/1966, 4.77 ,0.00
12/8/1966, 4.77 ,0.00
12/9/1966, 4.77 ,0.00
12/10/1966, 4.77 ,0.00
12/11/1966, 4.77 ,0.00
12/12/1966, 4.77 ,0.00
12/13/1966, 4.77 ,0.00
12/14/1966, 4.77 ,0.00
12/15/1966, 4.77 ,0.00
12/16/1966, 4.77 ,0.00
12/17/1966, 4.77 ,0.00
12/18/1966, 4.77 ,0.00
12/19/1966, 4.77 ,0.00
12/20/1966, 4.77 ,0.00
12/21/1966, 4.77 ,0.00
12/22/1966, 4.77 ,0.00
12/23/1966, 4.77 ,0.00
12/24/1966, 4.77 ,0.00
12/25/1966, 4.77 ,0.00
12/26/1966, 4.77 ,0.00
12/27/1966, 4.77 ,0.00
12/28/1966, 4.77 ,0.00
12/29/1966, 4.77 ,0.00
12/30/1966, 4.77 ,0.00
12/31/1966, 4.77 ,0.00
1/1/1967, 4.77 ,0.00
1/2/1967, 4.77 ,0.00
1/3/1967, 4.77 ,0.00
1/4/1967, 4.77 ,0.00
1/5/1967, 4.77 ,0.00
1/6/1967, 4.77 ,0.00
1/7/1967, 4.77 ,0.00
1/8/1967, 4.77 ,0.00
1/9/1967, 4.77 ,0.00
1/10/1967, 4.77 ,0.00
1/11/1967, 4.77 ,0.00
1/12/1967, 4.77 ,0.00
1/13/1967, 4.77 ,0.00
1/14/1967, 4.77 ,0.00
1/15/1967, 4.77 ,0.00
1/16/1967, 4.77 ,0.00
1/17/1967, 4.77 ,0.00
1/18/1967, 4.77 ,0.00
1/19/1967, 4.77 ,0.00
1/20/1967, 4.77 ,0.00
1/21/1967, 4.77 ,0.00
1/22/1967, 4.77 ,0.00
1/23/1967, 4.77 ,0.00
1/24/1967, 4.77 ,0.00
1/25/1967, 4.77 ,0.00
1/26/1967, 4.77 ,0.00
1/27/1967, 4.77 ,0.00
1/28/1967, 4.77 ,0.00
1/29/1967, 4.77 ,0.00
1/30/1967, 4.77 ,0.00
1/31/1967, 4.77 ,0.00
2/1/1967, 4.77 ,0.00
2/2/1967, 4.77 ,0.00
2/3/1967, 4.77 ,0.00
2/4/1967, 4.77 ,0.00
2/5/1967, 4.77 ,0.00
2/6/1967, 4.77 ,0.00
2/7/1967, 4.77 ,0.00
2/8/1967, 4.77 ,0.00
2/9/1967, 4.77 ,0.00
2/10/1967, 4.77 ,0.00
2/11/1967, 4.77 ,0.00
2/12/1967, 4.77 ,0.00
2/13/1967, 4.77 ,0.00
2/14/1967, 4.77 ,0.00
2/15/1967, 4.77 ,0.00
2/16/1967, 4.77 ,0.00
2/17/1967, 4.77 ,0.00
2/18/1967, 4.77 ,0.00
2/19/1967, 4.77 ,0.00
2/20/1967, 4.77 ,0.00
2/21/1967, 4.77 ,0.00
2/22/1967, 4.77 ,0.00
2/23/1967, 4.77 ,0.00
2/24/1967, 4.77 ,0.00
2/25/1967, 4.77 ,0.00
2/26/1967, 4.77 ,0.00
2/27/1967, 4.77 ,0.00
2/28/1967, 4.77 ,0.00
3/1/1967, 4.77 ,0.00
3/2/1967, 4.77 ,0.00
3/3/1967, 4.77 ,0.00
3/4/1967, 4.77 ,0.00
3/5/1967, 4.77 ,0.00
3/6/1967, 4.77 ,0.00
3/7/1967, 4.77 ,0.00
3/8/1967, 4.77 ,0.00
3/9/1967, 4.77 ,0.00
3/10/1967, 4.77 ,0.00
3/11/1967, 4.77 ,0.00
3/12/1967, 4.77 ,0.00
3/13/1967, 4.77 ,0.00
3/14/1967, 4.77 ,0.00
3/15/1967, 4.77 ,0.00
3/16/1967, 4.77 ,0.00
3/17/1967, 4.77 ,0.00
3/18/1967, 4.77 ,0.00
3/19/1967, 4.77 ,0.00
3/20/1967, 4.77 ,0.00
3/21/1967, 4.77 ,0.00
3/22/1967, 4.77 ,0.00
3/23/1967, 4.77 ,0.00
3/24/1967, 4.77 ,0.00
3/25/1967, 4.77 ,0.00
3/26/1967, 4.77 ,0.00
3/27/1967, 4.77 ,0.00
3/28/1967, 4.77 ,0.00
3/29/1967, 4.77 ,0.00
3/30/1967, 4.77 ,0.00
3/31/1967, 4.77 ,0.00
4/1/1967, 4.77 ,0.00
4/2/1967, 4.77 ,0.00
4/3/1967, 4.77 ,0.00
4/4/1967, 4.77 ,0.00
4/5/1967, 4.77 ,0.00
4/6/1967, 4.77 ,0.00
4/7/1967, 4.77 ,0.00
4/8/1967, 4.77 ,0.00
4/9/1967, 4.77 ,0.00
4/10/1967, 4.77 ,0.00
4/11/1967, 4.77 ,0.00
4/12/1967, 4.77 ,0.00
4/13/1967, 4.77 ,0.00
4/14/1967, 4.77 ,0.00
4/15/1967, 4.77 ,0.00
4/16/1967, 4.77 ,0.00
4/17/1967, 4.77 ,0.00
4/18/1967, 4.77 ,0.00
4/19/1967, 4.77 ,0.00
4/20/1967, 4.77 ,0.00
4/21/1967, 4.77 ,0.00
4/22/1967, 4.77 ,0.00
4/23/1967, 4.77 ,0.00
4/24/1967, 4.77 ,0.00
4/25/1967, 4.77 ,0.00
4/26/1967, 4.77 ,0.00
4/27/1967, 4.77 ,0.00
4/28/1967, 4.77 ,0.00
4/29/1967, 4.77 ,0.00
4/30/1967, 4.77 ,0.00
5/1/1967, 4.77 ,0.00
5/2/1967, 4.77 ,0.00
5/3/1967, 4.77 ,0.00
5/4/1967, 4.77 ,0.00
5/5/1967, 4.77 ,0.00
5/6/1967, 4.77 ,0.00
5/7/1967, 4.77 ,0.00
5/8/1967, 4.77 ,0.00
5/9/1967, 4.77 ,0.00
5/10/1967, 4.77 ,0.00
5/11/1967, 4.77 ,0.00
5/12/1967, 4.77 ,0.00
5/13/1967, 4.77 ,0.00
5/14/1967, 4.77 ,0.00
5/15/1967, 4.77 ,0.00
5/16/1967, 4.77 ,0.00
5/17/1967, 4.77 ,0.00
5/18/1967, 4.77 ,0.00
5/19/1967, 4.77 ,0.00
5/20/1967, 4.77 ,0.00
5/21/1967, 4.77 ,0.00
5/22/1967, 4.77 ,0.00
5/23/1967, 4.77 ,0.00
5/24/1967, 4.77 ,0.00
5/25/1967, 4.77 ,0.00
5/26/1967, 4.77 ,0.00
5/27/1967, 4.77 ,0.00
5/28/1967, 4.77 ,0.00
5/29/1967, 4.77 ,0.00
5/30/1967, 4.77 ,0.00
5/31/1967, 4.77 ,0.00
6/1/1967, 4.77 ,0.00
6/2/1967, 4.77 ,0.00
6/3/1967, 4.77 ,0.00
6/4/1967, 4.77 ,0.00
6/5/1967, 4.77 ,0.00
6/6/1967, 4.77 ,0.00
6/7/1967, 4.77 ,0.00
6/8/1967, 4.77 ,0.00
6/9/1967, 4.77 ,0.00
6/10/1967, 4.77 ,0.00
6/11/1967, 4.77 ,0.00
6/12/1967, 4.77 ,0.00
6/13/1967, 4.77 ,0.00
6/14/1967, 4.77 ,0.00
6/15/1967, 4.77 ,0.00
6/16/1967, 4.77 ,0.00
6/17/1967, 4.77 ,0.00
6/18/1967, 4.77 ,0.00
6/19/1967, 4.77 ,0.00
6/20/1967, 4.77 ,0.00
6/21/1967, 4.77 ,0.00
6/22/1967, 4.77 ,0.00
6/23/1967, 4.77 ,0.00
6/24/1967, 4.77 ,0.00
6/25/1967, 4.77 ,0.00
6/26/1967, 4.77 ,0.00
6/27/1967, 4.77 ,0.00
6/28/1967, 4.77 ,0.00
6/29/1967, 4.77 ,0.00
6/30/1967, 4.77 ,0.00
7/1/1967, 4.77 ,0.00
7/2/1967, 4.77 ,0.00
7/3/1967, 4.77 ,0.00
7/4/1967, 4.77 ,0.00
7/5/1967, 4.77 ,0.00
7/6/1967, 4.77 ,0.00
7/7/1967, 4.77 ,0.00
7/8/1967, 4.77 ,0.00
7/9/1967, 4.77 ,0.00
7/10/1967, 4.77 ,0.00
7/11/1967, 4.77 ,0.00
7/12/1967, 4.77 ,0.00
7/13/1967, 4.77 ,0.00
7/14/1967, 4.77 ,0.00
7/15/1967, 4.77 ,0.00
7/16/1967, 4.77 ,0.00
7/17/1967, 4.77 ,0.00
7/18/1967, 4.77 ,0.00
7/19/1967, 4.77 ,0.00
7/20/1967, 4.77 ,0.00
7/21/1967, 4.77 ,0.00
7/22/1967, 4.77 ,0.00
7/23/1967, 4.77 ,0.00
7/24/1967, 4.77 ,0.00
7/25/1967, 4.77 ,0.00
7/26/1967, 4.77 ,0.00
7/27/1967, 4.77 ,0.00
7/28/1967, 4.77 ,0.00
7/29/1967, 4.77 ,0.00
7/30/1967, 4.77 ,0.00
7/31/1967, 4.77 ,0.00
8/1/1967, 4.77 ,0.00
8/2/1967, 4.77 ,0.00
8/3/1967, 4.77 ,0.00
8/4/1967, 4.77 ,0.00
8/5/1967, 4.77 ,0.00
8/6/1967, 4.77 ,0.00
8/7/1967, 4.77 ,0.00
8/8/1967, 4.77 ,0.00
8/9/1967, 4.77 ,0.00
8/10/1967, 4.77 ,0.00
8/11/1967, 4.77 ,0.00
8/12/1967, 4.77 ,0.00
8/13/1967, 4.77 ,0.00
8/14/1967, 4.77 ,0.00
8/15/1967, 4.77 ,0.00
8/16/1967, 4.77 ,0.00
8/17/1967, 4.77 ,0.00
8/18/1967, 4.77 ,0.00
8/19/1967, 4.77 ,0.00
8/20/1967, 4.77 ,0.00
8/21/1967, 4.77 ,0.00
8/22/1967, 4.77 ,0.00
8/23/1967, 4.77 ,0.00
8/24/1967, 4.77 ,0.00
8/25/1967, 4.77 ,0.00
8/26/1967, 4.77 ,0.00
8/27/1967, 4.77 ,0.00
8/28/1967, 4.77 ,0.00
8/29/1967, 4.77 ,0.00
8/30/1967, 4.77 ,0.00
8/31/1967, 4.77 ,0.00
9/1/1967, 4.77 ,0.00
9/2/1967, 4.77 ,0.00
9/3/1967, 4.77 ,0.00
9/4/1967, 4.77 ,0.00
9/5/1967, 4.77 ,0.00
9/6/1967, 4.77 ,0.00
9/7/1967, 4.77 ,0.00
9/8/1967, 4.77 ,0.00
9/9/1967, 4.77 ,0.00
9/10/1967, 4.77 ,0.00
9/11/1967, 4.77 ,0.00
9/12/1967, 4.77 ,0.00
9/13/1967, 4.77 ,0.00
9/14/1967, 4.77 ,0.00
9/15/1967, 4.77 ,0.00
9/16/1967, 4.77 ,0.00
9/17/1967, 4.77 ,0.00
9/18/1967, 4.77 ,0.00
9/19/1967, 4.77 ,0.00
9/20/1967, 4.77 ,0.00
9/21/1967, 4.77 ,0.00
9/22/1967, 4.77 ,0.00
9/23/1967, 4.77 ,0.00
9/24/1967, 4.77 ,0.00
9/25/1967, 4.77 ,0.00
9/26/1967, 4.77 ,0.00
9/27/1967, 4.77 ,0.00
9/28/1967, 4.77 ,0.00
9/29/1967, 4.77 ,0.00
9/30/1967, 4.77 ,0.00
10/1/1967, 4.77 ,0.00
10/2/1967, 4.77 ,0.00
10/3/1967, 4.77 ,0.00
10/4/1967, 4.77 ,0.00
10/5/1967, 4.77 ,0.00
10/6/1967, 4.77 ,0.00
10/7/1967, 4.77 ,0.00
10/8/1967, 4.77 ,0.00
10/9/1967, 4.77 ,0.00
10/10/1967, 4.77 ,0.00
10/11/1967, 4.77 ,0.00
10/12/1967, 4.77 ,0.00
10/13/1967, 4.77 ,0.00
10/14/1967, 4.77 ,0.00
10/15/1967, 4.77 ,0.00
10/16/1967, 4.77 ,0.00
10/17/1967, 4.77 ,0.00
10/18/1967, 4.77 ,0.00
10/19/1967, 4.77 ,0.00
10/20/1967, 4.77 ,0.00
10/21/1967, 4.77 ,0.00
10/22/1967, 4.77 ,0.00
10/23/1967, 4.77 ,0.00
10/24/1967, 4.77 ,0.00
10/25/1967, 4.77 ,0.00
10/26/1967, 4.77 ,0.00
10/27/1967, 4.77 ,0.00
10/28/1967, 4.77 ,0.00
10/29/1967, 4.77 ,0.00
10/30/1967, 4.77 ,0.00
10/31/1967, 4.77 ,0.00
11/1/1967, 4.77 ,0.00
11/2/1967, 4.77 ,0.00
11/3/1967, 4.77 ,0.00
11/4/1967, 4.77 ,0.00
11/5/1967, 4.77 ,0.00
11/6/1967, 4.77 ,0.00
11/7/1967, 4.77 ,0.00
11/8/1967, 4.77 ,0.00
11/9/1967, 4.77 ,0.00
11/10/1967, 4.77 ,0.00
11/11/1967, 4.77 ,0.00
11/12/1967, 4.77 ,0.00
11/13/1967, 4.77 ,0.00
11/14/1967, 4.77 ,0.00
11/15/1967, 4.77 ,0.00
11/16/1967, 4.77 ,0.00
11/17/1967, 4.77 ,0.00
11/18/1967, 4.77 ,0.00
11/19/1967, 4.77 ,0.00
11/20/1967, 4.77 ,0.00
11/21/1967, 4.77 ,0.00
11/22/1967, 4.77 ,0.00
11/23/1967, 4.77 ,0.00
11/24/1967, 4.77 ,0.00
11/25/1967, 4.77 ,0.00
11/26/1967, 4.77 ,0.00
11/27/1967, 4.77 ,0.00
11/28/1967, 4.77 ,0.00
11/29/1967, 4.77 ,0.00
11/30/1967, 4.77 ,0.00
12/1/1967, 4.77 ,0.00
12/2/1967, 4.77 ,0.00
12/3/1967, 4.77 ,0.00
12/4/1967, 4.77 ,0.00
12/5/1967, 4.77 ,0.00
12/6/1967, 4.77 ,0.00
12/7/1967, 4.77 ,0.00
12/8/1967, 4.77 ,0.00
12/9/1967, 4.77 ,0.00
12/10/1967, 4.77 ,0.00
12/11/1967, 4.77 ,0.00
12/12/1967, 4.77 ,0.00
12/13/1967, 4.77 ,0.00
12/14/1967, 4.77 ,0.00
12/15/1967, 4.77 ,0.00
12/16/1967, 4.77 ,0.00
12/17/1967, 4.77 ,0.00
12/18/1967, 4.77 ,0.00
12/19/1967, 4.77 ,0.00
12/20/1967, 4.77 ,0.00
12/21/1967, 4.77 ,0.00
12/22/1967, 4.77 ,0.00
12/23/1967, 4.77 ,0.00
12/24/1967, 4.77 ,0.00
12/25/1967, 4.77 ,0.00
12/26/1967, 4.77 ,0.00
12/27/1967, 4.77 ,0.00
12/28/1967, 4.77 ,0.00
12/29/1967, 4.77 ,0.00
12/30/1967, 4.77 ,0.00
12/31/1967, 4.77 ,0.00
1/1/1968, 4.77 ,0.00
1/2/1968, 4.77 ,0.00
1/3/1968, 4.77 ,0.00
1/4/1968, 4.77 ,0.00
1/5/1968, 4.77 ,0.00
1/6/1968, 4.77 ,0.00
1/7/1968, 4.77 ,0.00
1/8/1968, 4.77 ,0.00
1/9/1968, 4.77 ,0.00
1/10/1968, 4.77 ,0.00
1/11/1968, 4.77 ,0.00
1/12/1968, 4.77 ,0.00
1/13/1968, 4.77 ,0.00
1/14/1968, 4.77 ,0.00
1/15/1968, 4.77 ,0.00
1/16/1968, 4.77 ,0.00
1/17/1968, 4.77 ,0.00
1/18/1968, 4.77 ,0.00
1/19/1968, 4.77 ,0.00
1/20/1968, 4.77 ,0.00
1/21/1968, 4.77 ,0.00
1/22/1968, 4.77 ,0.00
1/23/1968, 4.77 ,0.00
1/24/1968, 4.77 ,0.00
1/25/1968, 4.77 ,0.00
1/26/1968, 4.77 ,0.00
1/27/1968, 4.77 ,0.00
1/28/1968, 4.77 ,0.00
1/29/1968, 4.77 ,0.00
1/30/1968, 4.77 ,0.00
1/31/1968, 4.77 ,0.00
2/1/1968, 4.77 ,0.00
2/2/1968, 4.77 ,0.00
2/3/1968, 4.77 ,0.00
2/4/1968, 4.77 ,0.00
2/5/1968, 4.77 ,0.00
2/6/1968, 4.77 ,0.00
2/7/1968, 4.77 ,0.00
2/8/1968, 4.77 ,0.00
2/9/1968, 4.77 ,0.00
2/10/1968, 4.77 ,0.00
2/11/1968, 4.77 ,0.00
2/12/1968, 4.77 ,0.00
2/13/1968, 4.77 ,0.00
2/14/1968, 4.77 ,0.00
2/15/1968, 4.77 ,0.00
2/16/1968, 4.77 ,0.00
2/17/1968, 4.77 ,0.00
2/18/1968, 4.77 ,0.00
2/19/1968, 4.77 ,0.00
2/20/1968, 4.77 ,0.00
2/21/1968, 4.77 ,0.00
2/22/1968, 4.77 ,0.00
2/23/1968, 4.77 ,0.00
2/24/1968, 4.77 ,0.00
2/25/1968, 4.77 ,0.00
2/26/1968, 4.77 ,0.00
2/27/1968, 4.77 ,0.00
2/28/1968, 4.77 ,0.00
2/29/1968, 4.77 ,0.00
3/1/1968, 4.77 ,0.00
3/2/1968, 4.77 ,0.00
3/3/1968, 4.77 ,0.00
3/4/1968, 4.77 ,0.00
3/5/1968, 4.77 ,0.00
3/6/1968, 4.77 ,0.00
3/7/1968, 4.77 ,0.00
3/8/1968, 4.77 ,0.00
3/9/1968, 4.77 ,0.00
3/10/1968, 4.77 ,0.00
3/11/1968, 4.77 ,0.00
3/12/1968, 4.77 ,0.00
3/13/1968, 4.77 ,0.00
3/14/1968, 4.77 ,0.00
3/15/1968, 4.77 ,0.00
3/16/1968, 4.77 ,0.00
3/17/1968, 4.77 ,0.00
3/18/1968, 4.77 ,0.00
3/19/1968, 4.77 ,0.00
3/20/1968, 4.77 ,0.00
3/21/1968, 4.77 ,0.00
3/22/1968, 4.77 ,0.00
3/23/1968, 4.77 ,0.00
3/24/1968, 4.77 ,0.00
3/25/1968, 4.77 ,0.00
3/26/1968, 4.77 ,0.00
3/27/1968, 4.77 ,0.00
3/28/1968, 4.77 ,0.00
3/29/1968, 4.77 ,0.00
3/30/1968, 4.77 ,0.00
3/31/1968, 4.77 ,0.00
4/1/1968, 4.77 ,0.00
4/2/1968, 4.77 ,0.00
4/3/1968, 4.77 ,0.00
4/4/1968, 4.77 ,0.00
4/5/1968, 4.77 ,0.00
4/6/1968, 4.77 ,0.00
4/7/1968, 4.77 ,0.00
4/8/1968, 4.77 ,0.00
4/9/1968, 4.77 ,0.00
4/10/1968, 4.77 ,0.00
4/11/1968, 4.77 ,0.00
4/12/1968, 4.77 ,0.00
4/13/1968, 4.77 ,0.00
4/14/1968, 4.77 ,0.00
4/15/1968, 4.77 ,0.00
4/16/1968, 4.77 ,0.00
4/17/1968, 4.77 ,0.00
4/18/1968, 4.77 ,0.00
4/19/1968, 4.77 ,0.00
4/20/1968, 4.77 ,0.00
4/21/1968, 4.77 ,0.00
4/22/1968, 4.77 ,0.00
4/23/1968, 4.77 ,0.00
4/24/1968, 4.77 ,0.00
4/25/1968, 4.77 ,0.00
4/26/1968, 4.77 ,0.00
4/27/1968, 4.77 ,0.00
4/28/1968, 4.77 ,0.00
4/29/1968, 4.77 ,0.00
4/30/1968, 4.77 ,0.00
5/1/1968, 4.77 ,0.00
5/2/1968, 4.77 ,0.00
5/3/1968, 4.77 ,0.00
5/4/1968, 4.77 ,0.00
5/5/1968, 4.77 ,0.00
5/6/1968, 4.77 ,0.00
5/7/1968, 4.77 ,0.00
5/8/1968, 4.77 ,0.00
5/9/1968, 4.77 ,0.00
5/10/1968, 4.77 ,0.00
5/11/1968, 4.77 ,0.00
5/12/1968, 4.77 ,0.00
5/13/1968, 4.77 ,0.00
5/14/1968, 4.77 ,0.00
5/15/1968, 4.77 ,0.00
5/16/1968, 4.77 ,0.00
5/17/1968, 4.77 ,0.00
5/18/1968, 4.77 ,0.00
5/19/1968, 4.77 ,0.00
5/20/1968, 4.77 ,0.00
5/21/1968, 4.77 ,0.00
5/22/1968, 4.77 ,0.00
5/23/1968, 4.77 ,0.00
5/24/1968, 4.77 ,0.00
5/25/1968, 4.77 ,0.00
5/26/1968, 4.77 ,0.00
5/27/1968, 4.77 ,0.00
5/28/1968, 4.77 ,0.00
5/29/1968, 4.77 ,0.00
5/30/1968, 4.77 ,0.00
5/31/1968, 4.77 ,0.00
6/1/1968, 4.77 ,0.00
6/2/1968, 4.77 ,0.00
6/3/1968, 4.77 ,0.00
6/4/1968, 4.77 ,0.00
6/5/1968, 4.77 ,0.00
6/6/1968, 4.77 ,0.00
6/7/1968, 4.77 ,0.00
6/8/1968, 4.77 ,0.00
6/9/1968, 4.77 ,0.00
6/10/1968, 4.77 ,0.00
6/11/1968, 4.77 ,0.00
6/12/1968, 4.77 ,0.00
6/13/1968, 4.77 ,0.00
6/14/1968, 4.77 ,0.00
6/15/1968, 4.77 ,0.00
6/16/1968, 4.77 ,0.00
6/17/1968, 4.77 ,0.00
6/18/1968, 4.77 ,0.00
6/19/1968, 4.77 ,0.00
6/20/1968, 4.77 ,0.00
6/21/1968, 4.77 ,0.00
6/22/1968, 4.77 ,0.00
6/23/1968, 4.77 ,0.00
6/24/1968, 4.77 ,0.00
6/25/1968, 4.77 ,0.00
6/26/1968, 4.77 ,0.00
6/27/1968, 4.77 ,0.00
6/28/1968, 4.77 ,0.00
6/29/1968, 4.77 ,0.00
6/30/1968, 4.77 ,0.00
7/1/1968, 4.77 ,0.00
7/2/1968, 4.77 ,0.00
7/3/1968, 4.77 ,0.00
7/4/1968, 4.77 ,0.00
7/5/1968, 4.77 ,0.00
7/6/1968, 4.77 ,0.00
7/7/1968, 4.77 ,0.00
7/8/1968, 4.77 ,0.00
7/9/1968, 4.77 ,0.00
7/10/1968, 4.77 ,0.00
7/11/1968, 4.77 ,0.00
7/12/1968, 4.77 ,0.00
7/13/1968, 4.77 ,0.00
7/14/1968, 4.77 ,0.00
7/15/1968, 4.77 ,0.00
7/16/1968, 4.77 ,0.00
7/17/1968, 4.77 ,0.00
7/18/1968, 4.77 ,0.00
7/19/1968, 4.77 ,0.00
7/20/1968, 4.77 ,0.00
7/21/1968, 4.77 ,0.00
7/22/1968, 4.77 ,0.00
7/23/1968, 4.77 ,0.00
7/24/1968, 4.77 ,0.00
7/25/1968, 4.77 ,0.00
7/26/1968, 4.77 ,0.00
7/27/1968, 4.77 ,0.00
7/28/1968, 4.77 ,0.00
7/29/1968, 4.77 ,0.00
7/30/1968, 4.77 ,0.00
7/31/1968, 4.77 ,0.00
8/1/1968, 4.77 ,0.00
8/2/1968, 4.77 ,0.00
8/3/1968, 4.77 ,0.00
8/4/1968, 4.77 ,0.00
8/5/1968, 4.77 ,0.00
8/6/1968, 4.77 ,0.00
8/7/1968, 4.77 ,0.00
8/8/1968, 4.77 ,0.00
8/9/1968, 4.77 ,0.00
8/10/1968, 4.77 ,0.00
8/11/1968, 4.77 ,0.00
8/12/1968, 4.77 ,0.00
8/13/1968, 4.77 ,0.00
8/14/1968, 4.77 ,0.00
8/15/1968, 4.77 ,0.00
8/16/1968, 4.77 ,0.00
8/17/1968, 4.77 ,0.00
8/18/1968, 4.77 ,0.00
8/19/1968, 4.77 ,0.00
8/20/1968, 4.77 ,0.00
8/21/1968, 4.77 ,0.00
8/22/1968, 4.77 ,0.00
8/23/1968, 4.77 ,0.00
8/24/1968, 4.77 ,0.00
8/25/1968, 4.77 ,0.00
8/26/1968, 4.77 ,0.00
8/27/1968, 4.77 ,0.00
8/28/1968, 4.77 ,0.00
8/29/1968, 4.77 ,0.00
8/30/1968, 4.77 ,0.00
8/31/1968, 4.77 ,0.00
9/1/1968, 4.77 ,0.00
9/2/1968, 4.77 ,0.00
9/3/1968, 4.77 ,0.00
9/4/1968, 4.77 ,0.00
9/5/1968, 4.77 ,0.00
9/6/1968, 4.77 ,0.00
9/7/1968, 4.77 ,0.00
9/8/1968, 4.77 ,0.00
9/9/1968, 4.77 ,0.00
9/10/1968, 4.77 ,0.00
9/11/1968, 4.77 ,0.00
9/12/1968, 4.77 ,0.00
9/13/1968, 4.77 ,0.00
9/14/1968, 4.77 ,0.00
9/15/1968, 4.77 ,0.00
9/16/1968, 4.77 ,0.00
9/17/1968, 4.77 ,0.00
9/18/1968, 4.77 ,0.00
9/19/1968, 4.77 ,0.00
9/20/1968, 4.77 ,0.00
9/21/1968, 4.77 ,0.00
9/22/1968, 4.77 ,0.00
9/23/1968, 4.77 ,0.00
9/24/1968, 4.77 ,0.00
9/25/1968, 4.77 ,0.00
9/26/1968, 4.77 ,0.00
9/27/1968, 4.77 ,0.00
9/28/1968, 4.77 ,0.00
9/29/1968, 4.77 ,0.00
9/30/1968, 4.77 ,0.00
10/1/1968, 4.77 ,0.00
10/2/1968, 4.77 ,0.00
10/3/1968, 4.77 ,0.00
10/4/1968, 4.77 ,0.00
10/5/1968, 4.77 ,0.00
10/6/1968, 4.77 ,0.00
10/7/1968, 4.77 ,0.00
10/8/1968, 4.77 ,0.00
10/9/1968, 4.77 ,0.00
10/10/1968, 4.77 ,0.00
10/11/1968, 4.77 ,0.00
10/12/1968, 4.77 ,0.00
10/13/1968, 4.77 ,0.00
10/14/1968, 4.77 ,0.00
10/15/1968, 4.77 ,0.00
10/16/1968, 4.77 ,0.00
10/17/1968, 4.77 ,0.00
10/18/1968, 4.77 ,0.00
10/19/1968, 4.77 ,0.00
10/20/1968, 4.77 ,0.00
10/21/1968, 4.77 ,0.00
10/22/1968, 4.77 ,0.00
10/23/1968, 4.77 ,0.00
10/24/1968, 4.77 ,0.00
10/25/1968, 4.77 ,0.00
10/26/1968, 4.77 ,0.00
10/27/1968, 4.77 ,0.00
10/28/1968, 4.77 ,0.00
10/29/1968, 4.77 ,0.00
10/30/1968, 4.77 ,0.00
10/31/1968, 4.77 ,0.00
11/1/1968, 4.77 ,0.00
11/2/1968, 4.77 ,0.00
11/3/1968, 4.77 ,0.00
11/4/1968, 4.77 ,0.00
11/5/1968, 4.77 ,0.00
11/6/1968, 4.77 ,0.00
11/7/1968, 4.77 ,0.00
11/8/1968, 4.77 ,0.00
11/9/1968, 4.77 ,0.00
11/10/1968, 4.77 ,0.00
11/11/1968, 4.77 ,0.00
11/12/1968, 4.77 ,0.00
11/13/1968, 4.77 ,0.00
11/14/1968, 4.77 ,0.00
11/15/1968, 4.77 ,0.00
11/16/1968, 4.77 ,0.00
11/17/1968, 4.77 ,0.00
11/18/1968, 4.77 ,0.00
11/19/1968, 4.77 ,0.00
11/20/1968, 4.77 ,0.00
11/21/1968, 4.77 ,0.00
11/22/1968, 4.77 ,0.00
11/23/1968, 4.77 ,0.00
11/24/1968, 4.77 ,0.00
11/25/1968, 4.77 ,0.00
11/26/1968, 4.77 ,0.00
11/27/1968, 4.77 ,0.00
11/28/1968, 4.77 ,0.00
11/29/1968, 4.77 ,0.00
11/30/1968, 4.77 ,0.00
12/1/1968, 4.77 ,0.00
12/2/1968, 4.77 ,0.00
12/3/1968, 4.77 ,0.00
12/4/1968, 4.77 ,0.00
12/5/1968, 4.77 ,0.00
12/6/1968, 4.77 ,0.00
12/7/1968, 4.77 ,0.00
12/8/1968, 4.77 ,0.00
12/9/1968, 4.77 ,0.00
12/10/1968, 4.77 ,0.00
12/11/1968, 4.77 ,0.00
12/12/1968, 4.77 ,0.00
12/13/1968, 4.77 ,0.00
12/14/1968, 4.77 ,0.00
12/15/1968, 4.77 ,0.00
12/16/1968, 4.77 ,0.00
12/17/1968, 4.77 ,0.00
12/18/1968, 4.77 ,0.00
12/19/1968, 4.77 ,0.00
12/20/1968, 4.77 ,0.00
12/21/1968, 4.77 ,0.00
12/22/1968, 4.77 ,0.00
12/23/1968, 4.77 ,0.00
12/24/1968, 4.77 ,0.00
12/25/1968, 4.77 ,0.00
12/26/1968, 4.77 ,0.00
12/27/1968, 4.77 ,0.00
12/28/1968, 4.77 ,0.00
12/29/1968, 4.77 ,0.00
12/30/1968, 4.77 ,0.00
12/31/1968, 4.77 ,0.00
1/1/1969, 4.77 ,0.00
1/2/1969, 4.77 ,0.00
1/3/1969, 4.77 ,0.00
1/4/1969, 4.77 ,0.00
1/5/1969, 4.77 ,0.00
1/6/1969, 4.77 ,0.00
1/7/1969, 4.77 ,0.00
1/8/1969, 4.77 ,0.00
1/9/1969, 4.77 ,0.00
1/10/1969, 4.77 ,0.00
1/11/1969, 4.77 ,0.00
1/12/1969, 4.77 ,0.00
1/13/1969, 4.77 ,0.00
1/14/1969, 4.77 ,0.00
1/15/1969, 4.77 ,0.00
1/16/1969, 4.77 ,0.00
1/17/1969, 4.77 ,0.00
1/18/1969, 4.77 ,0.00
1/19/1969, 4.77 ,0.00
1/20/1969, 4.77 ,0.00
1/21/1969, 4.77 ,0.00
1/22/1969, 4.77 ,0.00
1/23/1969, 4.77 ,0.00
1/24/1969, 4.77 ,0.00
1/25/1969, 4.77 ,0.00
1/26/1969, 4.77 ,0.00
1/27/1969, 4.77 ,0.00
1/28/1969, 4.77 ,0.00
1/29/1969, 4.77 ,0.00
1/30/1969, 4.77 ,0.00
1/31/1969, 4.77 ,0.00
2/1/1969, 4.77 ,0.00
2/2/1969, 4.77 ,0.00
2/3/1969, 4.77 ,0.00
2/4/1969, 4.77 ,0.00
2/5/1969, 4.77 ,0.00
2/6/1969, 4.77 ,0.00
2/7/1969, 4.77 ,0.00
2/8/1969, 4.77 ,0.00
2/9/1969, 4.77 ,0.00
2/10/1969, 4.77 ,0.00
2/11/1969, 4.77 ,0.00
2/12/1969, 4.77 ,0.00
2/13/1969, 4.77 ,0.00
2/14/1969, 4.77 ,0.00
2/15/1969, 4.77 ,0.00
2/16/1969, 4.77 ,0.00
2/17/1969, 4.77 ,0.00
2/18/1969, 4.77 ,0.00
2/19/1969, 4.77 ,0.00
2/20/1969, 4.77 ,0.00
2/21/1969, 4.77 ,0.00
2/22/1969, 4.77 ,0.00
2/23/1969, 4.77 ,0.00
2/24/1969, 4.77 ,0.00
2/25/1969, 4.77 ,0.00
2/26/1969, 4.77 ,0.00
2/27/1969, 4.77 ,0.00
2/28/1969, 4.77 ,0.00
3/1/1969, 4.77 ,0.00
3/2/1969, 4.77 ,0.00
3/3/1969, 4.77 ,0.00
3/4/1969, 4.77 ,0.00
3/5/1969, 4.77 ,0.00
3/6/1969, 4.77 ,0.00
3/7/1969, 4.77 ,0.00
3/8/1969, 4.77 ,0.00
3/9/1969, 4.77 ,0.00
3/10/1969, 4.77 ,0.00
3/11/1969, 4.77 ,0.00
3/12/1969, 4.77 ,0.00
3/13/1969, 4.77 ,0.00
3/14/1969, 4.77 ,0.00
3/15/1969, 4.77 ,0.00
3/16/1969, 4.77 ,0.00
3/17/1969, 4.77 ,0.00
3/18/1969, 4.77 ,0.00
3/19/1969, 4.77 ,0.00
3/20/1969, 4.77 ,0.00
3/21/1969, 4.77 ,0.00
3/22/1969, 4.77 ,0.00
3/23/1969, 4.77 ,0.00
3/24/1969, 4.77 ,0.00
3/25/1969, 4.77 ,0.00
3/26/1969, 4.77 ,0.00
3/27/1969, 4.77 ,0.00
3/28/1969, 4.77 ,0.00
3/29/1969, 4.77 ,0.00
3/30/1969, 4.77 ,0.00
3/31/1969, 4.77 ,0.00
4/1/1969, 4.77 ,0.00
4/2/1969, 4.77 ,0.00
4/3/1969, 4.77 ,0.00
4/4/1969, 4.77 ,0.00
4/5/1969, 4.77 ,0.00
4/6/1969, 4.77 ,0.00
4/7/1969, 4.77 ,0.00
4/8/1969, 4.77 ,0.00
4/9/1969, 4.77 ,0.00
4/10/1969, 4.77 ,0.00
4/11/1969, 4.77 ,0.00
4/12/1969, 4.77 ,0.00
4/13/1969, 4.77 ,0.00
4/14/1969, 4.77 ,0.00
4/15/1969, 4.77 ,0.00
4/16/1969, 4.77 ,0.00
4/17/1969, 4.77 ,0.00
4/18/1969, 4.77 ,0.00
4/19/1969, 4.77 ,0.00
4/20/1969, 4.77 ,0.00
4/21/1969, 4.77 ,0.00
4/22/1969, 4.77 ,0.00
4/23/1969, 4.77 ,0.00
4/24/1969, 4.77 ,0.00
4/25/1969, 4.77 ,0.00
4/26/1969, 4.77 ,0.00
4/27/1969, 4.77 ,0.00
4/28/1969, 4.77 ,0.00
4/29/1969, 4.77 ,0.00
4/30/1969, 4.77 ,0.00
5/1/1969, 4.77 ,0.00
5/2/1969, 4.77 ,0.00
5/3/1969, 4.77 ,0.00
5/4/1969, 4.77 ,0.00
5/5/1969, 4.77 ,0.00
5/6/1969, 4.77 ,0.00
5/7/1969, 4.77 ,0.00
5/8/1969, 4.77 ,0.00
5/9/1969, 4.77 ,0.00
5/10/1969, 4.77 ,0.00
5/11/1969, 4.77 ,0.00
5/12/1969, 4.77 ,0.00
5/13/1969, 4.77 ,0.00
5/14/1969, 4.77 ,0.00
5/15/1969, 4.77 ,0.00
5/16/1969, 4.77 ,0.00
5/17/1969, 4.77 ,0.00
5/18/1969, 4.77 ,0.00
5/19/1969, 4.77 ,0.00
5/20/1969, 4.77 ,0.00
5/21/1969, 4.77 ,0.00
5/22/1969, 4.77 ,0.00
5/23/1969, 4.77 ,0.00
5/24/1969, 4.77 ,0.00
5/25/1969, 4.77 ,0.00
5/26/1969, 4.77 ,0.00
5/27/1969, 4.77 ,0.00
5/28/1969, 4.77 ,0.00
5/29/1969, 4.77 ,0.00
5/30/1969, 4.77 ,0.00
5/31/1969, 4.77 ,0.00
6/1/1969, 4.77 ,0.00
6/2/1969, 4.77 ,0.00
6/3/1969, 4.77 ,0.00
6/4/1969, 4.77 ,0.00
6/5/1969, 4.77 ,0.00
6/6/1969, 4.77 ,0.00
6/7/1969, 4.77 ,0.00
6/8/1969, 4.77 ,0.00
6/9/1969, 4.77 ,0.00
6/10/1969, 4.77 ,0.00
6/11/1969, 4.77 ,0.00
6/12/1969, 4.77 ,0.00
6/13/1969, 4.77 ,0.00
6/14/1969, 4.77 ,0.00
6/15/1969, 4.77 ,0.00
6/16/1969, 4.77 ,0.00
6/17/1969, 4.77 ,0.00
6/18/1969, 4.77 ,0.00
6/19/1969, 4.77 ,0.00
6/20/1969, 4.77 ,0.00
6/21/1969, 4.77 ,0.00
6/22/1969, 4.77 ,0.00
6/23/1969, 4.77 ,0.00
6/24/1969, 4.77 ,0.00
6/25/1969, 4.77 ,0.00
6/26/1969, 4.77 ,0.00
6/27/1969, 4.77 ,0.00
6/28/1969, 4.77 ,0.00
6/29/1969, 4.77 ,0.00
6/30/1969, 4.77 ,0.00
7/1/1969, 4.77 ,0.00
7/2/1969, 4.77 ,0.00
7/3/1969, 4.77 ,0.00
7/4/1969, 4.77 ,0.00
7/5/1969, 4.77 ,0.00
7/6/1969, 4.77 ,0.00
7/7/1969, 4.77 ,0.00
7/8/1969, 4.77 ,0.00
7/9/1969, 4.77 ,0.00
7/10/1969, 4.77 ,0.00
7/11/1969, 4.77 ,0.00
7/12/1969, 4.77 ,0.00
7/13/1969, 4.77 ,0.00
7/14/1969, 4.77 ,0.00
7/15/1969, 4.77 ,0.00
7/16/1969, 4.77 ,0.00
7/17/1969, 4.77 ,0.00
7/18/1969, 4.77 ,0.00
7/19/1969, 4.77 ,0.00
7/20/1969, 4.77 ,0.00
7/21/1969, 4.77 ,0.00
7/22/1969, 4.77 ,0.00
7/23/1969, 4.77 ,0.00
7/24/1969, 4.77 ,0.00
7/25/1969, 4.77 ,0.00
7/26/1969, 4.77 ,0.00
7/27/1969, 4.77 ,0.00
7/28/1969, 4.77 ,0.00
7/29/1969, 4.77 ,0.00
7/30/1969, 4.77 ,0.00
7/31/1969, 4.77 ,0.00
8/1/1969, 4.77 ,0.00
8/2/1969, 4.77 ,0.00
8/3/1969, 4.77 ,0.00
8/4/1969, 4.77 ,0.00
8/5/1969, 4.77 ,0.00
8/6/1969, 4.77 ,0.00
8/7/1969, 4.77 ,0.00
8/8/1969, 4.77 ,0.00
8/9/1969, 4.77 ,0.00
8/10/1969, 4.77 ,0.00
8/11/1969, 4.77 ,0.00
8/12/1969, 4.77 ,0.00
8/13/1969, 4.77 ,0.00
8/14/1969, 4.77 ,0.00
8/15/1969, 4.77 ,0.00
8/16/1969, 4.77 ,0.00
8/17/1969, 4.77 ,0.00
8/18/1969, 4.77 ,0.00
8/19/1969, 4.77 ,0.00
8/20/1969, 4.77 ,0.00
8/21/1969, 4.77 ,0.00
8/22/1969, 4.77 ,0.00
8/23/1969, 4.77 ,0.00
8/24/1969, 4.77 ,0.00
8/25/1969, 4.77 ,0.00
8/26/1969, 4.77 ,0.00
8/27/1969, 4.77 ,0.00
8/28/1969, 4.77 ,0.00
8/29/1969, 4.77 ,0.00
8/30/1969, 4.77 ,0.00
8/31/1969, 4.77 ,0.00
9/1/1969, 4.77 ,0.00
9/2/1969, 4.77 ,0.00
9/3/1969, 4.77 ,0.00
9/4/1969, 4.77 ,0.00
9/5/1969, 4.77 ,0.00
9/6/1969, 4.77 ,0.00
9/7/1969, 4.77 ,0.00
9/8/1969, 4.77 ,0.00
9/9/1969, 4.77 ,0.00
9/10/1969, 4.77 ,0.00
9/11/1969, 4.77 ,0.00
9/12/1969, 4.77 ,0.00
9/13/1969, 4.77 ,0.00
9/14/1969, 4.77 ,0.00
9/15/1969, 4.77 ,0.00
9/16/1969, 4.77 ,0.00
9/17/1969, 4.77 ,0.00
9/18/1969, 4.77 ,0.00
9/19/1969, 4.77 ,0.00
9/20/1969, 4.77 ,0.00
9/21/1969, 4.77 ,0.00
9/22/1969, 4.77 ,0.00
9/23/1969, 4.77 ,0.00
9/24/1969, 4.77 ,0.00
9/25/1969, 4.77 ,0.00
9/26/1969, 4.77 ,0.00
9/27/1969, 4.77 ,0.00
9/28/1969, 4.77 ,0.00
9/29/1969, 4.77 ,0.00
9/30/1969, 4.77 ,0.00
10/1/1969, 4.77 ,0.00
10/2/1969, 4.77 ,0.00
10/3/1969, 4.77 ,0.00
10/4/1969, 4.77 ,0.00
10/5/1969, 4.77 ,0.00
10/6/1969, 4.77 ,0.00
10/7/1969, 4.77 ,0.00
10/8/1969, 4.77 ,0.00
10/9/1969, 4.77 ,0.00
10/10/1969, 4.77 ,0.00
10/11/1969, 4.77 ,0.00
10/12/1969, 4.77 ,0.00
10/13/1969, 4.77 ,0.00
10/14/1969, 4.77 ,0.00
10/15/1969, 4.77 ,0.00
10/16/1969, 4.77 ,0.00
10/17/1969, 4.77 ,0.00
10/18/1969, 4.77 ,0.00
10/19/1969, 4.77 ,0.00
10/20/1969, 4.77 ,0.00
10/21/1969, 4.77 ,0.00
10/22/1969, 4.77 ,0.00
10/23/1969, 4.77 ,0.00
10/24/1969, 4.77 ,0.00
10/25/1969, 4.77 ,0.00
10/26/1969, 4.77 ,0.00
10/27/1969, 4.77 ,0.00
10/28/1969, 4.77 ,0.00
10/29/1969, 4.77 ,0.00
10/30/1969, 4.77 ,0.00
10/31/1969, 4.77 ,0.00
11/1/1969, 4.77 ,0.00
11/2/1969, 4.77 ,0.00
11/3/1969, 4.77 ,0.00
11/4/1969, 4.77 ,0.00
11/5/1969, 4.77 ,0.00
11/6/1969, 4.77 ,0.00
11/7/1969, 4.77 ,0.00
11/8/1969, 4.77 ,0.00
11/9/1969, 4.77 ,0.00
11/10/1969, 4.77 ,0.00
11/11/1969, 4.77 ,0.00
11/12/1969, 4.77 ,0.00
11/13/1969, 4.77 ,0.00
11/14/1969, 4.77 ,0.00
11/15/1969, 4.77 ,0.00
11/16/1969, 4.77 ,0.00
11/17/1969, 4.77 ,0.00
11/18/1969, 4.77 ,0.00
11/19/1969, 4.77 ,0.00
11/20/1969, 4.77 ,0.00
11/21/1969, 4.77 ,0.00
11/22/1969, 4.77 ,0.00
11/23/1969, 4.77 ,0.00
11/24/1969, 4.77 ,0.00
11/25/1969, 4.77 ,0.00
11/26/1969, 4.77 ,0.00
11/27/1969, 4.77 ,0.00
11/28/1969, 4.77 ,0.00
11/29/1969, 4.77 ,0.00
11/30/1969, 4.77 ,0.00
12/1/1969, 4.77 ,0.00
12/2/1969, 4.77 ,0.00
12/3/1969, 4.77 ,0.00
12/4/1969, 4.77 ,0.00
12/5/1969, 4.77 ,0.00
12/6/1969, 4.77 ,0.00
12/7/1969, 4.77 ,0.00
12/8/1969, 4.77 ,0.00
12/9/1969, 4.77 ,0.00
12/10/1969, 4.77 ,0.00
12/11/1969, 4.77 ,0.00
12/12/1969, 4.77 ,0.00
12/13/1969, 4.77 ,0.00
12/14/1969, 4.77 ,0.00
12/15/1969, 4.77 ,0.00
12/16/1969, 4.77 ,0.00
12/17/1969, 4.77 ,0.00
12/18/1969, 4.77 ,0.00
12/19/1969, 4.77 ,0.00
12/20/1969, 4.77 ,0.00
12/21/1969, 4.77 ,0.00
12/22/1969, 4.77 ,0.00
12/23/1969, 4.77 ,0.00
12/24/1969, 4.77 ,0.00
12/25/1969, 4.77 ,0.00
12/26/1969, 4.77 ,0.00
12/27/1969, 4.77 ,0.00
12/28/1969, 4.77 ,0.00
12/29/1969, 4.77 ,0.00
12/30/1969, 4.77 ,0.00
12/31/1969, 4.77 ,0.00
1/1/1970, 4.77 ,0.00
1/2/1970, 4.77 ,0.00
1/3/1970, 4.77 ,0.00
1/4/1970, 4.77 ,0.00
1/5/1970, 4.77 ,0.00
1/6/1970, 4.77 ,0.00
1/7/1970, 4.77 ,0.00
1/8/1970, 4.77 ,0.00
1/9/1970, 4.77 ,0.00
1/10/1970, 4.77 ,0.00
1/11/1970, 4.77 ,0.00
1/12/1970, 4.77 ,0.00
1/13/1970, 4.77 ,0.00
1/14/1970, 4.77 ,0.00
1/15/1970, 4.77 ,0.00
1/16/1970, 4.77 ,0.00
1/17/1970, 4.77 ,0.00
1/18/1970, 4.77 ,0.00
1/19/1970, 4.77 ,0.00
1/20/1970, 4.77 ,0.00
1/21/1970, 4.77 ,0.00
1/22/1970, 4.77 ,0.00
1/23/1970, 4.77 ,0.00
1/24/1970, 4.77 ,0.00
1/25/1970, 4.77 ,0.00
1/26/1970, 4.77 ,0.00
1/27/1970, 4.77 ,0.00
1/28/1970, 4.77 ,0.00
1/29/1970, 4.77 ,0.00
1/30/1970, 4.77 ,0.00
1/31/1970, 4.77 ,0.00
2/1/1970, 4.77 ,0.00
2/2/1970, 4.77 ,0.00
2/3/1970, 4.77 ,0.00
2/4/1970, 4.77 ,0.00
2/5/1970, 4.77 ,0.00
2/6/1970, 4.77 ,0.00
2/7/1970, 4.77 ,0.00
2/8/1970, 4.77 ,0.00
2/9/1970, 4.77 ,0.00
2/10/1970, 4.77 ,0.00
2/11/1970, 4.77 ,0.00
2/12/1970, 4.77 ,0.00
2/13/1970, 4.77 ,0.00
2/14/1970, 4.77 ,0.00
2/15/1970, 4.77 ,0.00
2/16/1970, 4.77 ,0.00
2/17/1970, 4.77 ,0.00
2/18/1970, 4.77 ,0.00
2/19/1970, 4.77 ,0.00
2/20/1970, 4.77 ,0.00
2/21/1970, 4.77 ,0.00
2/22/1970, 4.77 ,0.00
2/23/1970, 4.77 ,0.00
2/24/1970, 4.77 ,0.00
2/25/1970, 4.77 ,0.00
2/26/1970, 4.77 ,0.00
2/27/1970, 4.77 ,0.00
2/28/1970, 4.77 ,0.00
3/1/1970, 4.77 ,0.00
3/2/1970, 4.77 ,0.00
3/3/1970, 4.77 ,0.00
3/4/1970, 4.77 ,0.00
3/5/1970, 4.77 ,0.00
3/6/1970, 4.77 ,0.00
3/7/1970, 4.77 ,0.00
3/8/1970, 4.77 ,0.00
3/9/1970, 4.77 ,0.00
3/10/1970, 4.77 ,0.00
3/11/1970, 4.77 ,0.00
3/12/1970, 4.77 ,0.00
3/13/1970, 4.77 ,0.00
3/14/1970, 4.77 ,0.00
3/15/1970, 4.77 ,0.00
3/16/1970, 4.77 ,0.00
3/17/1970, 4.77 ,0.00
3/18/1970, 4.77 ,0.00
3/19/1970, 4.77 ,0.00
3/20/1970, 4.77 ,0.00
3/21/1970, 4.77 ,0.00
3/22/1970, 4.77 ,0.00
3/23/1970, 4.77 ,0.00
3/24/1970, 4.77 ,0.00
3/25/1970, 4.77 ,0.00
3/26/1970, 4.77 ,0.00
3/27/1970, 4.77 ,0.00
3/28/1970, 4.77 ,0.00
3/29/1970, 4.77 ,0.00
3/30/1970, 4.77 ,0.00
3/31/1970, 4.77 ,0.00
4/1/1970, 4.77 ,0.00
4/2/1970, 4.77 ,0.00
4/3/1970, 4.77 ,0.00
4/4/1970, 4.77 ,0.00
4/5/1970, 4.77 ,0.00
4/6/1970, 4.77 ,0.00
4/7/1970, 4.77 ,0.00
4/8/1970, 4.77 ,0.00
4/9/1970, 4.77 ,0.00
4/10/1970, 4.77 ,0.00
4/11/1970, 4.77 ,0.00
4/12/1970, 4.77 ,0.00
4/13/1970, 4.77 ,0.00
4/14/1970, 4.77 ,0.00
4/15/1970, 4.77 ,0.00
4/16/1970, 4.77 ,0.00
4/17/1970, 4.77 ,0.00
4/18/1970, 4.77 ,0.00
4/19/1970, 4.77 ,0.00
4/20/1970, 4.77 ,0.00
4/21/1970, 4.77 ,0.00
4/22/1970, 4.77 ,0.00
4/23/1970, 4.77 ,0.00
4/24/1970, 4.77 ,0.00
4/25/1970, 4.77 ,0.00
4/26/1970, 4.77 ,0.00
4/27/1970, 4.77 ,0.00
4/28/1970, 4.77 ,0.00
4/29/1970, 4.77 ,0.00
4/30/1970, 4.77 ,0.00
5/1/1970, 4.77 ,0.00
5/2/1970, 4.77 ,0.00
5/3/1970, 4.77 ,0.00
5/4/1970, 4.77 ,0.00
5/5/1970, 4.77 ,0.00
5/6/1970, 4.77 ,0.00
5/7/1970, 4.77 ,0.00
5/8/1970, 4.77 ,0.00
5/9/1970, 4.77 ,0.00
5/10/1970, 4.77 ,0.00
5/11/1970, 4.77 ,0.00
5/12/1970, 4.77 ,0.00
5/13/1970, 4.77 ,0.00
5/14/1970, 4.77 ,0.00
5/15/1970, 4.77 ,0.00
5/16/1970, 4.77 ,0.00
5/17/1970, 4.77 ,0.00
5/18/1970, 4.77 ,0.00
5/19/1970, 4.77 ,0.00
5/20/1970, 4.77 ,0.00
5/21/1970, 4.77 ,0.00
5/22/1970, 4.77 ,0.00
5/23/1970, 4.77 ,0.00
5/24/1970, 4.77 ,0.00
5/25/1970, 4.77 ,0.00
5/26/1970, 4.77 ,0.00
5/27/1970, 4.77 ,0.00
5/28/1970, 4.77 ,0.00
5/29/1970, 4.77 ,0.00
5/30/1970, 4.77 ,0.00
5/31/1970, 4.77 ,0.00
6/1/1970, 4.77 ,0.00
6/2/1970, 4.77 ,0.00
6/3/1970, 4.77 ,0.00
6/4/1970, 4.77 ,0.00
6/5/1970, 4.77 ,0.00
6/6/1970, 4.77 ,0.00
6/7/1970, 4.77 ,0.00
6/8/1970, 4.77 ,0.00
6/9/1970, 4.77 ,0.00
6/10/1970, 4.77 ,0.00
6/11/1970, 4.77 ,0.00
6/12/1970, 4.77 ,0.00
6/13/1970, 4.77 ,0.00
6/14/1970, 4.77 ,0.00
6/15/1970, 4.77 ,0.00
6/16/1970, 4.77 ,0.00
6/17/1970, 4.77 ,0.00
6/18/1970, 4.77 ,0.00
6/19/1970, 4.77 ,0.00
6/20/1970, 4.77 ,0.00
6/21/1970, 4.77 ,0.00
6/22/1970, 4.77 ,0.00
6/23/1970, 4.77 ,0.00
6/24/1970, 4.77 ,0.00
6/25/1970, 4.77 ,0.00
6/26/1970, 4.77 ,0.00
6/27/1970, 4.77 ,0.00
6/28/1970, 4.77 ,0.00
6/29/1970, 4.77 ,0.00
6/30/1970, 4.77 ,0.00
7/1/1970, 4.77 ,0.00
7/2/1970, 4.77 ,0.00
7/3/1970, 4.77 ,0.00
7/4/1970, 4.77 ,0.00
7/5/1970, 4.77 ,0.00
7/6/1970, 4.77 ,0.00
7/7/1970, 4.77 ,0.00
7/8/1970, 4.77 ,0.00
7/9/1970, 4.77 ,0.00
7/10/1970, 4.77 ,0.00
7/11/1970, 4.77 ,0.00
7/12/1970, 4.77 ,0.00
7/13/1970, 4.77 ,0.00
7/14/1970, 4.77 ,0.00
7/15/1970, 4.77 ,0.00
7/16/1970, 4.77 ,0.00
7/17/1970, 4.77 ,0.00
7/18/1970, 4.77 ,0.00
7/19/1970, 4.77 ,0.00
7/20/1970, 4.77 ,0.00
7/21/1970, 4.77 ,0.00
7/22/1970, 4.77 ,0.00
7/23/1970, 4.77 ,0.00
7/24/1970, 4.77 ,0.00
7/25/1970, 4.77 ,0.00
7/26/1970, 4.77 ,0.00
7/27/1970, 4.77 ,0.00
7/28/1970, 4.77 ,0.00
7/29/1970, 4.77 ,0.00
7/30/1970, 4.77 ,0.00
7/31/1970, 4.77 ,0.00
8/1/1970, 4.77 ,0.00
8/2/1970, 4.77 ,0.00
8/3/1970, 4.77 ,0.00
8/4/1970, 4.77 ,0.00
8/5/1970, 4.77 ,0.00
8/6/1970, 4.77 ,0.00
8/7/1970, 4.77 ,0.00
8/8/1970, 4.77 ,0.00
8/9/1970, 4.77 ,0.00
8/10/1970, 4.77 ,0.00
8/11/1970, 4.77 ,0.00
8/12/1970, 4.77 ,0.00
8/13/1970, 4.77 ,0.00
8/14/1970, 4.77 ,0.00
8/15/1970, 4.77 ,0.00
8/16/1970, 4.77 ,0.00
8/17/1970, 4.77 ,0.00
8/18/1970, 4.77 ,0.00
8/19/1970, 4.77 ,0.00
8/20/1970, 4.77 ,0.00
8/21/1970, 4.77 ,0.00
8/22/1970, 4.77 ,0.00
8/23/1970, 4.77 ,0.00
8/24/1970, 4.77 ,0.00
8/25/1970, 4.77 ,0.00
8/26/1970, 4.77 ,0.00
8/27/1970, 4.77 ,0.00
8/28/1970, 4.77 ,0.00
8/29/1970, 4.77 ,0.00
8/30/1970, 4.77 ,0.00
8/31/1970, 4.77 ,0.00
9/1/1970, 4.77 ,0.00
9/2/1970, 4.77 ,0.00
9/3/1970, 4.77 ,0.00
9/4/1970, 4.77 ,0.00
9/5/1970, 4.77 ,0.00
9/6/1970, 4.77 ,0.00
9/7/1970, 4.77 ,0.00
9/8/1970, 4.77 ,0.00
9/9/1970, 4.77 ,0.00
9/10/1970, 4.77 ,0.00
9/11/1970, 4.77 ,0.00
9/12/1970, 4.77 ,0.00
9/13/1970, 4.77 ,0.00
9/14/1970, 4.77 ,0.00
9/15/1970, 4.77 ,0.00
9/16/1970, 4.77 ,0.00
9/17/1970, 4.77 ,0.00
9/18/1970, 4.77 ,0.00
9/19/1970, 4.77 ,0.00
9/20/1970, 4.77 ,0.00
9/21/1970, 4.77 ,0.00
9/22/1970, 4.77 ,0.00
9/23/1970, 4.77 ,0.00
9/24/1970, 4.77 ,0.00
9/25/1970, 4.77 ,0.00
9/26/1970, 4.77 ,0.00
9/27/1970, 4.77 ,0.00
9/28/1970, 4.77 ,0.00
9/29/1970, 4.77 ,0.00
9/30/1970, 4.77 ,0.00
10/1/1970, 4.77 ,0.00
10/2/1970, 4.77 ,0.00
10/3/1970, 4.77 ,0.00
10/4/1970, 4.77 ,0.00
10/5/1970, 4.77 ,0.00
10/6/1970, 4.77 ,0.00
10/7/1970, 4.77 ,0.00
10/8/1970, 4.77 ,0.00
10/9/1970, 4.77 ,0.00
10/10/1970, 4.77 ,0.00
10/11/1970, 4.77 ,0.00
10/12/1970, 4.77 ,0.00
10/13/1970, 4.77 ,0.00
10/14/1970, 4.77 ,0.00
10/15/1970, 4.77 ,0.00
10/16/1970, 4.77 ,0.00
10/17/1970, 4.77 ,0.00
10/18/1970, 4.77 ,0.00
10/19/1970, 4.77 ,0.00
10/20/1970, 4.77 ,0.00
10/21/1970, 4.77 ,0.00
10/22/1970, 4.77 ,0.00
10/23/1970, 4.77 ,0.00
10/24/1970, 4.77 ,0.00
10/25/1970, 4.77 ,0.00
10/26/1970, 4.77 ,0.00
10/27/1970, 4.77 ,0.00
10/28/1970, 4.77 ,0.00
10/29/1970, 4.77 ,0.00
10/30/1970, 4.77 ,0.00
10/31/1970, 4.77 ,0.00
11/1/1970, 4.77 ,0.00
11/2/1970, 4.77 ,0.00
11/3/1970, 4.77 ,0.00
11/4/1970, 4.77 ,0.00
11/5/1970, 4.77 ,0.00
11/6/1970, 4.77 ,0.00
11/7/1970, 4.77 ,0.00
11/8/1970, 4.77 ,0.00
11/9/1970, 4.77 ,0.00
11/10/1970, 4.77 ,0.00
11/11/1970, 4.77 ,0.00
11/12/1970, 4.77 ,0.00
11/13/1970, 4.77 ,0.00
11/14/1970, 4.77 ,0.00
11/15/1970, 4.77 ,0.00
11/16/1970, 4.77 ,0.00
11/17/1970, 4.77 ,0.00
11/18/1970, 4.77 ,0.00
11/19/1970, 4.77 ,0.00
11/20/1970, 4.77 ,0.00
11/21/1970, 4.77 ,0.00
11/22/1970, 4.77 ,0.00
11/23/1970, 4.77 ,0.00
11/24/1970, 4.77 ,0.00
11/25/1970, 4.77 ,0.00
11/26/1970, 4.77 ,0.00
11/27/1970, 4.77 ,0.00
11/28/1970, 4.77 ,0.00
11/29/1970, 4.77 ,0.00
11/30/1970, 4.77 ,0.00
12/1/1970, 4.77 ,0.00
12/2/1970, 4.77 ,0.00
12/3/1970, 4.77 ,0.00
12/4/1970, 4.77 ,0.00
12/5/1970, 4.77 ,0.00
12/6/1970, 4.77 ,0.00
12/7/1970, 4.77 ,0.00
12/8/1970, 4.77 ,0.00
12/9/1970, 4.77 ,0.00
12/10/1970, 4.77 ,0.00
12/11/1970, 4.77 ,0.00
12/12/1970, 4.77 ,0.00
12/13/1970, 4.77 ,0.00
12/14/1970, 4.77 ,0.00
12/15/1970, 4.77 ,0.00
12/16/1970, 4.77 ,0.00
12/17/1970, 4.77 ,0.00
12/18/1970, 4.77 ,0.00
12/19/1970, 4.77 ,0.00
12/20/1970, 4.77 ,0.00
12/21/1970, 4.77 ,0.00
12/22/1970, 4.77 ,0.00
12/23/1970, 4.77 ,0.00
12/24/1970, 4.77 ,0.00
12/25/1970, 4.77 ,0.00
12/26/1970, 4.77 ,0.00
12/27/1970, 4.77 ,0.00
12/28/1970, 4.77 ,0.00
12/29/1970, 4.77 ,0.00
12/30/1970, 4.77 ,0.00
12/31/1970, 4.77 ,0.00
1/1/1971, 4.77 ,0.00
1/2/1971, 4.77 ,0.00
1/3/1971, 4.77 ,0.00
1/4/1971, 4.77 ,0.00
1/5/1971, 4.77 ,0.00
1/6/1971, 4.77 ,0.00
1/7/1971, 4.77 ,0.00
1/8/1971, 4.77 ,0.00
1/9/1971, 4.77 ,0.00
1/10/1971, 4.77 ,0.00
1/11/1971, 4.77 ,0.00
1/12/1971, 4.77 ,0.00
1/13/1971, 4.77 ,0.00
1/14/1971, 4.77 ,0.00
1/15/1971, 4.77 ,0.00
1/16/1971, 4.77 ,0.00
1/17/1971, 4.77 ,0.00
1/18/1971, 4.77 ,0.00
1/19/1971, 4.77 ,0.00
1/20/1971, 4.77 ,0.00
1/21/1971, 4.77 ,0.00
1/22/1971, 4.77 ,0.00
1/23/1971, 4.77 ,0.00
1/24/1971, 4.77 ,0.00
1/25/1971, 4.77 ,0.00
1/26/1971, 4.77 ,0.00
1/27/1971, 4.77 ,0.00
1/28/1971, 4.77 ,0.00
1/29/1971, 4.77 ,0.00
1/30/1971, 4.77 ,0.00
1/31/1971, 4.77 ,0.00
2/1/1971, 4.77 ,0.00
2/2/1971, 4.77 ,0.00
2/3/1971, 4.77 ,0.00
2/4/1971, 4.77 ,0.00
2/5/1971, 4.77 ,0.00
2/6/1971, 4.77 ,0.00
2/7/1971, 4.77 ,0.00
2/8/1971, 4.77 ,0.00
2/9/1971, 4.77 ,0.00
2/10/1971, 4.77 ,0.00
2/11/1971, 4.77 ,0.00
2/12/1971, 4.77 ,0.00
2/13/1971, 4.77 ,0.00
2/14/1971, 4.77 ,0.00
2/15/1971, 4.77 ,0.00
2/16/1971, 4.77 ,0.00
2/17/1971, 4.77 ,0.00
2/18/1971, 4.77 ,0.00
2/19/1971, 4.77 ,0.00
2/20/1971, 4.77 ,0.00
2/21/1971, 4.77 ,0.00
2/22/1971, 4.77 ,0.00
2/23/1971, 4.77 ,0.00
2/24/1971, 4.77 ,0.00
2/25/1971, 4.77 ,0.00
2/26/1971, 4.77 ,0.00
2/27/1971, 4.77 ,0.00
2/28/1971, 4.77 ,0.00
3/1/1971, 4.77 ,0.00
3/2/1971, 4.77 ,0.00
3/3/1971, 4.77 ,0.00
3/4/1971, 4.77 ,0.00
3/5/1971, 4.77 ,0.00
3/6/1971, 4.77 ,0.00
3/7/1971, 4.77 ,0.00
3/8/1971, 4.77 ,0.00
3/9/1971, 4.77 ,0.00
3/10/1971, 4.77 ,0.00
3/11/1971, 4.77 ,0.00
3/12/1971, 4.77 ,0.00
3/13/1971, 4.77 ,0.00
3/14/1971, 4.77 ,0.00
3/15/1971, 4.77 ,0.00
3/16/1971, 4.77 ,0.00
3/17/1971, 4.77 ,0.00
3/18/1971, 4.77 ,0.00
3/19/1971, 4.77 ,0.00
3/20/1971, 4.77 ,0.00
3/21/1971, 4.77 ,0.00
3/22/1971, 4.77 ,0.00
3/23/1971, 4.77 ,0.00
3/24/1971, 4.77 ,0.00
3/25/1971, 4.77 ,0.00
3/26/1971, 4.77 ,0.00
3/27/1971, 4.77 ,0.00
3/28/1971, 4.77 ,0.00
3/29/1971, 4.77 ,0.00
3/30/1971, 4.77 ,0.00
3/31/1971, 4.77 ,0.00
4/1/1971, 4.77 ,0.00
4/2/1971, 4.77 ,0.00
4/3/1971, 4.77 ,0.00
4/4/1971, 4.77 ,0.00
4/5/1971, 4.77 ,0.00
4/6/1971, 4.77 ,0.00
4/7/1971, 4.77 ,0.00
4/8/1971, 4.77 ,0.00
4/9/1971, 4.77 ,0.00
4/10/1971, 4.77 ,0.00
4/11/1971, 4.77 ,0.00
4/12/1971, 4.77 ,0.00
4/13/1971, 4.77 ,0.00
4/14/1971, 4.77 ,0.00
4/15/1971, 4.77 ,0.00
4/16/1971, 4.77 ,0.00
4/17/1971, 4.77 ,0.00
4/18/1971, 4.77 ,0.00
4/19/1971, 4.77 ,0.00
4/20/1971, 4.77 ,0.00
4/21/1971, 4.77 ,0.00
4/22/1971, 4.77 ,0.00
4/23/1971, 4.77 ,0.00
4/24/1971, 4.77 ,0.00
4/25/1971, 4.77 ,0.00
4/26/1971, 4.77 ,0.00
4/27/1971, 4.77 ,0.00
4/28/1971, 4.77 ,0.00
4/29/1971, 4.77 ,0.00
4/30/1971, 4.77 ,0.00
5/1/1971, 4.77 ,0.00
5/2/1971, 4.77 ,0.00
5/3/1971, 4.77 ,0.00
5/4/1971, 4.77 ,0.00
5/5/1971, 4.77 ,0.00
5/6/1971, 4.77 ,0.00
5/7/1971, 4.77 ,0.00
5/8/1971, 4.77 ,0.00
5/9/1971, 4.77 ,0.00
5/10/1971, 4.77 ,0.00
5/11/1971, 4.77 ,0.00
5/12/1971, 4.77 ,0.00
5/13/1971, 4.77 ,0.00
5/14/1971, 4.77 ,0.00
5/15/1971, 4.77 ,0.00
5/16/1971, 4.77 ,0.00
5/17/1971, 4.77 ,0.00
5/18/1971, 4.77 ,0.00
5/19/1971, 4.77 ,0.00
5/20/1971, 4.77 ,0.00
5/21/1971, 4.77 ,0.00
5/22/1971, 4.77 ,0.00
5/23/1971, 4.77 ,0.00
5/24/1971, 4.77 ,0.00
5/25/1971, 4.77 ,0.00
5/26/1971, 4.77 ,0.00
5/27/1971, 4.77 ,0.00
5/28/1971, 4.77 ,0.00
5/29/1971, 4.77 ,0.00
5/30/1971, 4.77 ,0.00
5/31/1971, 4.77 ,0.00
6/1/1971, 4.77 ,0.00
6/2/1971, 4.77 ,0.00
6/3/1971, 4.77 ,0.00
6/4/1971, 4.77 ,0.00
6/5/1971, 4.77 ,0.00
6/6/1971, 4.77 ,0.00
6/7/1971, 4.77 ,0.00
6/8/1971, 4.77 ,0.00
6/9/1971, 4.77 ,0.00
6/10/1971, 4.77 ,0.00
6/11/1971, 4.77 ,0.00
6/12/1971, 4.77 ,0.00
6/13/1971, 4.77 ,0.00
6/14/1971, 4.77 ,0.00
6/15/1971, 4.77 ,0.00
6/16/1971, 4.77 ,0.00
6/17/1971, 4.77 ,0.00
6/18/1971, 4.77 ,0.00
6/19/1971, 4.77 ,0.00
6/20/1971, 4.77 ,0.00
6/21/1971, 4.77 ,0.00
6/22/1971, 4.77 ,0.00
6/23/1971, 4.77 ,0.00
6/24/1971, 4.77 ,0.00
6/25/1971, 4.77 ,0.00
6/26/1971, 4.77 ,0.00
6/27/1971, 4.77 ,0.00
6/28/1971, 4.77 ,0.00
6/29/1971, 4.77 ,0.00
6/30/1971, 4.77 ,0.00
7/1/1971, 4.77 ,0.00
7/2/1971, 4.77 ,0.00
7/3/1971, 4.77 ,0.00
7/4/1971, 4.77 ,0.00
7/5/1971, 4.77 ,0.00
7/6/1971, 4.77 ,0.00
7/7/1971, 4.77 ,0.00
7/8/1971, 4.77 ,0.00
7/9/1971, 4.77 ,0.00
7/10/1971, 4.77 ,0.00
7/11/1971, 4.77 ,0.00
7/12/1971, 4.77 ,0.00
7/13/1971, 4.77 ,0.00
7/14/1971, 4.77 ,0.00
7/15/1971, 4.77 ,0.00
7/16/1971, 4.77 ,0.00
7/17/1971, 4.77 ,0.00
7/18/1971, 4.77 ,0.00
7/19/1971, 4.77 ,0.00
7/20/1971, 4.77 ,0.00
7/21/1971, 4.77 ,0.00
7/22/1971, 4.77 ,0.00
7/23/1971, 4.77 ,0.00
7/24/1971, 4.77 ,0.00
7/25/1971, 4.77 ,0.00
7/26/1971, 4.77 ,0.00
7/27/1971, 4.77 ,0.00
7/28/1971, 4.77 ,0.00
7/29/1971, 4.77 ,0.00
7/30/1971, 4.77 ,0.00
7/31/1971, 4.77 ,0.00
8/1/1971, 4.77 ,0.00
8/2/1971, 4.77 ,0.00
8/3/1971, 4.77 ,0.00
8/4/1971, 4.77 ,0.00
8/5/1971, 4.77 ,0.00
8/6/1971, 4.77 ,0.00
8/7/1971, 4.77 ,0.00
8/8/1971, 4.77 ,0.00
8/9/1971, 4.77 ,0.00
8/10/1971, 4.77 ,0.00
8/11/1971, 4.77 ,0.00
8/12/1971, 4.77 ,0.00
8/13/1971, 4.77 ,0.00
8/14/1971, 4.77 ,0.00
8/15/1971, 4.77 ,0.00
8/16/1971, 4.77 ,0.00
8/17/1971, 4.77 ,0.00
8/18/1971, 4.77 ,0.00
8/19/1971, 4.77 ,0.00
8/20/1971, 4.77 ,0.00
8/21/1971, 4.77 ,0.00
8/22/1971, 4.77 ,0.00
8/23/1971, 4.77 ,0.00
8/24/1971, 4.77 ,0.00
8/25/1971, 4.77 ,0.00
8/26/1971, 4.77 ,0.00
8/27/1971, 4.77 ,0.00
8/28/1971, 4.77 ,0.00
8/29/1971, 4.77 ,0.00
8/30/1971, 4.77 ,0.00
8/31/1971, 4.77 ,0.00
9/1/1971, 4.77 ,0.00
9/2/1971, 4.77 ,0.00
9/3/1971, 4.77 ,0.00
9/4/1971, 4.77 ,0.00
9/5/1971, 4.77 ,0.00
9/6/1971, 4.77 ,0.00
9/7/1971, 4.77 ,0.00
9/8/1971, 4.77 ,0.00
9/9/1971, 4.77 ,0.00
9/10/1971, 4.77 ,0.00
9/11/1971, 4.77 ,0.00
9/12/1971, 4.77 ,0.00
9/13/1971, 4.77 ,0.00
9/14/1971, 4.77 ,0.00
9/15/1971, 4.77 ,0.00
9/16/1971, 4.77 ,0.00
9/17/1971, 4.77 ,0.00
9/18/1971, 4.77 ,0.00
9/19/1971, 4.77 ,0.00
9/20/1971, 4.77 ,0.00
9/21/1971, 4.77 ,0.00
9/22/1971, 4.77 ,0.00
9/23/1971, 4.77 ,0.00
9/24/1971, 4.77 ,0.00
9/25/1971, 4.77 ,0.00
9/26/1971, 4.77 ,0.00
9/27/1971, 4.77 ,0.00
9/28/1971, 4.77 ,0.00
9/29/1971, 4.77 ,0.00
9/30/1971, 4.77 ,0.00
10/1/1971, 4.77 ,0.00
10/2/1971, 4.77 ,0.00
10/3/1971, 4.77 ,0.00
10/4/1971, 4.77 ,0.00
10/5/1971, 4.77 ,0.00
10/6/1971, 4.77 ,0.00
10/7/1971, 4.77 ,0.00
10/8/1971, 4.77 ,0.00
10/9/1971, 4.77 ,0.00
10/10/1971, 4.77 ,0.00
10/11/1971, 4.77 ,0.00
10/12/1971, 4.77 ,0.00
10/13/1971, 4.77 ,0.00
10/14/1971, 4.77 ,0.00
10/15/1971, 4.77 ,0.00
10/16/1971, 4.77 ,0.00
10/17/1971, 4.77 ,0.00
10/18/1971, 4.77 ,0.00
10/19/1971, 4.77 ,0.00
10/20/1971, 4.77 ,0.00
10/21/1971, 4.77 ,0.00
10/22/1971, 4.77 ,0.00
10/23/1971, 4.77 ,0.00
10/24/1971, 4.77 ,0.00
10/25/1971, 4.77 ,0.00
10/26/1971, 4.77 ,0.00
10/27/1971, 4.77 ,0.00
10/28/1971, 4.77 ,0.00
10/29/1971, 4.77 ,0.00
10/30/1971, 4.77 ,0.00
10/31/1971, 4.77 ,0.00
11/1/1971, 4.77 ,0.00
11/2/1971, 4.77 ,0.00
11/3/1971, 4.77 ,0.00
11/4/1971, 4.77 ,0.00
11/5/1971, 4.77 ,0.00
11/6/1971, 4.77 ,0.00
11/7/1971, 4.77 ,0.00
11/8/1971, 4.77 ,0.00
11/9/1971, 4.77 ,0.00
11/10/1971, 4.77 ,0.00
11/11/1971, 4.77 ,0.00
11/12/1971, 4.77 ,0.00
11/13/1971, 4.77 ,0.00
11/14/1971, 4.77 ,0.00
11/15/1971, 4.77 ,0.00
11/16/1971, 4.77 ,0.00
11/17/1971, 4.77 ,0.00
11/18/1971, 4.77 ,0.00
11/19/1971, 4.77 ,0.00
11/20/1971, 4.77 ,0.00
11/21/1971, 4.77 ,0.00
11/22/1971, 4.77 ,0.00
11/23/1971, 4.77 ,0.00
11/24/1971, 4.77 ,0.00
11/25/1971, 4.77 ,0.00
11/26/1971, 4.77 ,0.00
11/27/1971, 4.77 ,0.00
11/28/1971, 4.77 ,0.00
11/29/1971, 4.77 ,0.00
11/30/1971, 4.77 ,0.00
12/1/1971, 4.77 ,0.00
12/2/1971, 4.77 ,0.00
12/3/1971, 4.77 ,0.00
12/4/1971, 4.77 ,0.00
12/5/1971, 4.77 ,0.00
12/6/1971, 4.77 ,0.00
12/7/1971, 4.77 ,0.00
12/8/1971, 4.77 ,0.00
12/9/1971, 4.77 ,0.00
12/10/1971, 4.77 ,0.00
12/11/1971, 4.77 ,0.00
12/12/1971, 4.77 ,0.00
12/13/1971, 4.77 ,0.00
12/14/1971, 4.77 ,0.00
12/15/1971, 4.77 ,0.00
12/16/1971, 4.77 ,0.00
12/17/1971, 4.77 ,0.00
12/18/1971, 4.77 ,0.00
12/19/1971, 4.77 ,0.00
12/20/1971, 4.77 ,0.00
12/21/1971, 4.77 ,0.00
12/22/1971, 4.77 ,0.00
12/23/1971, 4.77 ,0.00
12/24/1971, 4.77 ,0.00
12/25/1971, 4.77 ,0.00
12/26/1971, 4.77 ,0.00
12/27/1971, 4.77 ,0.00
12/28/1971, 4.77 ,0.00
12/29/1971, 4.77 ,0.00
12/30/1971, 4.77 ,0.00
12/31/1971, 4.77 ,0.00
1/1/1972, 4.77 ,0.00
1/2/1972, 4.77 ,0.00
1/3/1972, 4.77 ,0.00
1/4/1972, 4.77 ,0.00
1/5/1972, 4.77 ,0.00
1/6/1972, 4.77 ,0.00
1/7/1972, 4.77 ,0.00
1/8/1972, 4.77 ,0.00
1/9/1972, 4.77 ,0.00
1/10/1972, 4.77 ,0.00
1/11/1972, 4.77 ,0.00
1/12/1972, 4.77 ,0.00
1/13/1972, 4.77 ,0.00
1/14/1972, 4.77 ,0.00
1/15/1972, 4.77 ,0.00
1/16/1972, 4.77 ,0.00
1/17/1972, 4.77 ,0.00
1/18/1972, 4.77 ,0.00
1/19/1972, 4.77 ,0.00
1/20/1972, 4.77 ,0.00
1/21/1972, 4.77 ,0.00
1/22/1972, 4.77 ,0.00
1/23/1972, 4.77 ,0.00
1/24/1972, 4.77 ,0.00
1/25/1972, 4.77 ,0.00
1/26/1972, 4.77 ,0.00
1/27/1972, 4.77 ,0.00
1/28/1972, 4.77 ,0.00
1/29/1972, 4.77 ,0.00
1/30/1972, 4.77 ,0.00
1/31/1972, 4.77 ,0.00
2/1/1972, 4.77 ,0.00
2/2/1972, 4.77 ,0.00
2/3/1972, 4.77 ,0.00
2/4/1972, 4.77 ,0.00
2/5/1972, 4.77 ,0.00
2/6/1972, 4.77 ,0.00
2/7/1972, 4.77 ,0.00
2/8/1972, 4.77 ,0.00
2/9/1972, 4.77 ,0.00
2/10/1972, 4.77 ,0.00
2/11/1972, 4.77 ,0.00
2/12/1972, 4.77 ,0.00
2/13/1972, 4.77 ,0.00
2/14/1972, 4.77 ,0.00
2/15/1972, 4.77 ,0.00
2/16/1972, 4.77 ,0.00
2/17/1972, 4.77 ,0.00
2/18/1972, 4.77 ,0.00
2/19/1972, 4.77 ,0.00
2/20/1972, 4.77 ,0.00
2/21/1972, 4.77 ,0.00
2/22/1972, 4.77 ,0.00
2/23/1972, 4.77 ,0.00
2/24/1972, 4.77 ,0.00
2/25/1972, 4.77 ,0.00
2/26/1972, 4.77 ,0.00
2/27/1972, 4.77 ,0.00
2/28/1972, 4.77 ,0.00
2/29/1972, 4.77 ,0.00
3/1/1972, 4.77 ,0.00
3/2/1972, 4.77 ,0.00
3/3/1972, 4.77 ,0.00
3/4/1972, 4.77 ,0.00
3/5/1972, 4.77 ,0.00
3/6/1972, 4.77 ,0.00
3/7/1972, 4.77 ,0.00
3/8/1972, 4.77 ,0.00
3/9/1972, 4.77 ,0.00
3/10/1972, 4.77 ,0.00
3/11/1972, 4.77 ,0.00
3/12/1972, 4.77 ,0.00
3/13/1972, 4.77 ,0.00
3/14/1972, 4.77 ,0.00
3/15/1972, 4.77 ,0.00
3/16/1972, 4.77 ,0.00
3/17/1972, 4.77 ,0.00
3/18/1972, 4.77 ,0.00
3/19/1972, 4.77 ,0.00
3/20/1972, 4.77 ,0.00
3/21/1972, 4.77 ,0.00
3/22/1972, 4.77 ,0.00
3/23/1972, 4.77 ,0.00
3/24/1972, 4.77 ,0.00
3/25/1972, 4.77 ,0.00
3/26/1972, 4.77 ,0.00
3/27/1972, 4.77 ,0.00
3/28/1972, 4.77 ,0.00
3/29/1972, 4.77 ,0.00
3/30/1972, 4.77 ,0.00
3/31/1972, 4.77 ,0.00
4/1/1972, 4.77 ,0.00
4/2/1972, 4.77 ,0.00
4/3/1972, 4.77 ,0.00
4/4/1972, 4.77 ,0.00
4/5/1972, 4.77 ,0.00
4/6/1972, 4.77 ,0.00
4/7/1972, 4.77 ,0.00
4/8/1972, 4.77 ,0.00
4/9/1972, 4.77 ,0.00
4/10/1972, 4.77 ,0.00
4/11/1972, 4.77 ,0.00
4/12/1972, 4.77 ,0.00
4/13/1972, 4.77 ,0.00
4/14/1972, 4.77 ,0.00
4/15/1972, 4.77 ,0.00
4/16/1972, 4.77 ,0.00
4/17/1972, 4.77 ,0.00
4/18/1972, 4.77 ,0.00
4/19/1972, 4.77 ,0.00
4/20/1972, 4.77 ,0.00
4/21/1972, 4.77 ,0.00
4/22/1972, 4.77 ,0.00
4/23/1972, 4.77 ,0.00
4/24/1972, 4.77 ,0.00
4/25/1972, 4.77 ,0.00
4/26/1972, 4.77 ,0.00
4/27/1972, 4.77 ,0.00
4/28/1972, 4.77 ,0.00
4/29/1972, 4.77 ,0.00
4/30/1972, 4.77 ,0.00
5/1/1972, 11.01 ,6.24
5/2/1972, 11.01 ,0.00
5/3/1972, 11.01 ,0.00
5/4/1972, 11.01 ,0.00
5/5/1972, 11.01 ,0.00
5/6/1972, 11.01 ,0.00
5/7/1972, 11.01 ,0.00
5/8/1972, 11.01 ,0.00
5/9/1972, 11.01 ,0.00
5/10/1972, 11.01 ,0.00
5/11/1972, 11.01 ,0.00
5/12/1972, 11.01 ,0.00
5/13/1972, 11.01 ,0.00
5/14/1972, 11.01 ,0.00
5/15/1972, 11.01 ,0.00
5/16/1972, 11.01 ,0.00
5/17/1972, 11.01 ,0.00
5/18/1972, 11.01 ,0.00
5/19/1972, 11.01 ,0.00
5/20/1972, 11.01 ,0.00
5/21/1972, 11.01 ,0.00
5/22/1972, 11.01 ,0.00
5/23/1972, 11.01 ,0.00
5/24/1972, 11.01 ,0.00
5/25/1972, 11.01 ,0.00
5/26/1972, 11.01 ,0.00
5/27/1972, 11.01 ,0.00
5/28/1972, 11.01 ,0.00
5/29/1972, 11.01 ,0.00
5/30/1972, 11.01 ,0.00
5/31/1972, 11.01 ,0.00
6/1/1972, 11.01 ,0.00
6/2/1972, 11.01 ,0.00
6/3/1972, 11.01 ,0.00
6/4/1972, 11.01 ,0.00
6/5/1972, 11.01 ,0.00
6/6/1972, 11.01 ,0.00
6/7/1972, 11.01 ,0.00
6/8/1972, 11.01 ,0.00
6/9/1972, 11.01 ,0.00
6/10/1972, 11.01 ,0.00
6/11/1972, 11.01 ,0.00
6/12/1972, 11.01 ,0.00
6/13/1972, 11.01 ,0.00
6/14/1972, 11.01 ,0.00
6/15/1972, 11.01 ,0.00
6/16/1972, 11.01 ,0.00
6/17/1972, 11.01 ,0.00
6/18/1972, 11.01 ,0.00
6/19/1972, 11.01 ,0.00
6/20/1972, 11.01 ,0.00
6/21/1972, 11.01 ,0.00
6/22/1972, 11.01 ,0.00
6/23/1972, 11.01 ,0.00
6/24/1972, 11.01 ,0.00
6/25/1972, 11.01 ,0.00
6/26/1972, 11.01 ,0.00
6/27/1972, 11.01 ,0.00
6/28/1972, 11.01 ,0.00
6/29/1972, 11.01 ,0.00
6/30/1972, 11.01 ,0.00
7/1/1972, 11.01 ,0.00
7/2/1972, 11.01 ,0.00
7/3/1972, 11.01 ,0.00
7/4/1972, 11.01 ,0.00
7/5/1972, 11.01 ,0.00
7/6/1972, 11.01 ,0.00
7/7/1972, 11.01 ,0.00
7/8/1972, 11.01 ,0.00
7/9/1972, 11.01 ,0.00
7/10/1972, 11.01 ,0.00
7/11/1972, 11.01 ,0.00
7/12/1972, 11.01 ,0.00
7/13/1972, 11.01 ,0.00
7/14/1972, 11.01 ,0.00
7/15/1972, 11.01 ,0.00
7/16/1972, 11.01 ,0.00
7/17/1972, 11.01 ,0.00
7/18/1972, 11.01 ,0.00
7/19/1972, 11.01 ,0.00
7/20/1972, 11.01 ,0.00
7/21/1972, 11.01 ,0.00
7/22/1972, 11.01 ,0.00
7/23/1972, 11.01 ,0.00
7/24/1972, 11.01 ,0.00
7/25/1972, 11.01 ,0.00
7/26/1972, 11.01 ,0.00
7/27/1972, 11.01 ,0.00
7/28/1972, 11.01 ,0.00
7/29/1972, 11.01 ,0.00
7/30/1972, 11.01 ,0.00
7/31/1972, 11.01 ,0.00
8/1/1972, 11.01 ,0.00
8/2/1972, 11.01 ,0.00
8/3/1972, 11.01 ,0.00
8/4/1972, 11.01 ,0.00
8/5/1972, 11.01 ,0.00
8/6/1972, 11.01 ,0.00
8/7/1972, 11.01 ,0.00
8/8/1972, 11.01 ,0.00
8/9/1972, 11.01 ,0.00
8/10/1972, 11.01 ,0.00
8/11/1972, 11.01 ,0.00
8/12/1972, 11.01 ,0.00
8/13/1972, 11.01 ,0.00
8/14/1972, 11.01 ,0.00
8/15/1972, 11.01 ,0.00
8/16/1972, 11.01 ,0.00
8/17/1972, 11.01 ,0.00
8/18/1972, 11.01 ,0.00
8/19/1972, 11.01 ,0.00
8/20/1972, 11.01 ,0.00
8/21/1972, 11.01 ,0.00
8/22/1972, 11.01 ,0.00
8/23/1972, 11.01 ,0.00
8/24/1972, 11.01 ,0.00
8/25/1972, 11.01 ,0.00
8/26/1972, 11.01 ,0.00
8/27/1972, 11.01 ,0.00
8/28/1972, 11.01 ,0.00
8/29/1972, 11.01 ,0.00
8/30/1972, 11.01 ,0.00
8/31/1972, 11.01 ,0.00
9/1/1972, 11.01 ,0.00
9/2/1972, 11.01 ,0.00
9/3/1972, 11.01 ,0.00
9/4/1972, 11.01 ,0.00
9/5/1972, 11.01 ,0.00
9/6/1972, 11.01 ,0.00
9/7/1972, 11.01 ,0.00
9/8/1972, 11.01 ,0.00
9/9/1972, 11.01 ,0.00
9/10/1972, 11.01 ,0.00
9/11/1972, 11.01 ,0.00
9/12/1972, 11.01 ,0.00
9/13/1972, 11.01 ,0.00
9/14/1972, 11.01 ,0.00
9/15/1972, 11.01 ,0.00
9/16/1972, 11.01 ,0.00
9/17/1972, 11.01 ,0.00
9/18/1972, 11.01 ,0.00
9/19/1972, 11.01 ,0.00
9/20/1972, 11.01 ,0.00
9/21/1972, 11.01 ,0.00
9/22/1972, 11.01 ,0.00
9/23/1972, 11.01 ,0.00
9/24/1972, 11.01 ,0.00
9/25/1972, 11.01 ,0.00
9/26/1972, 11.01 ,0.00
9/27/1972, 11.01 ,0.00
9/28/1972, 11.01 ,0.00
9/29/1972, 11.01 ,0.00
9/30/1972, 11.01 ,0.00
10/1/1972, 11.01 ,0.00
10/2/1972, 11.01 ,0.00
10/3/1972, 11.01 ,0.00
10/4/1972, 11.01 ,0.00
10/5/1972, 11.01 ,0.00
10/6/1972, 11.01 ,0.00
10/7/1972, 11.01 ,0.00
10/8/1972, 11.01 ,0.00
10/9/1972, 11.01 ,0.00
10/10/1972, 11.01 ,0.00
10/11/1972, 11.01 ,0.00
10/12/1972, 11.01 ,0.00
10/13/1972, 11.01 ,0.00
10/14/1972, 11.01 ,0.00
10/15/1972, 11.01 ,0.00
10/16/1972, 11.01 ,0.00
10/17/1972, 11.01 ,0.00
10/18/1972, 11.01 ,0.00
10/19/1972, 11.01 ,0.00
10/20/1972, 11.01 ,0.00
10/21/1972, 11.01 ,0.00
10/22/1972, 11.01 ,0.00
10/23/1972, 11.01 ,0.00
10/24/1972, 11.01 ,0.00
10/25/1972, 11.01 ,0.00
10/26/1972, 11.01 ,0.00
10/27/1972, 11.01 ,0.00
10/28/1972, 11.01 ,0.00
10/29/1972, 11.01 ,0.00
10/30/1972, 11.01 ,0.00
10/31/1972, 11.01 ,0.00
11/1/1972, 11.01 ,0.00
11/2/1972, 11.01 ,0.00
11/3/1972, 11.01 ,0.00
11/4/1972, 11.01 ,0.00
11/5/1972, 11.01 ,0.00
11/6/1972, 11.01 ,0.00
11/7/1972, 11.01 ,0.00
11/8/1972, 11.01 ,0.00
11/9/1972, 11.01 ,0.00
11/10/1972, 11.01 ,0.00
11/11/1972, 11.01 ,0.00
11/12/1972, 11.01 ,0.00
11/13/1972, 11.01 ,0.00
11/14/1972, 11.01 ,0.00
11/15/1972, 11.01 ,0.00
11/16/1972, 11.01 ,0.00
11/17/1972, 11.01 ,0.00
11/18/1972, 11.01 ,0.00
11/19/1972, 11.01 ,0.00
11/20/1972, 11.01 ,0.00
11/21/1972, 11.01 ,0.00
11/22/1972, 11.01 ,0.00
11/23/1972, 11.01 ,0.00
11/24/1972, 11.01 ,0.00
11/25/1972, 11.01 ,0.00
11/26/1972, 11.01 ,0.00
11/27/1972, 11.01 ,0.00
11/28/1972, 11.01 ,0.00
11/29/1972, 11.01 ,0.00
11/30/1972, 11.01 ,0.00
12/1/1972, 11.01 ,0.00
12/2/1972, 11.01 ,0.00
12/3/1972, 11.01 ,0.00
12/4/1972, 11.01 ,0.00
12/5/1972, 11.01 ,0.00
12/6/1972, 11.01 ,0.00
12/7/1972, 11.01 ,0.00
12/8/1972, 11.01 ,0.00
12/9/1972, 11.01 ,0.00
12/10/1972, 11.01 ,0.00
12/11/1972, 11.01 ,0.00
12/12/1972, 11.01 ,0.00
12/13/1972, 11.01 ,0.00
12/14/1972, 11.01 ,0.00
12/15/1972, 11.01 ,0.00
12/16/1972, 11.01 ,0.00
12/17/1972, 11.01 ,0.00
12/18/1972, 11.01 ,0.00
12/19/1972, 11.01 ,0.00
12/20/1972, 11.01 ,0.00
12/21/1972, 11.01 ,0.00
12/22/1972, 11.01 ,0.00
12/23/1972, 11.01 ,0.00
12/24/1972, 11.01 ,0.00
12/25/1972, 11.01 ,0.00
12/26/1972, 11.01 ,0.00
12/27/1972, 11.01 ,0.00
12/28/1972, 11.01 ,0.00
12/29/1972, 11.01 ,0.00
12/30/1972, 11.01 ,0.00
12/31/1972, 11.01 ,0.00
1/1/1973, 11.01 ,0.00
1/2/1973, 11.01 ,0.00
1/3/1973, 11.01 ,0.00
1/4/1973, 11.01 ,0.00
1/5/1973, 11.01 ,0.00
1/6/1973, 11.01 ,0.00
1/7/1973, 11.01 ,0.00
1/8/1973, 11.01 ,0.00
1/9/1973, 11.01 ,0.00
1/10/1973, 11.01 ,0.00
1/11/1973, 11.01 ,0.00
1/12/1973, 11.01 ,0.00
1/13/1973, 11.01 ,0.00
1/14/1973, 11.01 ,0.00
1/15/1973, 11.01 ,0.00
1/16/1973, 11.01 ,0.00
1/17/1973, 11.01 ,0.00
1/18/1973, 11.01 ,0.00
1/19/1973, 11.01 ,0.00
1/20/1973, 11.01 ,0.00
1/21/1973, 11.01 ,0.00
1/22/1973, 11.01 ,0.00
1/23/1973, 11.01 ,0.00
1/24/1973, 11.01 ,0.00
1/25/1973, 11.01 ,0.00
1/26/1973, 11.01 ,0.00
1/27/1973, 11.01 ,0.00
1/28/1973, 11.01 ,0.00
1/29/1973, 11.01 ,0.00
1/30/1973, 11.01 ,0.00
1/31/1973, 11.01 ,0.00
2/1/1973, 9.91 ,-1.10
2/2/1973, 9.91 ,0.00
2/3/1973, 9.91 ,0.00
2/4/1973, 9.91 ,0.00
2/5/1973, 9.91 ,0.00
2/6/1973, 9.91 ,0.00
2/7/1973, 9.91 ,0.00
2/8/1973, 9.91 ,0.00
2/9/1973, 9.91 ,0.00
2/10/1973, 9.91 ,0.00
2/11/1973, 9.91 ,0.00
2/12/1973, 9.91 ,0.00
2/13/1973, 9.91 ,0.00
2/14/1973, 9.91 ,0.00
2/15/1973, 9.91 ,0.00
2/16/1973, 9.91 ,0.00
2/17/1973, 9.91 ,0.00
2/18/1973, 9.91 ,0.00
2/19/1973, 9.91 ,0.00
2/20/1973, 9.91 ,0.00
2/21/1973, 9.91 ,0.00
2/22/1973, 9.91 ,0.00
2/23/1973, 9.91 ,0.00
2/24/1973, 9.91 ,0.00
2/25/1973, 9.91 ,0.00
2/26/1973, 9.91 ,0.00
2/27/1973, 9.91 ,0.00
2/28/1973, 9.91 ,0.00
3/1/1973, 9.91 ,0.00
3/2/1973, 9.91 ,0.00
3/3/1973, 9.91 ,0.00
3/4/1973, 9.91 ,0.00
3/5/1973, 9.91 ,0.00
3/6/1973, 9.91 ,0.00
3/7/1973, 9.91 ,0.00
3/8/1973, 9.91 ,0.00
3/9/1973, 9.91 ,0.00
3/10/1973, 9.91 ,0.00
3/11/1973, 9.91 ,0.00
3/12/1973, 9.91 ,0.00
3/13/1973, 9.91 ,0.00
3/14/1973, 9.91 ,0.00
3/15/1973, 9.91 ,0.00
3/16/1973, 9.91 ,0.00
3/17/1973, 9.91 ,0.00
3/18/1973, 9.91 ,0.00
3/19/1973, 9.91 ,0.00
3/20/1973, 9.91 ,0.00
3/21/1973, 9.91 ,0.00
3/22/1973, 9.91 ,0.00
3/23/1973, 9.91 ,0.00
3/24/1973, 9.91 ,0.00
3/25/1973, 9.91 ,0.00
3/26/1973, 9.91 ,0.00
3/27/1973, 9.91 ,0.00
3/28/1973, 9.91 ,0.00
3/29/1973, 9.91 ,0.00
3/30/1973, 9.91 ,0.00
3/31/1973, 9.91 ,0.00
4/1/1973, 9.91 ,0.00
4/2/1973, 9.91 ,0.00
4/3/1973, 9.91 ,0.00
4/4/1973, 9.91 ,0.00
4/5/1973, 9.91 ,0.00
4/6/1973, 9.91 ,0.00
4/7/1973, 9.91 ,0.00
4/8/1973, 9.91 ,0.00
4/9/1973, 9.91 ,0.00
4/10/1973, 9.91 ,0.00
4/11/1973, 9.91 ,0.00
4/12/1973, 9.91 ,0.00
4/13/1973, 9.91 ,0.00
4/14/1973, 9.91 ,0.00
4/15/1973, 9.91 ,0.00
4/16/1973, 9.91 ,0.00
4/17/1973, 9.91 ,0.00
4/18/1973, 9.91 ,0.00
4/19/1973, 9.91 ,0.00
4/20/1973, 9.91 ,0.00
4/21/1973, 9.91 ,0.00
4/22/1973, 9.91 ,0.00
4/23/1973, 9.91 ,0.00
4/24/1973, 9.91 ,0.00
4/25/1973, 9.91 ,0.00
4/26/1973, 9.91 ,0.00
4/27/1973, 9.91 ,0.00
4/28/1973, 9.91 ,0.00
4/29/1973, 9.91 ,0.00
4/30/1973, 9.91 ,0.00
5/1/1973, 9.91 ,0.00
5/2/1973, 9.91 ,0.00
5/3/1973, 9.91 ,0.00
5/4/1973, 9.91 ,0.00
5/5/1973, 9.91 ,0.00
5/6/1973, 9.91 ,0.00
5/7/1973, 9.91 ,0.00
5/8/1973, 9.91 ,0.00
5/9/1973, 9.91 ,0.00
5/10/1973, 9.91 ,0.00
5/11/1973, 9.91 ,0.00
5/12/1973, 9.91 ,0.00
5/13/1973, 9.91 ,0.00
5/14/1973, 9.91 ,0.00
5/15/1973, 9.91 ,0.00
5/16/1973, 9.91 ,0.00
5/17/1973, 9.91 ,0.00
5/18/1973, 9.91 ,0.00
5/19/1973, 9.91 ,0.00
5/20/1973, 9.91 ,0.00
5/21/1973, 9.91 ,0.00
5/22/1973, 9.91 ,0.00
5/23/1973, 9.91 ,0.00
5/24/1973, 9.91 ,0.00
5/25/1973, 9.91 ,0.00
5/26/1973, 9.91 ,0.00
5/27/1973, 9.91 ,0.00
5/28/1973, 9.91 ,0.00
5/29/1973, 9.91 ,0.00
5/30/1973, 9.91 ,0.00
5/31/1973, 9.91 ,0.00
6/1/1973, 9.91 ,0.00
6/2/1973, 9.91 ,0.00
6/3/1973, 9.91 ,0.00
6/4/1973, 9.91 ,0.00
6/5/1973, 9.91 ,0.00
6/6/1973, 9.91 ,0.00
6/7/1973, 9.91 ,0.00
6/8/1973, 9.91 ,0.00
6/9/1973, 9.91 ,0.00
6/10/1973, 9.91 ,0.00
6/11/1973, 9.91 ,0.00
6/12/1973, 9.91 ,0.00
6/13/1973, 9.91 ,0.00
6/14/1973, 9.91 ,0.00
6/15/1973, 9.91 ,0.00
6/16/1973, 9.91 ,0.00
6/17/1973, 9.91 ,0.00
6/18/1973, 9.91 ,0.00
6/19/1973, 9.91 ,0.00
6/20/1973, 9.91 ,0.00
6/21/1973, 9.91 ,0.00
6/22/1973, 9.91 ,0.00
6/23/1973, 9.91 ,0.00
6/24/1973, 9.91 ,0.00
6/25/1973, 9.91 ,0.00
6/26/1973, 9.91 ,0.00
6/27/1973, 9.91 ,0.00
6/28/1973, 9.91 ,0.00
6/29/1973, 9.91 ,0.00
6/30/1973, 9.91 ,0.00
7/1/1973, 9.91 ,0.00
7/2/1973, 9.91 ,0.00
7/3/1973, 9.91 ,0.00
7/4/1973, 9.91 ,0.00
7/5/1973, 9.91 ,0.00
7/6/1973, 9.91 ,0.00
7/7/1973, 9.91 ,0.00
7/8/1973, 9.91 ,0.00
7/9/1973, 9.91 ,0.00
7/10/1973, 9.91 ,0.00
7/11/1973, 9.91 ,0.00
7/12/1973, 9.91 ,0.00
7/13/1973, 9.91 ,0.00
7/14/1973, 9.91 ,0.00
7/15/1973, 9.91 ,0.00
7/16/1973, 9.91 ,0.00
7/17/1973, 9.91 ,0.00
7/18/1973, 9.91 ,0.00
7/19/1973, 9.91 ,0.00
7/20/1973, 9.91 ,0.00
7/21/1973, 9.91 ,0.00
7/22/1973, 9.91 ,0.00
7/23/1973, 9.91 ,0.00
7/24/1973, 9.91 ,0.00
7/25/1973, 9.91 ,0.00
7/26/1973, 9.91 ,0.00
7/27/1973, 9.91 ,0.00
7/28/1973, 9.91 ,0.00
7/29/1973, 9.91 ,0.00
7/30/1973, 9.91 ,0.00
7/31/1973, 9.91 ,0.00
8/1/1973, 9.91 ,0.00
8/2/1973, 9.91 ,0.00
8/3/1973, 9.91 ,0.00
8/4/1973, 9.91 ,0.00
8/5/1973, 9.91 ,0.00
8/6/1973, 9.91 ,0.00
8/7/1973, 9.91 ,0.00
8/8/1973, 9.91 ,0.00
8/9/1973, 9.91 ,0.00
8/10/1973, 9.91 ,0.00
8/11/1973, 9.91 ,0.00
8/12/1973, 9.91 ,0.00
8/13/1973, 9.91 ,0.00
8/14/1973, 9.91 ,0.00
8/15/1973, 9.91 ,0.00
8/16/1973, 9.91 ,0.00
8/17/1973, 9.91 ,0.00
8/18/1973, 9.91 ,0.00
8/19/1973, 9.91 ,0.00
8/20/1973, 9.91 ,0.00
8/21/1973, 9.91 ,0.00
8/22/1973, 9.91 ,0.00
8/23/1973, 9.91 ,0.00
8/24/1973, 9.91 ,0.00
8/25/1973, 9.91 ,0.00
8/26/1973, 9.91 ,0.00
8/27/1973, 9.91 ,0.00
8/28/1973, 9.91 ,0.00
8/29/1973, 9.91 ,0.00
8/30/1973, 9.91 ,0.00
8/31/1973, 9.91 ,0.00
9/1/1973, 9.91 ,0.00
9/2/1973, 9.91 ,0.00
9/3/1973, 9.91 ,0.00
9/4/1973, 9.91 ,0.00
9/5/1973, 9.91 ,0.00
9/6/1973, 9.91 ,0.00
9/7/1973, 9.91 ,0.00
9/8/1973, 9.91 ,0.00
9/9/1973, 9.91 ,0.00
9/10/1973, 9.91 ,0.00
9/11/1973, 9.91 ,0.00
9/12/1973, 9.91 ,0.00
9/13/1973, 9.91 ,0.00
9/14/1973, 9.91 ,0.00
9/15/1973, 9.91 ,0.00
9/16/1973, 9.91 ,0.00
9/17/1973, 9.91 ,0.00
9/18/1973, 9.91 ,0.00
9/19/1973, 9.91 ,0.00
9/20/1973, 9.91 ,0.00
9/21/1973, 9.91 ,0.00
9/22/1973, 9.91 ,0.00
9/23/1973, 9.91 ,0.00
9/24/1973, 9.91 ,0.00
9/25/1973, 9.91 ,0.00
9/26/1973, 9.91 ,0.00
9/27/1973, 9.91 ,0.00
9/28/1973, 9.91 ,0.00
9/29/1973, 9.91 ,0.00
9/30/1973, 9.91 ,0.00
10/1/1973, 9.91 ,0.00
10/2/1973, 9.91 ,0.00
10/3/1973, 9.91 ,0.00
10/4/1973, 9.91 ,0.00
10/5/1973, 9.91 ,0.00
10/6/1973, 9.91 ,0.00
10/7/1973, 9.91 ,0.00
10/8/1973, 9.91 ,0.00
10/9/1973, 9.91 ,0.00
10/10/1973, 9.91 ,0.00
10/11/1973, 9.91 ,0.00
10/12/1973, 9.91 ,0.00
10/13/1973, 9.91 ,0.00
10/14/1973, 9.91 ,0.00
10/15/1973, 9.91 ,0.00
10/16/1973, 9.91 ,0.00
10/17/1973, 9.91 ,0.00
10/18/1973, 9.91 ,0.00
10/19/1973, 9.91 ,0.00
10/20/1973, 9.91 ,0.00
10/21/1973, 9.91 ,0.00
10/22/1973, 9.91 ,0.00
10/23/1973, 9.91 ,0.00
10/24/1973, 9.91 ,0.00
10/25/1973, 9.91 ,0.00
10/26/1973, 9.91 ,0.00
10/27/1973, 9.91 ,0.00
10/28/1973, 9.91 ,0.00
10/29/1973, 9.91 ,0.00
10/30/1973, 9.91 ,0.00
10/31/1973, 9.91 ,0.00
11/1/1973, 9.91 ,0.00
11/2/1973, 9.91 ,0.00
11/3/1973, 9.91 ,0.00
11/4/1973, 9.91 ,0.00
11/5/1973, 9.91 ,0.00
11/6/1973, 9.91 ,0.00
11/7/1973, 9.91 ,0.00
11/8/1973, 9.91 ,0.00
11/9/1973, 9.91 ,0.00
11/10/1973, 9.91 ,0.00
11/11/1973, 9.91 ,0.00
11/12/1973, 9.91 ,0.00
11/13/1973, 9.91 ,0.00
11/14/1973, 9.91 ,0.00
11/15/1973, 9.91 ,0.00
11/16/1973, 9.91 ,0.00
11/17/1973, 9.91 ,0.00
11/18/1973, 9.91 ,0.00
11/19/1973, 9.91 ,0.00
11/20/1973, 9.91 ,0.00
11/21/1973, 9.91 ,0.00
11/22/1973, 9.91 ,0.00
11/23/1973, 9.91 ,0.00
11/24/1973, 9.91 ,0.00
11/25/1973, 9.91 ,0.00
11/26/1973, 9.91 ,0.00
11/27/1973, 9.91 ,0.00
11/28/1973, 9.91 ,0.00
11/29/1973, 9.91 ,0.00
11/30/1973, 9.91 ,0.00
12/1/1973, 9.91 ,0.00
12/2/1973, 9.91 ,0.00
12/3/1973, 9.91 ,0.00
12/4/1973, 9.91 ,0.00
12/5/1973, 9.91 ,0.00
12/6/1973, 9.91 ,0.00
12/7/1973, 9.91 ,0.00
12/8/1973, 9.91 ,0.00
12/9/1973, 9.91 ,0.00
12/10/1973, 9.91 ,0.00
12/11/1973, 9.91 ,0.00
12/12/1973, 9.91 ,0.00
12/13/1973, 9.91 ,0.00
12/14/1973, 9.91 ,0.00
12/15/1973, 9.91 ,0.00
12/16/1973, 9.91 ,0.00
12/17/1973, 9.91 ,0.00
12/18/1973, 9.91 ,0.00
12/19/1973, 9.91 ,0.00
12/20/1973, 9.91 ,0.00
12/21/1973, 9.91 ,0.00
12/22/1973, 9.91 ,0.00
12/23/1973, 9.91 ,0.00
12/24/1973, 9.91 ,0.00
12/25/1973, 9.91 ,0.00
12/26/1973, 9.91 ,0.00
12/27/1973, 9.91 ,0.00
12/28/1973, 9.91 ,0.00
12/29/1973, 9.91 ,0.00
12/30/1973, 9.91 ,0.00
12/31/1973, 9.91 ,0.00
1/1/1974, 9.91 ,0.00
1/2/1974, 9.91 ,0.00
1/3/1974, 9.91 ,0.00
1/4/1974, 9.91 ,0.00
1/5/1974, 9.91 ,0.00
1/6/1974, 9.91 ,0.00
1/7/1974, 9.91 ,0.00
1/8/1974, 9.91 ,0.00
1/9/1974, 9.91 ,0.00
1/10/1974, 9.91 ,0.00
1/11/1974, 9.91 ,0.00
1/12/1974, 9.91 ,0.00
1/13/1974, 9.91 ,0.00
1/14/1974, 9.91 ,0.00
1/15/1974, 9.91 ,0.00
1/16/1974, 9.91 ,0.00
1/17/1974, 9.91 ,0.00
1/18/1974, 9.91 ,0.00
1/19/1974, 9.91 ,0.00
1/20/1974, 9.91 ,0.00
1/21/1974, 9.91 ,0.00
1/22/1974, 9.91 ,0.00
1/23/1974, 9.91 ,0.00
1/24/1974, 9.91 ,0.00
1/25/1974, 9.91 ,0.00
1/26/1974, 9.91 ,0.00
1/27/1974, 9.91 ,0.00
1/28/1974, 9.91 ,0.00
1/29/1974, 9.91 ,0.00
1/30/1974, 9.91 ,0.00
1/31/1974, 9.91 ,0.00
2/1/1974, 9.91 ,0.00
2/2/1974, 9.91 ,0.00
2/3/1974, 9.91 ,0.00
2/4/1974, 9.91 ,0.00
2/5/1974, 9.91 ,0.00
2/6/1974, 9.91 ,0.00
2/7/1974, 9.91 ,0.00
2/8/1974, 9.91 ,0.00
2/9/1974, 9.91 ,0.00
2/10/1974, 9.91 ,0.00
2/11/1974, 9.91 ,0.00
2/12/1974, 9.91 ,0.00
2/13/1974, 9.91 ,0.00
2/14/1974, 9.91 ,0.00
2/15/1974, 9.91 ,0.00
2/16/1974, 9.91 ,0.00
2/17/1974, 9.91 ,0.00
2/18/1974, 9.91 ,0.00
2/19/1974, 9.91 ,0.00
2/20/1974, 9.91 ,0.00
2/21/1974, 9.91 ,0.00
2/22/1974, 9.91 ,0.00
2/23/1974, 9.91 ,0.00
2/24/1974, 9.91 ,0.00
2/25/1974, 9.91 ,0.00
2/26/1974, 9.91 ,0.00
2/27/1974, 9.91 ,0.00
2/28/1974, 9.91 ,0.00
3/1/1974, 9.91 ,0.00
3/2/1974, 9.91 ,0.00
3/3/1974, 9.91 ,0.00
3/4/1974, 9.91 ,0.00
3/5/1974, 9.91 ,0.00
3/6/1974, 9.91 ,0.00
3/7/1974, 9.91 ,0.00
3/8/1974, 9.91 ,0.00
3/9/1974, 9.91 ,0.00
3/10/1974, 9.91 ,0.00
3/11/1974, 9.91 ,0.00
3/12/1974, 9.91 ,0.00
3/13/1974, 9.91 ,0.00
3/14/1974, 9.91 ,0.00
3/15/1974, 9.91 ,0.00
3/16/1974, 9.91 ,0.00
3/17/1974, 9.91 ,0.00
3/18/1974, 9.91 ,0.00
3/19/1974, 9.91 ,0.00
3/20/1974, 9.91 ,0.00
3/21/1974, 9.91 ,0.00
3/22/1974, 9.91 ,0.00
3/23/1974, 9.91 ,0.00
3/24/1974, 9.91 ,0.00
3/25/1974, 9.91 ,0.00
3/26/1974, 9.91 ,0.00
3/27/1974, 9.91 ,0.00
3/28/1974, 9.91 ,0.00
3/29/1974, 9.91 ,0.00
3/30/1974, 9.91 ,0.00
3/31/1974, 9.91 ,0.00
4/1/1974, 9.91 ,0.00
4/2/1974, 9.91 ,0.00
4/3/1974, 9.91 ,0.00
4/4/1974, 9.91 ,0.00
4/5/1974, 9.91 ,0.00
4/6/1974, 9.91 ,0.00
4/7/1974, 9.91 ,0.00
4/8/1974, 9.91 ,0.00
4/9/1974, 9.91 ,0.00
4/10/1974, 9.91 ,0.00
4/11/1974, 9.91 ,0.00
4/12/1974, 9.91 ,0.00
4/13/1974, 9.91 ,0.00
4/14/1974, 9.91 ,0.00
4/15/1974, 9.91 ,0.00
4/16/1974, 9.91 ,0.00
4/17/1974, 9.91 ,0.00
4/18/1974, 9.91 ,0.00
4/19/1974, 9.91 ,0.00
4/20/1974, 9.91 ,0.00
4/21/1974, 9.91 ,0.00
4/22/1974, 9.91 ,0.00
4/23/1974, 9.91 ,0.00
4/24/1974, 9.91 ,0.00
4/25/1974, 9.91 ,0.00
4/26/1974, 9.91 ,0.00
4/27/1974, 9.91 ,0.00
4/28/1974, 9.91 ,0.00
4/29/1974, 9.91 ,0.00
4/30/1974, 9.91 ,0.00
5/1/1974, 9.91 ,0.00
5/2/1974, 9.91 ,0.00
5/3/1974, 9.91 ,0.00
5/4/1974, 9.91 ,0.00
5/5/1974, 9.91 ,0.00
5/6/1974, 9.91 ,0.00
5/7/1974, 9.91 ,0.00
5/8/1974, 9.91 ,0.00
5/9/1974, 9.91 ,0.00
5/10/1974, 9.91 ,0.00
5/11/1974, 9.91 ,0.00
5/12/1974, 9.91 ,0.00
5/13/1974, 9.91 ,0.00
5/14/1974, 9.91 ,0.00
5/15/1974, 9.91 ,0.00
5/16/1974, 9.91 ,0.00
5/17/1974, 9.91 ,0.00
5/18/1974, 9.91 ,0.00
5/19/1974, 9.91 ,0.00
5/20/1974, 9.91 ,0.00
5/21/1974, 9.91 ,0.00
5/22/1974, 9.91 ,0.00
5/23/1974, 9.91 ,0.00
5/24/1974, 9.91 ,0.00
5/25/1974, 9.91 ,0.00
5/26/1974, 9.91 ,0.00
5/27/1974, 9.91 ,0.00
5/28/1974, 9.91 ,0.00
5/29/1974, 9.91 ,0.00
5/30/1974, 9.91 ,0.00
5/31/1974, 9.91 ,0.00
6/1/1974, 9.91 ,0.00
6/2/1974, 9.91 ,0.00
6/3/1974, 9.91 ,0.00
6/4/1974, 9.91 ,0.00
6/5/1974, 9.91 ,0.00
6/6/1974, 9.91 ,0.00
6/7/1974, 9.91 ,0.00
6/8/1974, 9.91 ,0.00
6/9/1974, 9.91 ,0.00
6/10/1974, 9.91 ,0.00
6/11/1974, 9.91 ,0.00
6/12/1974, 9.91 ,0.00
6/13/1974, 9.91 ,0.00
6/14/1974, 9.91 ,0.00
6/15/1974, 9.91 ,0.00
6/16/1974, 9.91 ,0.00
6/17/1974, 9.91 ,0.00
6/18/1974, 9.91 ,0.00
6/19/1974, 9.91 ,0.00
6/20/1974, 9.91 ,0.00
6/21/1974, 9.91 ,0.00
6/22/1974, 9.91 ,0.00
6/23/1974, 9.91 ,0.00
6/24/1974, 9.91 ,0.00
6/25/1974, 9.91 ,0.00
6/26/1974, 9.91 ,0.00
6/27/1974, 9.91 ,0.00
6/28/1974, 9.91 ,0.00
6/29/1974, 9.91 ,0.00
6/30/1974, 9.91 ,0.00
7/1/1974, 9.91 ,0.00
7/2/1974, 9.91 ,0.00
7/3/1974, 9.91 ,0.00
7/4/1974, 9.91 ,0.00
7/5/1974, 9.91 ,0.00
7/6/1974, 9.91 ,0.00
7/7/1974, 9.91 ,0.00
7/8/1974, 9.91 ,0.00
7/9/1974, 9.91 ,0.00
7/10/1974, 9.91 ,0.00
7/11/1974, 9.91 ,0.00
7/12/1974, 9.91 ,0.00
7/13/1974, 9.91 ,0.00
7/14/1974, 9.91 ,0.00
7/15/1974, 9.91 ,0.00
7/16/1974, 9.91 ,0.00
7/17/1974, 9.91 ,0.00
7/18/1974, 9.91 ,0.00
7/19/1974, 9.91 ,0.00
7/20/1974, 9.91 ,0.00
7/21/1974, 9.91 ,0.00
7/22/1974, 9.91 ,0.00
7/23/1974, 9.91 ,0.00
7/24/1974, 9.91 ,0.00
7/25/1974, 9.91 ,0.00
7/26/1974, 9.91 ,0.00
7/27/1974, 9.91 ,0.00
7/28/1974, 9.91 ,0.00
7/29/1974, 9.91 ,0.00
7/30/1974, 9.91 ,0.00
7/31/1974, 9.91 ,0.00
8/1/1974, 9.91 ,0.00
8/2/1974, 9.91 ,0.00
8/3/1974, 9.91 ,0.00
8/4/1974, 9.91 ,0.00
8/5/1974, 9.91 ,0.00
8/6/1974, 9.91 ,0.00
8/7/1974, 9.91 ,0.00
8/8/1974, 9.91 ,0.00
8/9/1974, 9.91 ,0.00
8/10/1974, 9.91 ,0.00
8/11/1974, 9.91 ,0.00
8/12/1974, 9.91 ,0.00
8/13/1974, 9.91 ,0.00
8/14/1974, 9.91 ,0.00
8/15/1974, 9.91 ,0.00
8/16/1974, 9.91 ,0.00
8/17/1974, 9.91 ,0.00
8/18/1974, 9.91 ,0.00
8/19/1974, 9.91 ,0.00
8/20/1974, 9.91 ,0.00
8/21/1974, 9.91 ,0.00
8/22/1974, 9.91 ,0.00
8/23/1974, 9.91 ,0.00
8/24/1974, 9.91 ,0.00
8/25/1974, 9.91 ,0.00
8/26/1974, 9.91 ,0.00
8/27/1974, 9.91 ,0.00
8/28/1974, 9.91 ,0.00
8/29/1974, 9.91 ,0.00
8/30/1974, 9.91 ,0.00
8/31/1974, 9.91 ,0.00
9/1/1974, 9.91 ,0.00
9/2/1974, 9.91 ,0.00
9/3/1974, 9.91 ,0.00
9/4/1974, 9.91 ,0.00
9/5/1974, 9.91 ,0.00
9/6/1974, 9.91 ,0.00
9/7/1974, 9.91 ,0.00
9/8/1974, 9.91 ,0.00
9/9/1974, 9.91 ,0.00
9/10/1974, 9.91 ,0.00
9/11/1974, 9.91 ,0.00
9/12/1974, 9.91 ,0.00
9/13/1974, 9.91 ,0.00
9/14/1974, 9.91 ,0.00
9/15/1974, 9.91 ,0.00
9/16/1974, 9.91 ,0.00
9/17/1974, 9.91 ,0.00
9/18/1974, 9.91 ,0.00
9/19/1974, 9.91 ,0.00
9/20/1974, 9.91 ,0.00
9/21/1974, 9.91 ,0.00
9/22/1974, 9.91 ,0.00
9/23/1974, 9.91 ,0.00
9/24/1974, 9.91 ,0.00
9/25/1974, 9.91 ,0.00
9/26/1974, 9.91 ,0.00
9/27/1974, 9.91 ,0.00
9/28/1974, 9.91 ,0.00
9/29/1974, 9.91 ,0.00
9/30/1974, 9.91 ,0.00
10/1/1974, 9.91 ,0.00
10/2/1974, 9.91 ,0.00
10/3/1974, 9.91 ,0.00
10/4/1974, 9.91 ,0.00
10/5/1974, 9.91 ,0.00
10/6/1974, 9.91 ,0.00
10/7/1974, 9.91 ,0.00
10/8/1974, 9.91 ,0.00
10/9/1974, 9.91 ,0.00
10/10/1974, 9.91 ,0.00
10/11/1974, 9.91 ,0.00
10/12/1974, 9.91 ,0.00
10/13/1974, 9.91 ,0.00
10/14/1974, 9.91 ,0.00
10/15/1974, 9.91 ,0.00
10/16/1974, 9.91 ,0.00
10/17/1974, 9.91 ,0.00
10/18/1974, 9.91 ,0.00
10/19/1974, 9.91 ,0.00
10/20/1974, 9.91 ,0.00
10/21/1974, 9.91 ,0.00
10/22/1974, 9.91 ,0.00
10/23/1974, 9.91 ,0.00
10/24/1974, 9.91 ,0.00
10/25/1974, 9.91 ,0.00
10/26/1974, 9.91 ,0.00
10/27/1974, 9.91 ,0.00
10/28/1974, 9.91 ,0.00
10/29/1974, 9.91 ,0.00
10/30/1974, 9.91 ,0.00
10/31/1974, 9.91 ,0.00
11/1/1974, 9.91 ,0.00
11/2/1974, 9.91 ,0.00
11/3/1974, 9.91 ,0.00
11/4/1974, 9.91 ,0.00
11/5/1974, 9.91 ,0.00
11/6/1974, 9.91 ,0.00
11/7/1974, 9.91 ,0.00
11/8/1974, 9.91 ,0.00
11/9/1974, 9.91 ,0.00
11/10/1974, 9.91 ,0.00
11/11/1974, 9.91 ,0.00
11/12/1974, 9.91 ,0.00
11/13/1974, 9.91 ,0.00
11/14/1974, 9.91 ,0.00
11/15/1974, 9.91 ,0.00
11/16/1974, 9.91 ,0.00
11/17/1974, 9.91 ,0.00
11/18/1974, 9.91 ,0.00
11/19/1974, 9.91 ,0.00
11/20/1974, 9.91 ,0.00
11/21/1974, 9.91 ,0.00
11/22/1974, 9.91 ,0.00
11/23/1974, 9.91 ,0.00
11/24/1974, 9.91 ,0.00
11/25/1974, 9.91 ,0.00
11/26/1974, 9.91 ,0.00
11/27/1974, 9.91 ,0.00
11/28/1974, 9.91 ,0.00
11/29/1974, 9.91 ,0.00
11/30/1974, 9.91 ,0.00
12/1/1974, 9.91 ,0.00
12/2/1974, 9.91 ,0.00
12/3/1974, 9.91 ,0.00
12/4/1974, 9.91 ,0.00
12/5/1974, 9.91 ,0.00
12/6/1974, 9.91 ,0.00
12/7/1974, 9.91 ,0.00
12/8/1974, 9.91 ,0.00
12/9/1974, 9.91 ,0.00
12/10/1974, 9.91 ,0.00
12/11/1974, 9.91 ,0.00
12/12/1974, 9.91 ,0.00
12/13/1974, 9.91 ,0.00
12/14/1974, 9.91 ,0.00
12/15/1974, 9.91 ,0.00
12/16/1974, 9.91 ,0.00
12/17/1974, 9.91 ,0.00
12/18/1974, 9.91 ,0.00
12/19/1974, 9.91 ,0.00
12/20/1974, 9.91 ,0.00
12/21/1974, 9.91 ,0.00
12/22/1974, 9.91 ,0.00
12/23/1974, 9.91 ,0.00
12/24/1974, 9.91 ,0.00
12/25/1974, 9.91 ,0.00
12/26/1974, 9.91 ,0.00
12/27/1974, 9.91 ,0.00
12/28/1974, 9.91 ,0.00
12/29/1974, 9.91 ,0.00
12/30/1974, 9.91 ,0.00
12/31/1974, 9.91 ,0.00
1/1/1975, 9.91 ,0.00
1/2/1975, 9.91 ,0.00
1/3/1975, 9.91 ,0.00
1/4/1975, 9.91 ,0.00
1/5/1975, 9.91 ,0.00
1/6/1975, 9.91 ,0.00
1/7/1975, 9.91 ,0.00
1/8/1975, 9.91 ,0.00
1/9/1975, 9.91 ,0.00
1/10/1975, 9.91 ,0.00
1/11/1975, 9.91 ,0.00
1/12/1975, 9.91 ,0.00
1/13/1975, 9.91 ,0.00
1/14/1975, 9.91 ,0.00
1/15/1975, 9.91 ,0.00
1/16/1975, 9.91 ,0.00
1/17/1975, 9.91 ,0.00
1/18/1975, 9.91 ,0.00
1/19/1975, 9.91 ,0.00
1/20/1975, 9.91 ,0.00
1/21/1975, 9.91 ,0.00
1/22/1975, 9.91 ,0.00
1/23/1975, 9.91 ,0.00
1/24/1975, 9.91 ,0.00
1/25/1975, 9.91 ,0.00
1/26/1975, 9.91 ,0.00
1/27/1975, 9.91 ,0.00
1/28/1975, 9.91 ,0.00
1/29/1975, 9.91 ,0.00
1/30/1975, 9.91 ,0.00
1/31/1975, 9.91 ,0.00
2/1/1975, 9.91 ,0.00
2/2/1975, 9.91 ,0.00
2/3/1975, 9.91 ,0.00
2/4/1975, 9.91 ,0.00
2/5/1975, 9.91 ,0.00
2/6/1975, 9.91 ,0.00
2/7/1975, 9.91 ,0.00
2/8/1975, 9.91 ,0.00
2/9/1975, 9.91 ,0.00
2/10/1975, 9.91 ,0.00
2/11/1975, 9.91 ,0.00
2/12/1975, 9.91 ,0.00
2/13/1975, 9.91 ,0.00
2/14/1975, 9.91 ,0.00
2/15/1975, 9.91 ,0.00
2/16/1975, 9.91 ,0.00
2/17/1975, 9.91 ,0.00
2/18/1975, 9.91 ,0.00
2/19/1975, 9.91 ,0.00
2/20/1975, 9.91 ,0.00
2/21/1975, 9.91 ,0.00
2/22/1975, 9.91 ,0.00
2/23/1975, 9.91 ,0.00
2/24/1975, 9.91 ,0.00
2/25/1975, 9.91 ,0.00
2/26/1975, 9.91 ,0.00
2/27/1975, 9.91 ,0.00
2/28/1975, 9.91 ,0.00
3/1/1975, 9.91 ,0.00
3/2/1975, 9.91 ,0.00
3/3/1975, 9.91 ,0.00
3/4/1975, 9.91 ,0.00
3/5/1975, 9.91 ,0.00
3/6/1975, 9.91 ,0.00
3/7/1975, 9.91 ,0.00
3/8/1975, 9.91 ,0.00
3/9/1975, 9.91 ,0.00
3/10/1975, 9.91 ,0.00
3/11/1975, 9.91 ,0.00
3/12/1975, 9.91 ,0.00
3/13/1975, 9.91 ,0.00
3/14/1975, 9.91 ,0.00
3/15/1975, 9.91 ,0.00
3/16/1975, 9.91 ,0.00
3/17/1975, 9.91 ,0.00
3/18/1975, 9.91 ,0.00
3/19/1975, 9.91 ,0.00
3/20/1975, 9.91 ,0.00
3/21/1975, 9.91 ,0.00
3/22/1975, 9.91 ,0.00
3/23/1975, 9.91 ,0.00
3/24/1975, 9.91 ,0.00
3/25/1975, 9.91 ,0.00
3/26/1975, 9.91 ,0.00
3/27/1975, 9.91 ,0.00
3/28/1975, 9.91 ,0.00
3/29/1975, 9.91 ,0.00
3/30/1975, 9.91 ,0.00
3/31/1975, 9.91 ,0.00
4/1/1975, 9.91 ,0.00
4/2/1975, 9.91 ,0.00
4/3/1975, 9.91 ,0.00
4/4/1975, 9.91 ,0.00
4/5/1975, 9.91 ,0.00
4/6/1975, 9.91 ,0.00
4/7/1975, 9.91 ,0.00
4/8/1975, 9.91 ,0.00
4/9/1975, 9.91 ,0.00
4/10/1975, 9.91 ,0.00
4/11/1975, 9.91 ,0.00
4/12/1975, 9.91 ,0.00
4/13/1975, 9.91 ,0.00
4/14/1975, 9.91 ,0.00
4/15/1975, 9.91 ,0.00
4/16/1975, 9.91 ,0.00
4/17/1975, 9.91 ,0.00
4/18/1975, 9.91 ,0.00
4/19/1975, 9.91 ,0.00
4/20/1975, 9.91 ,0.00
4/21/1975, 9.91 ,0.00
4/22/1975, 9.91 ,0.00
4/23/1975, 9.91 ,0.00
4/24/1975, 9.91 ,0.00
4/25/1975, 9.91 ,0.00
4/26/1975, 9.91 ,0.00
4/27/1975, 9.91 ,0.00
4/28/1975, 9.91 ,0.00
4/29/1975, 9.91 ,0.00
4/30/1975, 9.91 ,0.00
5/1/1975, 9.91 ,0.00
5/2/1975, 9.91 ,0.00
5/3/1975, 9.91 ,0.00
5/4/1975, 9.91 ,0.00
5/5/1975, 9.91 ,0.00
5/6/1975, 9.91 ,0.00
5/7/1975, 9.91 ,0.00
5/8/1975, 9.91 ,0.00
5/9/1975, 9.91 ,0.00
5/10/1975, 9.91 ,0.00
5/11/1975, 9.91 ,0.00
5/12/1975, 9.91 ,0.00
5/13/1975, 9.91 ,0.00
5/14/1975, 9.91 ,0.00
5/15/1975, 9.91 ,0.00
5/16/1975, 9.91 ,0.00
5/17/1975, 9.91 ,0.00
5/18/1975, 9.91 ,0.00
5/19/1975, 9.91 ,0.00
5/20/1975, 9.91 ,0.00
5/21/1975, 9.91 ,0.00
5/22/1975, 9.91 ,0.00
5/23/1975, 9.91 ,0.00
5/24/1975, 9.91 ,0.00
5/25/1975, 9.91 ,0.00
5/26/1975, 9.91 ,0.00
5/27/1975, 9.91 ,0.00
5/28/1975, 9.91 ,0.00
5/29/1975, 9.91 ,0.00
5/30/1975, 9.91 ,0.00
5/31/1975, 9.91 ,0.00
6/1/1975, 9.91 ,0.00
6/2/1975, 9.91 ,0.00
6/3/1975, 9.91 ,0.00
6/4/1975, 9.91 ,0.00
6/5/1975, 9.91 ,0.00
6/6/1975, 9.91 ,0.00
6/7/1975, 9.91 ,0.00
6/8/1975, 9.91 ,0.00
6/9/1975, 9.91 ,0.00
6/10/1975, 9.91 ,0.00
6/11/1975, 9.91 ,0.00
6/12/1975, 9.91 ,0.00
6/13/1975, 9.91 ,0.00
6/14/1975, 9.91 ,0.00
6/15/1975, 9.91 ,0.00
6/16/1975, 9.91 ,0.00
6/17/1975, 9.91 ,0.00
6/18/1975, 9.91 ,0.00
6/19/1975, 9.91 ,0.00
6/20/1975, 9.91 ,0.00
6/21/1975, 9.91 ,0.00
6/22/1975, 9.91 ,0.00
6/23/1975, 9.91 ,0.00
6/24/1975, 9.91 ,0.00
6/25/1975, 9.91 ,0.00
6/26/1975, 9.91 ,0.00
6/27/1975, 9.91 ,0.00
6/28/1975, 9.91 ,0.00
6/29/1975, 9.91 ,0.00
6/30/1975, 9.91 ,0.00
7/1/1975, 9.91 ,0.00
7/2/1975, 9.91 ,0.00
7/3/1975, 9.91 ,0.00
7/4/1975, 9.91 ,0.00
7/5/1975, 9.91 ,0.00
7/6/1975, 9.91 ,0.00
7/7/1975, 9.91 ,0.00
7/8/1975, 9.91 ,0.00
7/9/1975, 9.91 ,0.00
7/10/1975, 9.91 ,0.00
7/11/1975, 9.91 ,0.00
7/12/1975, 9.91 ,0.00
7/13/1975, 9.91 ,0.00
7/14/1975, 9.91 ,0.00
7/15/1975, 9.91 ,0.00
7/16/1975, 9.91 ,0.00
7/17/1975, 9.91 ,0.00
7/18/1975, 9.91 ,0.00
7/19/1975, 9.91 ,0.00
7/20/1975, 9.91 ,0.00
7/21/1975, 9.91 ,0.00
7/22/1975, 9.91 ,0.00
7/23/1975, 9.91 ,0.00
7/24/1975, 9.91 ,0.00
7/25/1975, 9.91 ,0.00
7/26/1975, 9.91 ,0.00
7/27/1975, 9.91 ,0.00
7/28/1975, 9.91 ,0.00
7/29/1975, 9.91 ,0.00
7/30/1975, 9.91 ,0.00
7/31/1975, 9.91 ,0.00
8/1/1975, 9.91 ,0.00
8/2/1975, 9.91 ,0.00
8/3/1975, 9.91 ,0.00
8/4/1975, 9.91 ,0.00
8/5/1975, 9.91 ,0.00
8/6/1975, 9.91 ,0.00
8/7/1975, 9.91 ,0.00
8/8/1975, 9.91 ,0.00
8/9/1975, 9.91 ,0.00
8/10/1975, 9.91 ,0.00
8/11/1975, 9.91 ,0.00
8/12/1975, 9.91 ,0.00
8/13/1975, 9.91 ,0.00
8/14/1975, 9.91 ,0.00
8/15/1975, 9.91 ,0.00
8/16/1975, 9.91 ,0.00
8/17/1975, 9.91 ,0.00
8/18/1975, 9.91 ,0.00
8/19/1975, 9.91 ,0.00
8/20/1975, 9.91 ,0.00
8/21/1975, 9.91 ,0.00
8/22/1975, 9.91 ,0.00
8/23/1975, 9.91 ,0.00
8/24/1975, 9.91 ,0.00
8/25/1975, 9.91 ,0.00
8/26/1975, 9.91 ,0.00
8/27/1975, 9.91 ,0.00
8/28/1975, 9.91 ,0.00
8/29/1975, 9.91 ,0.00
8/30/1975, 9.91 ,0.00
8/31/1975, 9.91 ,0.00
9/1/1975, 9.91 ,0.00
9/2/1975, 9.91 ,0.00
9/3/1975, 9.91 ,0.00
9/4/1975, 9.91 ,0.00
9/5/1975, 9.91 ,0.00
9/6/1975, 9.91 ,0.00
9/7/1975, 9.91 ,0.00
9/8/1975, 9.91 ,0.00
9/9/1975, 9.91 ,0.00
9/10/1975, 9.91 ,0.00
9/11/1975, 9.91 ,0.00
9/12/1975, 9.91 ,0.00
9/13/1975, 9.91 ,0.00
9/14/1975, 9.91 ,0.00
9/15/1975, 9.91 ,0.00
9/16/1975, 9.91 ,0.00
9/17/1975, 9.91 ,0.00
9/18/1975, 9.91 ,0.00
9/19/1975, 9.91 ,0.00
9/20/1975, 9.91 ,0.00
9/21/1975, 9.91 ,0.00
9/22/1975, 9.91 ,0.00
9/23/1975, 9.91 ,0.00
9/24/1975, 9.91 ,0.00
9/25/1975, 9.91 ,0.00
9/26/1975, 9.91 ,0.00
9/27/1975, 9.91 ,0.00
9/28/1975, 9.91 ,0.00
9/29/1975, 9.91 ,0.00
9/30/1975, 9.91 ,0.00
10/1/1975, 9.91 ,0.00
10/2/1975, 9.91 ,0.00
10/3/1975, 9.91 ,0.00
10/4/1975, 9.91 ,0.00
10/5/1975, 9.91 ,0.00
10/6/1975, 9.91 ,0.00
10/7/1975, 9.91 ,0.00
10/8/1975, 9.91 ,0.00
10/9/1975, 9.91 ,0.00
10/10/1975, 9.91 ,0.00
10/11/1975, 9.91 ,0.00
10/12/1975, 9.91 ,0.00
10/13/1975, 9.91 ,0.00
10/14/1975, 9.91 ,0.00
10/15/1975, 9.91 ,0.00
10/16/1975, 9.91 ,0.00
10/17/1975, 9.91 ,0.00
10/18/1975, 9.91 ,0.00
10/19/1975, 9.91 ,0.00
10/20/1975, 9.91 ,0.00
10/21/1975, 9.91 ,0.00
10/22/1975, 9.91 ,0.00
10/23/1975, 9.91 ,0.00
10/24/1975, 9.91 ,0.00
10/25/1975, 9.91 ,0.00
10/26/1975, 9.91 ,0.00
10/27/1975, 9.91 ,0.00
10/28/1975, 9.91 ,0.00
10/29/1975, 9.91 ,0.00
10/30/1975, 9.91 ,0.00
10/31/1975, 9.91 ,0.00
11/1/1975, 9.91 ,0.00
11/2/1975, 9.91 ,0.00
11/3/1975, 9.91 ,0.00
11/4/1975, 9.91 ,0.00
11/5/1975, 9.91 ,0.00
11/6/1975, 9.91 ,0.00
11/7/1975, 9.91 ,0.00
11/8/1975, 9.91 ,0.00
11/9/1975, 9.91 ,0.00
11/10/1975, 9.91 ,0.00
11/11/1975, 9.91 ,0.00
11/12/1975, 9.91 ,0.00
11/13/1975, 9.91 ,0.00
11/14/1975, 9.91 ,0.00
11/15/1975, 9.91 ,0.00
11/16/1975, 9.91 ,0.00
11/17/1975, 9.91 ,0.00
11/18/1975, 9.91 ,0.00
11/19/1975, 9.91 ,0.00
11/20/1975, 9.91 ,0.00
11/21/1975, 9.91 ,0.00
11/22/1975, 9.91 ,0.00
11/23/1975, 9.91 ,0.00
11/24/1975, 9.91 ,0.00
11/25/1975, 9.91 ,0.00
11/26/1975, 9.91 ,0.00
11/27/1975, 9.91 ,0.00
11/28/1975, 9.91 ,0.00
11/29/1975, 9.91 ,0.00
11/30/1975, 9.91 ,0.00
12/1/1975, 9.91 ,0.00
12/2/1975, 9.91 ,0.00
12/3/1975, 9.91 ,0.00
12/4/1975, 9.91 ,0.00
12/5/1975, 9.91 ,0.00
12/6/1975, 9.91 ,0.00
12/7/1975, 9.91 ,0.00
12/8/1975, 9.91 ,0.00
12/9/1975, 9.91 ,0.00
12/10/1975, 9.91 ,0.00
12/11/1975, 9.91 ,0.00
12/12/1975, 9.91 ,0.00
12/13/1975, 9.91 ,0.00
12/14/1975, 9.91 ,0.00
12/15/1975, 9.91 ,0.00
12/16/1975, 9.91 ,0.00
12/17/1975, 9.91 ,0.00
12/18/1975, 9.91 ,0.00
12/19/1975, 9.91 ,0.00
12/20/1975, 9.91 ,0.00
12/21/1975, 9.91 ,0.00
12/22/1975, 9.91 ,0.00
12/23/1975, 9.91 ,0.00
12/24/1975, 9.91 ,0.00
12/25/1975, 9.91 ,0.00
12/26/1975, 9.91 ,0.00
12/27/1975, 9.91 ,0.00
12/28/1975, 9.91 ,0.00
12/29/1975, 9.91 ,0.00
12/30/1975, 9.91 ,0.00
12/31/1975, 9.91 ,0.00
1/1/1976, 9.91 ,0.00
1/2/1976, 9.91 ,0.00
1/3/1976, 9.91 ,0.00
1/4/1976, 9.91 ,0.00
1/5/1976, 9.91 ,0.00
1/6/1976, 9.91 ,0.00
1/7/1976, 9.91 ,0.00
1/8/1976, 9.91 ,0.00
1/9/1976, 9.91 ,0.00
1/10/1976, 9.91 ,0.00
1/11/1976, 9.91 ,0.00
1/12/1976, 9.91 ,0.00
1/13/1976, 9.91 ,0.00
1/14/1976, 9.91 ,0.00
1/15/1976, 9.91 ,0.00
1/16/1976, 9.91 ,0.00
1/17/1976, 9.91 ,0.00
1/18/1976, 9.91 ,0.00
1/19/1976, 9.91 ,0.00
1/20/1976, 9.91 ,0.00
1/21/1976, 9.91 ,0.00
1/22/1976, 9.91 ,0.00
1/23/1976, 9.91 ,0.00
1/24/1976, 9.91 ,0.00
1/25/1976, 9.91 ,0.00
1/26/1976, 9.91 ,0.00
1/27/1976, 9.91 ,0.00
1/28/1976, 9.91 ,0.00
1/29/1976, 9.91 ,0.00
1/30/1976, 9.91 ,0.00
1/31/1976, 9.91 ,0.00
2/1/1976, 9.91 ,0.00
2/2/1976, 9.91 ,0.00
2/3/1976, 9.91 ,0.00
2/4/1976, 9.91 ,0.00
2/5/1976, 9.91 ,0.00
2/6/1976, 9.91 ,0.00
2/7/1976, 9.91 ,0.00
2/8/1976, 9.91 ,0.00
2/9/1976, 9.91 ,0.00
2/10/1976, 9.91 ,0.00
2/11/1976, 9.91 ,0.00
2/12/1976, 9.91 ,0.00
2/13/1976, 9.91 ,0.00
2/14/1976, 9.91 ,0.00
2/15/1976, 9.91 ,0.00
2/16/1976, 9.91 ,0.00
2/17/1976, 9.91 ,0.00
2/18/1976, 9.91 ,0.00
2/19/1976, 9.91 ,0.00
2/20/1976, 9.91 ,0.00
2/21/1976, 9.91 ,0.00
2/22/1976, 9.91 ,0.00
2/23/1976, 9.91 ,0.00
2/24/1976, 9.91 ,0.00
2/25/1976, 9.91 ,0.00
2/26/1976, 9.91 ,0.00
2/27/1976, 9.91 ,0.00
2/28/1976, 9.91 ,0.00
2/29/1976, 9.91 ,0.00
3/1/1976, 9.91 ,0.00
3/2/1976, 9.91 ,0.00
3/3/1976, 9.91 ,0.00
3/4/1976, 9.91 ,0.00
3/5/1976, 9.91 ,0.00
3/6/1976, 9.91 ,0.00
3/7/1976, 9.91 ,0.00
3/8/1976, 9.91 ,0.00
3/9/1976, 9.91 ,0.00
3/10/1976, 9.91 ,0.00
3/11/1976, 9.91 ,0.00
3/12/1976, 9.91 ,0.00
3/13/1976, 9.91 ,0.00
3/14/1976, 9.91 ,0.00
3/15/1976, 9.91 ,0.00
3/16/1976, 9.91 ,0.00
3/17/1976, 9.91 ,0.00
3/18/1976, 9.91 ,0.00
3/19/1976, 9.91 ,0.00
3/20/1976, 9.91 ,0.00
3/21/1976, 9.91 ,0.00
3/22/1976, 9.91 ,0.00
3/23/1976, 9.91 ,0.00
3/24/1976, 9.91 ,0.00
3/25/1976, 9.91 ,0.00
3/26/1976, 9.91 ,0.00
3/27/1976, 9.91 ,0.00
3/28/1976, 9.91 ,0.00
3/29/1976, 9.91 ,0.00
3/30/1976, 9.91 ,0.00
3/31/1976, 9.91 ,0.00
4/1/1976, 9.91 ,0.00
4/2/1976, 9.91 ,0.00
4/3/1976, 9.91 ,0.00
4/4/1976, 9.91 ,0.00
4/5/1976, 9.91 ,0.00
4/6/1976, 9.91 ,0.00
4/7/1976, 9.91 ,0.00
4/8/1976, 9.91 ,0.00
4/9/1976, 9.91 ,0.00
4/10/1976, 9.91 ,0.00
4/11/1976, 9.91 ,0.00
4/12/1976, 9.91 ,0.00
4/13/1976, 9.91 ,0.00
4/14/1976, 9.91 ,0.00
4/15/1976, 9.91 ,0.00
4/16/1976, 9.91 ,0.00
4/17/1976, 9.91 ,0.00
4/18/1976, 9.91 ,0.00
4/19/1976, 9.91 ,0.00
4/20/1976, 9.91 ,0.00
4/21/1976, 9.91 ,0.00
4/22/1976, 9.91 ,0.00
4/23/1976, 9.91 ,0.00
4/24/1976, 9.91 ,0.00
4/25/1976, 9.91 ,0.00
4/26/1976, 9.91 ,0.00
4/27/1976, 9.91 ,0.00
4/28/1976, 9.91 ,0.00
4/29/1976, 9.91 ,0.00
4/30/1976, 9.91 ,0.00
5/1/1976, 9.91 ,0.00
5/2/1976, 9.91 ,0.00
5/3/1976, 9.91 ,0.00
5/4/1976, 9.91 ,0.00
5/5/1976, 9.91 ,0.00
5/6/1976, 9.91 ,0.00
5/7/1976, 9.91 ,0.00
5/8/1976, 9.91 ,0.00
5/9/1976, 9.91 ,0.00
5/10/1976, 9.91 ,0.00
5/11/1976, 9.91 ,0.00
5/12/1976, 9.91 ,0.00
5/13/1976, 9.91 ,0.00
5/14/1976, 9.91 ,0.00
5/15/1976, 9.91 ,0.00
5/16/1976, 9.91 ,0.00
5/17/1976, 9.91 ,0.00
5/18/1976, 9.91 ,0.00
5/19/1976, 9.91 ,0.00
5/20/1976, 9.91 ,0.00
5/21/1976, 9.91 ,0.00
5/22/1976, 9.91 ,0.00
5/23/1976, 9.91 ,0.00
5/24/1976, 9.91 ,0.00
5/25/1976, 9.91 ,0.00
5/26/1976, 9.91 ,0.00
5/27/1976, 9.91 ,0.00
5/28/1976, 9.91 ,0.00
5/29/1976, 9.91 ,0.00
5/30/1976, 9.91 ,0.00
5/31/1976, 9.91 ,0.00
6/1/1976, 9.91 ,0.00
6/2/1976, 9.91 ,0.00
6/3/1976, 9.91 ,0.00
6/4/1976, 9.91 ,0.00
6/5/1976, 9.91 ,0.00
6/6/1976, 9.91 ,0.00
6/7/1976, 9.91 ,0.00
6/8/1976, 9.91 ,0.00
6/9/1976, 9.91 ,0.00
6/10/1976, 9.91 ,0.00
6/11/1976, 9.91 ,0.00
6/12/1976, 9.91 ,0.00
6/13/1976, 9.91 ,0.00
6/14/1976, 9.91 ,0.00
6/15/1976, 9.91 ,0.00
6/16/1976, 9.91 ,0.00
6/17/1976, 9.91 ,0.00
6/18/1976, 9.91 ,0.00
6/19/1976, 9.91 ,0.00
6/20/1976, 9.91 ,0.00
6/21/1976, 9.91 ,0.00
6/22/1976, 9.91 ,0.00
6/23/1976, 9.91 ,0.00
6/24/1976, 9.91 ,0.00
6/25/1976, 9.91 ,0.00
6/26/1976, 9.91 ,0.00
6/27/1976, 9.91 ,0.00
6/28/1976, 9.91 ,0.00
6/29/1976, 9.91 ,0.00
6/30/1976, 9.91 ,0.00
7/1/1976, 9.91 ,0.00
7/2/1976, 9.91 ,0.00
7/3/1976, 9.91 ,0.00
7/4/1976, 9.91 ,0.00
7/5/1976, 9.91 ,0.00
7/6/1976, 9.91 ,0.00
7/7/1976, 9.91 ,0.00
7/8/1976, 9.91 ,0.00
7/9/1976, 9.91 ,0.00
7/10/1976, 9.91 ,0.00
7/11/1976, 9.91 ,0.00
7/12/1976, 9.91 ,0.00
7/13/1976, 9.91 ,0.00
7/14/1976, 9.91 ,0.00
7/15/1976, 9.91 ,0.00
7/16/1976, 9.91 ,0.00
7/17/1976, 9.91 ,0.00
7/18/1976, 9.91 ,0.00
7/19/1976, 9.91 ,0.00
7/20/1976, 9.91 ,0.00
7/21/1976, 9.91 ,0.00
7/22/1976, 9.91 ,0.00
7/23/1976, 9.91 ,0.00
7/24/1976, 9.91 ,0.00
7/25/1976, 9.91 ,0.00
7/26/1976, 9.91 ,0.00
7/27/1976, 9.91 ,0.00
7/28/1976, 9.91 ,0.00
7/29/1976, 9.91 ,0.00
7/30/1976, 9.91 ,0.00
7/31/1976, 9.91 ,0.00
8/1/1976, 9.91 ,0.00
8/2/1976, 9.91 ,0.00
8/3/1976, 9.91 ,0.00
8/4/1976, 9.91 ,0.00
8/5/1976, 9.91 ,0.00
8/6/1976, 9.91 ,0.00
8/7/1976, 9.91 ,0.00
8/8/1976, 9.91 ,0.00
8/9/1976, 9.91 ,0.00
8/10/1976, 9.91 ,0.00
8/11/1976, 9.91 ,0.00
8/12/1976, 9.91 ,0.00
8/13/1976, 9.91 ,0.00
8/14/1976, 9.91 ,0.00
8/15/1976, 9.91 ,0.00
8/16/1976, 9.91 ,0.00
8/17/1976, 9.91 ,0.00
8/18/1976, 9.91 ,0.00
8/19/1976, 9.91 ,0.00
8/20/1976, 9.91 ,0.00
8/21/1976, 9.91 ,0.00
8/22/1976, 9.91 ,0.00
8/23/1976, 9.91 ,0.00
8/24/1976, 9.91 ,0.00
8/25/1976, 9.91 ,0.00
8/26/1976, 9.91 ,0.00
8/27/1976, 9.91 ,0.00
8/28/1976, 9.91 ,0.00
8/29/1976, 9.91 ,0.00
8/30/1976, 9.91 ,0.00
8/31/1976, 9.91 ,0.00
9/1/1976, 9.91 ,0.00
9/2/1976, 9.91 ,0.00
9/3/1976, 9.91 ,0.00
9/4/1976, 9.91 ,0.00
9/5/1976, 9.91 ,0.00
9/6/1976, 9.91 ,0.00
9/7/1976, 9.91 ,0.00
9/8/1976, 9.91 ,0.00
9/9/1976, 9.91 ,0.00
9/10/1976, 9.91 ,0.00
9/11/1976, 9.91 ,0.00
9/12/1976, 9.91 ,0.00
9/13/1976, 9.91 ,0.00
9/14/1976, 9.91 ,0.00
9/15/1976, 9.91 ,0.00
9/16/1976, 9.91 ,0.00
9/17/1976, 9.91 ,0.00
9/18/1976, 9.91 ,0.00
9/19/1976, 9.91 ,0.00
9/20/1976, 9.91 ,0.00
9/21/1976, 9.91 ,0.00
9/22/1976, 9.91 ,0.00
9/23/1976, 9.91 ,0.00
9/24/1976, 9.91 ,0.00
9/25/1976, 9.91 ,0.00
9/26/1976, 9.91 ,0.00
9/27/1976, 9.91 ,0.00
9/28/1976, 9.91 ,0.00
9/29/1976, 9.91 ,0.00
9/30/1976, 9.91 ,0.00
10/1/1976, 9.91 ,0.00
10/2/1976, 9.91 ,0.00
10/3/1976, 9.91 ,0.00
10/4/1976, 9.91 ,0.00
10/5/1976, 9.91 ,0.00
10/6/1976, 9.91 ,0.00
10/7/1976, 9.91 ,0.00
10/8/1976, 9.91 ,0.00
10/9/1976, 9.91 ,0.00
10/10/1976, 9.91 ,0.00
10/11/1976, 9.91 ,0.00
10/12/1976, 9.91 ,0.00
10/13/1976, 9.91 ,0.00
10/14/1976, 9.91 ,0.00
10/15/1976, 9.91 ,0.00
10/16/1976, 9.91 ,0.00
10/17/1976, 9.91 ,0.00
10/18/1976, 9.91 ,0.00
10/19/1976, 9.91 ,0.00
10/20/1976, 9.91 ,0.00
10/21/1976, 9.91 ,0.00
10/22/1976, 9.91 ,0.00
10/23/1976, 9.91 ,0.00
10/24/1976, 9.91 ,0.00
10/25/1976, 9.91 ,0.00
10/26/1976, 9.91 ,0.00
10/27/1976, 9.91 ,0.00
10/28/1976, 9.91 ,0.00
10/29/1976, 9.91 ,0.00
10/30/1976, 9.91 ,0.00
10/31/1976, 9.91 ,0.00
11/1/1976, 9.91 ,0.00
11/2/1976, 9.91 ,0.00
11/3/1976, 9.91 ,0.00
11/4/1976, 9.91 ,0.00
11/5/1976, 9.91 ,0.00
11/6/1976, 9.91 ,0.00
11/7/1976, 9.91 ,0.00
11/8/1976, 9.91 ,0.00
11/9/1976, 9.91 ,0.00
11/10/1976, 9.91 ,0.00
11/11/1976, 9.91 ,0.00
11/12/1976, 9.91 ,0.00
11/13/1976, 9.91 ,0.00
11/14/1976, 9.91 ,0.00
11/15/1976, 9.91 ,0.00
11/16/1976, 9.91 ,0.00
11/17/1976, 9.91 ,0.00
11/18/1976, 9.91 ,0.00
11/19/1976, 9.91 ,0.00
11/20/1976, 9.91 ,0.00
11/21/1976, 9.91 ,0.00
11/22/1976, 9.91 ,0.00
11/23/1976, 9.91 ,0.00
11/24/1976, 9.91 ,0.00
11/25/1976, 9.91 ,0.00
11/26/1976, 9.91 ,0.00
11/27/1976, 9.91 ,0.00
11/28/1976, 9.91 ,0.00
11/29/1976, 9.91 ,0.00
11/30/1976, 9.91 ,0.00
12/1/1976, 9.91 ,0.00
12/2/1976, 9.91 ,0.00
12/3/1976, 9.91 ,0.00
12/4/1976, 9.91 ,0.00
12/5/1976, 9.91 ,0.00
12/6/1976, 9.91 ,0.00
12/7/1976, 9.91 ,0.00
12/8/1976, 9.91 ,0.00
12/9/1976, 9.91 ,0.00
12/10/1976, 9.91 ,0.00
12/11/1976, 9.91 ,0.00
12/12/1976, 9.91 ,0.00
12/13/1976, 9.91 ,0.00
12/14/1976, 9.91 ,0.00
12/15/1976, 9.91 ,0.00
12/16/1976, 9.91 ,0.00
12/17/1976, 9.91 ,0.00
12/18/1976, 9.91 ,0.00
12/19/1976, 9.91 ,0.00
12/20/1976, 9.91 ,0.00
12/21/1976, 9.91 ,0.00
12/22/1976, 9.91 ,0.00
12/23/1976, 9.91 ,0.00
12/24/1976, 9.91 ,0.00
12/25/1976, 9.91 ,0.00
12/26/1976, 9.91 ,0.00
12/27/1976, 9.91 ,0.00
12/28/1976, 9.91 ,0.00
12/29/1976, 9.91 ,0.00
12/30/1976, 9.91 ,0.00
12/31/1976, 9.91 ,0.00
1/1/1977, 9.91 ,0.00
1/2/1977, 9.91 ,0.00
1/3/1977, 9.91 ,0.00
1/4/1977, 9.91 ,0.00
1/5/1977, 9.91 ,0.00
1/6/1977, 9.91 ,0.00
1/7/1977, 9.91 ,0.00
1/8/1977, 9.91 ,0.00
1/9/1977, 9.91 ,0.00
1/10/1977, 9.91 ,0.00
1/11/1977, 9.91 ,0.00
1/12/1977, 9.91 ,0.00
1/13/1977, 9.91 ,0.00
1/14/1977, 9.91 ,0.00
1/15/1977, 9.91 ,0.00
1/16/1977, 9.91 ,0.00
1/17/1977, 9.91 ,0.00
1/18/1977, 9.91 ,0.00
1/19/1977, 9.91 ,0.00
1/20/1977, 9.91 ,0.00
1/21/1977, 9.91 ,0.00
1/22/1977, 9.91 ,0.00
1/23/1977, 9.91 ,0.00
1/24/1977, 9.91 ,0.00
1/25/1977, 9.91 ,0.00
1/26/1977, 9.91 ,0.00
1/27/1977, 9.91 ,0.00
1/28/1977, 9.91 ,0.00
1/29/1977, 9.91 ,0.00
1/30/1977, 9.91 ,0.00
1/31/1977, 9.91 ,0.00
2/1/1977, 9.91 ,0.00
2/2/1977, 9.91 ,0.00
2/3/1977, 9.91 ,0.00
2/4/1977, 9.91 ,0.00
2/5/1977, 9.91 ,0.00
2/6/1977, 9.91 ,0.00
2/7/1977, 9.91 ,0.00
2/8/1977, 9.91 ,0.00
2/9/1977, 9.91 ,0.00
2/10/1977, 9.91 ,0.00
2/11/1977, 9.91 ,0.00
2/12/1977, 9.91 ,0.00
2/13/1977, 9.91 ,0.00
2/14/1977, 9.91 ,0.00
2/15/1977, 9.91 ,0.00
2/16/1977, 9.91 ,0.00
2/17/1977, 9.91 ,0.00
2/18/1977, 9.91 ,0.00
2/19/1977, 9.91 ,0.00
2/20/1977, 9.91 ,0.00
2/21/1977, 9.91 ,0.00
2/22/1977, 9.91 ,0.00
2/23/1977, 9.91 ,0.00
2/24/1977, 9.91 ,0.00
2/25/1977, 9.91 ,0.00
2/26/1977, 9.91 ,0.00
2/27/1977, 9.91 ,0.00
2/28/1977, 9.91 ,0.00
3/1/1977, 9.91 ,0.00
3/2/1977, 9.91 ,0.00
3/3/1977, 9.91 ,0.00
3/4/1977, 9.91 ,0.00
3/5/1977, 9.91 ,0.00
3/6/1977, 9.91 ,0.00
3/7/1977, 9.91 ,0.00
3/8/1977, 9.91 ,0.00
3/9/1977, 9.91 ,0.00
3/10/1977, 9.91 ,0.00
3/11/1977, 9.91 ,0.00
3/12/1977, 9.91 ,0.00
3/13/1977, 9.91 ,0.00
3/14/1977, 9.91 ,0.00
3/15/1977, 9.91 ,0.00
3/16/1977, 9.91 ,0.00
3/17/1977, 9.91 ,0.00
3/18/1977, 9.91 ,0.00
3/19/1977, 9.91 ,0.00
3/20/1977, 9.91 ,0.00
3/21/1977, 9.91 ,0.00
3/22/1977, 9.91 ,0.00
3/23/1977, 9.91 ,0.00
3/24/1977, 9.91 ,0.00
3/25/1977, 9.91 ,0.00
3/26/1977, 9.91 ,0.00
3/27/1977, 9.91 ,0.00
3/28/1977, 9.91 ,0.00
3/29/1977, 9.91 ,0.00
3/30/1977, 9.91 ,0.00
3/31/1977, 9.91 ,0.00
4/1/1977, 9.91 ,0.00
4/2/1977, 9.91 ,0.00
4/3/1977, 9.91 ,0.00
4/4/1977, 9.91 ,0.00
4/5/1977, 9.91 ,0.00
4/6/1977, 9.91 ,0.00
4/7/1977, 9.91 ,0.00
4/8/1977, 9.91 ,0.00
4/9/1977, 9.91 ,0.00
4/10/1977, 9.91 ,0.00
4/11/1977, 9.91 ,0.00
4/12/1977, 9.91 ,0.00
4/13/1977, 9.91 ,0.00
4/14/1977, 9.91 ,0.00
4/15/1977, 9.91 ,0.00
4/16/1977, 9.91 ,0.00
4/17/1977, 9.91 ,0.00
4/18/1977, 9.91 ,0.00
4/19/1977, 9.91 ,0.00
4/20/1977, 9.91 ,0.00
4/21/1977, 9.91 ,0.00
4/22/1977, 9.91 ,0.00
4/23/1977, 9.91 ,0.00
4/24/1977, 9.91 ,0.00
4/25/1977, 9.91 ,0.00
4/26/1977, 9.91 ,0.00
4/27/1977, 9.91 ,0.00
4/28/1977, 9.91 ,0.00
4/29/1977, 9.91 ,0.00
4/30/1977, 9.91 ,0.00
5/1/1977, 9.91 ,0.00
5/2/1977, 9.91 ,0.00
5/3/1977, 9.91 ,0.00
5/4/1977, 9.91 ,0.00
5/5/1977, 9.91 ,0.00
5/6/1977, 9.91 ,0.00
5/7/1977, 9.91 ,0.00
5/8/1977, 9.91 ,0.00
5/9/1977, 9.91 ,0.00
5/10/1977, 9.91 ,0.00
5/11/1977, 9.91 ,0.00
5/12/1977, 9.91 ,0.00
5/13/1977, 9.91 ,0.00
5/14/1977, 9.91 ,0.00
5/15/1977, 9.91 ,0.00
5/16/1977, 9.91 ,0.00
5/17/1977, 9.91 ,0.00
5/18/1977, 9.91 ,0.00
5/19/1977, 9.91 ,0.00
5/20/1977, 9.91 ,0.00
5/21/1977, 9.91 ,0.00
5/22/1977, 9.91 ,0.00
5/23/1977, 9.91 ,0.00
5/24/1977, 9.91 ,0.00
5/25/1977, 9.91 ,0.00
5/26/1977, 9.91 ,0.00
5/27/1977, 9.91 ,0.00
5/28/1977, 9.91 ,0.00
5/29/1977, 9.91 ,0.00
5/30/1977, 9.91 ,0.00
5/31/1977, 9.91 ,0.00
6/1/1977, 9.91 ,0.00
6/2/1977, 9.91 ,0.00
6/3/1977, 9.91 ,0.00
6/4/1977, 9.91 ,0.00
6/5/1977, 9.91 ,0.00
6/6/1977, 9.91 ,0.00
6/7/1977, 9.91 ,0.00
6/8/1977, 9.91 ,0.00
6/9/1977, 9.91 ,0.00
6/10/1977, 9.91 ,0.00
6/11/1977, 9.91 ,0.00
6/12/1977, 9.91 ,0.00
6/13/1977, 9.91 ,0.00
6/14/1977, 9.91 ,0.00
6/15/1977, 9.91 ,0.00
6/16/1977, 9.91 ,0.00
6/17/1977, 9.91 ,0.00
6/18/1977, 9.91 ,0.00
6/19/1977, 9.91 ,0.00
6/20/1977, 9.91 ,0.00
6/21/1977, 9.91 ,0.00
6/22/1977, 9.91 ,0.00
6/23/1977, 9.91 ,0.00
6/24/1977, 9.91 ,0.00
6/25/1977, 9.91 ,0.00
6/26/1977, 9.91 ,0.00
6/27/1977, 9.91 ,0.00
6/28/1977, 9.91 ,0.00
6/29/1977, 9.91 ,0.00
6/30/1977, 9.91 ,0.00
7/1/1977, 9.91 ,0.00
7/2/1977, 9.91 ,0.00
7/3/1977, 9.91 ,0.00
7/4/1977, 9.91 ,0.00
7/5/1977, 9.91 ,0.00
7/6/1977, 9.91 ,0.00
7/7/1977, 9.91 ,0.00
7/8/1977, 9.91 ,0.00
7/9/1977, 9.91 ,0.00
7/10/1977, 9.91 ,0.00
7/11/1977, 9.91 ,0.00
7/12/1977, 9.91 ,0.00
7/13/1977, 9.91 ,0.00
7/14/1977, 9.91 ,0.00
7/15/1977, 9.91 ,0.00
7/16/1977, 9.91 ,0.00
7/17/1977, 9.91 ,0.00
7/18/1977, 9.91 ,0.00
7/19/1977, 9.91 ,0.00
7/20/1977, 9.91 ,0.00
7/21/1977, 9.91 ,0.00
7/22/1977, 9.91 ,0.00
7/23/1977, 9.91 ,0.00
7/24/1977, 9.91 ,0.00
7/25/1977, 9.91 ,0.00
7/26/1977, 9.91 ,0.00
7/27/1977, 9.91 ,0.00
7/28/1977, 9.91 ,0.00
7/29/1977, 9.91 ,0.00
7/30/1977, 9.91 ,0.00
7/31/1977, 9.91 ,0.00
8/1/1977, 9.91 ,0.00
8/2/1977, 9.91 ,0.00
8/3/1977, 9.91 ,0.00
8/4/1977, 9.91 ,0.00
8/5/1977, 9.91 ,0.00
8/6/1977, 9.91 ,0.00
8/7/1977, 9.91 ,0.00
8/8/1977, 9.91 ,0.00
8/9/1977, 9.91 ,0.00
8/10/1977, 9.91 ,0.00
8/11/1977, 9.91 ,0.00
8/12/1977, 9.91 ,0.00
8/13/1977, 9.91 ,0.00
8/14/1977, 9.91 ,0.00
8/15/1977, 9.91 ,0.00
8/16/1977, 9.91 ,0.00
8/17/1977, 9.91 ,0.00
8/18/1977, 9.91 ,0.00
8/19/1977, 9.91 ,0.00
8/20/1977, 9.91 ,0.00
8/21/1977, 9.91 ,0.00
8/22/1977, 9.91 ,0.00
8/23/1977, 9.91 ,0.00
8/24/1977, 9.91 ,0.00
8/25/1977, 9.91 ,0.00
8/26/1977, 9.91 ,0.00
8/27/1977, 9.91 ,0.00
8/28/1977, 9.91 ,0.00
8/29/1977, 9.91 ,0.00
8/30/1977, 9.91 ,0.00
8/31/1977, 9.91 ,0.00
9/1/1977, 9.91 ,0.00
9/2/1977, 9.91 ,0.00
9/3/1977, 9.91 ,0.00
9/4/1977, 9.91 ,0.00
9/5/1977, 9.91 ,0.00
9/6/1977, 9.91 ,0.00
9/7/1977, 9.91 ,0.00
9/8/1977, 9.91 ,0.00
9/9/1977, 9.91 ,0.00
9/10/1977, 9.91 ,0.00
9/11/1977, 9.91 ,0.00
9/12/1977, 9.91 ,0.00
9/13/1977, 9.91 ,0.00
9/14/1977, 9.91 ,0.00
9/15/1977, 9.91 ,0.00
9/16/1977, 9.91 ,0.00
9/17/1977, 9.91 ,0.00
9/18/1977, 9.91 ,0.00
9/19/1977, 9.91 ,0.00
9/20/1977, 9.91 ,0.00
9/21/1977, 9.91 ,0.00
9/22/1977, 9.91 ,0.00
9/23/1977, 9.91 ,0.00
9/24/1977, 9.91 ,0.00
9/25/1977, 9.91 ,0.00
9/26/1977, 9.91 ,0.00
9/27/1977, 9.91 ,0.00
9/28/1977, 9.91 ,0.00
9/29/1977, 9.91 ,0.00
9/30/1977, 9.91 ,0.00
10/1/1977, 9.91 ,0.00
10/2/1977, 9.91 ,0.00
10/3/1977, 9.91 ,0.00
10/4/1977, 9.91 ,0.00
10/5/1977, 9.91 ,0.00
10/6/1977, 9.91 ,0.00
10/7/1977, 9.91 ,0.00
10/8/1977, 9.91 ,0.00
10/9/1977, 9.91 ,0.00
10/10/1977, 9.91 ,0.00
10/11/1977, 9.91 ,0.00
10/12/1977, 9.91 ,0.00
10/13/1977, 9.91 ,0.00
10/14/1977, 9.91 ,0.00
10/15/1977, 9.91 ,0.00
10/16/1977, 9.91 ,0.00
10/17/1977, 9.91 ,0.00
10/18/1977, 9.91 ,0.00
10/19/1977, 9.91 ,0.00
10/20/1977, 9.91 ,0.00
10/21/1977, 9.91 ,0.00
10/22/1977, 9.91 ,0.00
10/23/1977, 9.91 ,0.00
10/24/1977, 9.91 ,0.00
10/25/1977, 9.91 ,0.00
10/26/1977, 9.91 ,0.00
10/27/1977, 9.91 ,0.00
10/28/1977, 9.91 ,0.00
10/29/1977, 9.91 ,0.00
10/30/1977, 9.91 ,0.00
10/31/1977, 9.91 ,0.00
11/1/1977, 9.91 ,0.00
11/2/1977, 9.91 ,0.00
11/3/1977, 9.91 ,0.00
11/4/1977, 9.91 ,0.00
11/5/1977, 9.91 ,0.00
11/6/1977, 9.91 ,0.00
11/7/1977, 9.91 ,0.00
11/8/1977, 9.91 ,0.00
11/9/1977, 9.91 ,0.00
11/10/1977, 9.91 ,0.00
11/11/1977, 9.91 ,0.00
11/12/1977, 9.91 ,0.00
11/13/1977, 9.91 ,0.00
11/14/1977, 9.91 ,0.00
11/15/1977, 9.91 ,0.00
11/16/1977, 9.91 ,0.00
11/17/1977, 9.91 ,0.00
11/18/1977, 9.91 ,0.00
11/19/1977, 9.91 ,0.00
11/20/1977, 9.91 ,0.00
11/21/1977, 9.91 ,0.00
11/22/1977, 9.91 ,0.00
11/23/1977, 9.91 ,0.00
11/24/1977, 9.91 ,0.00
11/25/1977, 9.91 ,0.00
11/26/1977, 9.91 ,0.00
11/27/1977, 9.91 ,0.00
11/28/1977, 9.91 ,0.00
11/29/1977, 9.91 ,0.00
11/30/1977, 9.91 ,0.00
12/1/1977, 9.91 ,0.00
12/2/1977, 9.91 ,0.00
12/3/1977, 9.91 ,0.00
12/4/1977, 9.91 ,0.00
12/5/1977, 9.91 ,0.00
12/6/1977, 9.91 ,0.00
12/7/1977, 9.91 ,0.00
12/8/1977, 9.91 ,0.00
12/9/1977, 9.91 ,0.00
12/10/1977, 9.91 ,0.00
12/11/1977, 9.91 ,0.00
12/12/1977, 9.91 ,0.00
12/13/1977, 9.91 ,0.00
12/14/1977, 9.91 ,0.00
12/15/1977, 9.91 ,0.00
12/16/1977, 9.91 ,0.00
12/17/1977, 9.91 ,0.00
12/18/1977, 9.91 ,0.00
12/19/1977, 9.91 ,0.00
12/20/1977, 9.91 ,0.00
12/21/1977, 9.91 ,0.00
12/22/1977, 9.91 ,0.00
12/23/1977, 9.91 ,0.00
12/24/1977, 9.91 ,0.00
12/25/1977, 9.91 ,0.00
12/26/1977, 9.91 ,0.00
12/27/1977, 9.91 ,0.00
12/28/1977, 9.91 ,0.00
12/29/1977, 9.91 ,0.00
12/30/1977, 9.91 ,0.00
12/31/1977, 9.91 ,0.00
1/1/1978, 9.91 ,0.00
1/2/1978, 9.91 ,0.00
1/3/1978, 9.91 ,0.00
1/4/1978, 9.91 ,0.00
1/5/1978, 9.91 ,0.00
1/6/1978, 9.91 ,0.00
1/7/1978, 9.91 ,0.00
1/8/1978, 9.91 ,0.00
1/9/1978, 9.91 ,0.00
1/10/1978, 9.91 ,0.00
1/11/1978, 9.91 ,0.00
1/12/1978, 9.91 ,0.00
1/13/1978, 9.91 ,0.00
1/14/1978, 9.91 ,0.00
1/15/1978, 9.91 ,0.00
1/16/1978, 9.91 ,0.00
1/17/1978, 9.91 ,0.00
1/18/1978, 9.91 ,0.00
1/19/1978, 9.91 ,0.00
1/20/1978, 9.91 ,0.00
1/21/1978, 9.91 ,0.00
1/22/1978, 9.91 ,0.00
1/23/1978, 9.91 ,0.00
1/24/1978, 9.91 ,0.00
1/25/1978, 9.91 ,0.00
1/26/1978, 9.91 ,0.00
1/27/1978, 9.91 ,0.00
1/28/1978, 9.91 ,0.00
1/29/1978, 9.91 ,0.00
1/30/1978, 9.91 ,0.00
1/31/1978, 9.91 ,0.00
2/1/1978, 9.91 ,0.00
2/2/1978, 9.91 ,0.00
2/3/1978, 9.91 ,0.00
2/4/1978, 9.91 ,0.00
2/5/1978, 9.91 ,0.00
2/6/1978, 9.91 ,0.00
2/7/1978, 9.91 ,0.00
2/8/1978, 9.91 ,0.00
2/9/1978, 9.91 ,0.00
2/10/1978, 9.91 ,0.00
2/11/1978, 9.91 ,0.00
2/12/1978, 9.91 ,0.00
2/13/1978, 9.91 ,0.00
2/14/1978, 9.91 ,0.00
2/15/1978, 9.91 ,0.00
2/16/1978, 9.91 ,0.00
2/17/1978, 9.91 ,0.00
2/18/1978, 9.91 ,0.00
2/19/1978, 9.91 ,0.00
2/20/1978, 9.91 ,0.00
2/21/1978, 9.91 ,0.00
2/22/1978, 9.91 ,0.00
2/23/1978, 9.91 ,0.00
2/24/1978, 9.91 ,0.00
2/25/1978, 9.91 ,0.00
2/26/1978, 9.91 ,0.00
2/27/1978, 9.91 ,0.00
2/28/1978, 9.91 ,0.00
3/1/1978, 9.91 ,0.00
3/2/1978, 9.91 ,0.00
3/3/1978, 9.91 ,0.00
3/4/1978, 9.91 ,0.00
3/5/1978, 9.91 ,0.00
3/6/1978, 9.91 ,0.00
3/7/1978, 9.91 ,0.00
3/8/1978, 9.91 ,0.00
3/9/1978, 9.91 ,0.00
3/10/1978, 9.91 ,0.00
3/11/1978, 9.91 ,0.00
3/12/1978, 9.91 ,0.00
3/13/1978, 9.91 ,0.00
3/14/1978, 9.91 ,0.00
3/15/1978, 9.91 ,0.00
3/16/1978, 9.91 ,0.00
3/17/1978, 9.91 ,0.00
3/18/1978, 9.91 ,0.00
3/19/1978, 9.91 ,0.00
3/20/1978, 9.91 ,0.00
3/21/1978, 9.91 ,0.00
3/22/1978, 9.91 ,0.00
3/23/1978, 9.91 ,0.00
3/24/1978, 9.91 ,0.00
3/25/1978, 9.91 ,0.00
3/26/1978, 9.91 ,0.00
3/27/1978, 9.91 ,0.00
3/28/1978, 9.91 ,0.00
3/29/1978, 9.91 ,0.00
3/30/1978, 9.91 ,0.00
3/31/1978, 9.91 ,0.00
4/1/1978, 9.91 ,0.00
4/2/1978, 9.91 ,0.00
4/3/1978, 9.91 ,0.00
4/4/1978, 9.91 ,0.00
4/5/1978, 9.91 ,0.00
4/6/1978, 9.91 ,0.00
4/7/1978, 9.91 ,0.00
4/8/1978, 9.91 ,0.00
4/9/1978, 9.91 ,0.00
4/10/1978, 9.91 ,0.00
4/11/1978, 9.91 ,0.00
4/12/1978, 9.91 ,0.00
4/13/1978, 9.91 ,0.00
4/14/1978, 9.91 ,0.00
4/15/1978, 9.91 ,0.00
4/16/1978, 9.91 ,0.00
4/17/1978, 9.91 ,0.00
4/18/1978, 9.91 ,0.00
4/19/1978, 9.91 ,0.00
4/20/1978, 9.91 ,0.00
4/21/1978, 9.91 ,0.00
4/22/1978, 9.91 ,0.00
4/23/1978, 9.91 ,0.00
4/24/1978, 9.91 ,0.00
4/25/1978, 9.91 ,0.00
4/26/1978, 9.91 ,0.00
4/27/1978, 9.91 ,0.00
4/28/1978, 9.91 ,0.00
4/29/1978, 9.91 ,0.00
4/30/1978, 9.91 ,0.00
5/1/1978, 9.91 ,0.00
5/2/1978, 9.91 ,0.00
5/3/1978, 9.91 ,0.00
5/4/1978, 9.91 ,0.00
5/5/1978, 9.91 ,0.00
5/6/1978, 9.91 ,0.00
5/7/1978, 9.91 ,0.00
5/8/1978, 9.91 ,0.00
5/9/1978, 9.91 ,0.00
5/10/1978, 9.91 ,0.00
5/11/1978, 9.91 ,0.00
5/12/1978, 9.91 ,0.00
5/13/1978, 9.91 ,0.00
5/14/1978, 9.91 ,0.00
5/15/1978, 9.91 ,0.00
5/16/1978, 9.91 ,0.00
5/17/1978, 9.91 ,0.00
5/18/1978, 9.91 ,0.00
5/19/1978, 9.91 ,0.00
5/20/1978, 9.91 ,0.00
5/21/1978, 9.91 ,0.00
5/22/1978, 9.91 ,0.00
5/23/1978, 9.91 ,0.00
5/24/1978, 9.91 ,0.00
5/25/1978, 9.91 ,0.00
5/26/1978, 9.91 ,0.00
5/27/1978, 9.91 ,0.00
5/28/1978, 9.91 ,0.00
5/29/1978, 9.91 ,0.00
5/30/1978, 9.91 ,0.00
5/31/1978, 9.91 ,0.00
6/1/1978, 9.91 ,0.00
6/2/1978, 9.91 ,0.00
6/3/1978, 9.91 ,0.00
6/4/1978, 9.91 ,0.00
6/5/1978, 9.91 ,0.00
6/6/1978, 9.91 ,0.00
6/7/1978, 9.91 ,0.00
6/8/1978, 9.91 ,0.00
6/9/1978, 9.91 ,0.00
6/10/1978, 9.91 ,0.00
6/11/1978, 9.91 ,0.00
6/12/1978, 9.91 ,0.00
6/13/1978, 9.91 ,0.00
6/14/1978, 9.91 ,0.00
6/15/1978, 9.91 ,0.00
6/16/1978, 9.91 ,0.00
6/17/1978, 9.91 ,0.00
6/18/1978, 9.91 ,0.00
6/19/1978, 9.91 ,0.00
6/20/1978, 9.91 ,0.00
6/21/1978, 9.91 ,0.00
6/22/1978, 9.91 ,0.00
6/23/1978, 9.91 ,0.00
6/24/1978, 9.91 ,0.00
6/25/1978, 9.91 ,0.00
6/26/1978, 9.91 ,0.00
6/27/1978, 9.91 ,0.00
6/28/1978, 9.91 ,0.00
6/29/1978, 9.91 ,0.00
6/30/1978, 9.91 ,0.00
7/1/1978, 9.91 ,0.00
7/2/1978, 9.91 ,0.00
7/3/1978, 9.91 ,0.00
7/4/1978, 9.91 ,0.00
7/5/1978, 9.91 ,0.00
7/6/1978, 9.91 ,0.00
7/7/1978, 9.91 ,0.00
7/8/1978, 9.91 ,0.00
7/9/1978, 9.91 ,0.00
7/10/1978, 9.91 ,0.00
7/11/1978, 9.91 ,0.00
7/12/1978, 9.91 ,0.00
7/13/1978, 9.91 ,0.00
7/14/1978, 9.91 ,0.00
7/15/1978, 9.91 ,0.00
7/16/1978, 9.91 ,0.00
7/17/1978, 9.91 ,0.00
7/18/1978, 9.91 ,0.00
7/19/1978, 9.91 ,0.00
7/20/1978, 9.91 ,0.00
7/21/1978, 9.91 ,0.00
7/22/1978, 9.91 ,0.00
7/23/1978, 9.91 ,0.00
7/24/1978, 9.91 ,0.00
7/25/1978, 9.91 ,0.00
7/26/1978, 9.91 ,0.00
7/27/1978, 9.91 ,0.00
7/28/1978, 9.91 ,0.00
7/29/1978, 9.91 ,0.00
7/30/1978, 9.91 ,0.00
7/31/1978, 9.91 ,0.00
8/1/1978, 9.91 ,0.00
8/2/1978, 9.91 ,0.00
8/3/1978, 9.91 ,0.00
8/4/1978, 9.91 ,0.00
8/5/1978, 9.91 ,0.00
8/6/1978, 9.91 ,0.00
8/7/1978, 9.91 ,0.00
8/8/1978, 9.91 ,0.00
8/9/1978, 9.91 ,0.00
8/10/1978, 9.91 ,0.00
8/11/1978, 9.91 ,0.00
8/12/1978, 9.91 ,0.00
8/13/1978, 9.91 ,0.00
8/14/1978, 9.91 ,0.00
8/15/1978, 9.91 ,0.00
8/16/1978, 9.91 ,0.00
8/17/1978, 9.91 ,0.00
8/18/1978, 9.91 ,0.00
8/19/1978, 9.91 ,0.00
8/20/1978, 9.91 ,0.00
8/21/1978, 9.91 ,0.00
8/22/1978, 9.91 ,0.00
8/23/1978, 9.91 ,0.00
8/24/1978, 9.91 ,0.00
8/25/1978, 9.91 ,0.00
8/26/1978, 9.91 ,0.00
8/27/1978, 9.91 ,0.00
8/28/1978, 9.91 ,0.00
8/29/1978, 9.91 ,0.00
8/30/1978, 9.91 ,0.00
8/31/1978, 9.91 ,0.00
9/1/1978, 9.91 ,0.00
9/2/1978, 9.91 ,0.00
9/3/1978, 9.91 ,0.00
9/4/1978, 9.91 ,0.00
9/5/1978, 9.91 ,0.00
9/6/1978, 9.91 ,0.00
9/7/1978, 9.91 ,0.00
9/8/1978, 9.91 ,0.00
9/9/1978, 9.91 ,0.00
9/10/1978, 9.91 ,0.00
9/11/1978, 9.91 ,0.00
9/12/1978, 9.91 ,0.00
9/13/1978, 9.91 ,0.00
9/14/1978, 9.91 ,0.00
9/15/1978, 9.91 ,0.00
9/16/1978, 9.91 ,0.00
9/17/1978, 9.91 ,0.00
9/18/1978, 9.91 ,0.00
9/19/1978, 9.91 ,0.00
9/20/1978, 9.91 ,0.00
9/21/1978, 9.91 ,0.00
9/22/1978, 9.91 ,0.00
9/23/1978, 9.91 ,0.00
9/24/1978, 9.91 ,0.00
9/25/1978, 9.91 ,0.00
9/26/1978, 9.91 ,0.00
9/27/1978, 9.91 ,0.00
9/28/1978, 9.91 ,0.00
9/29/1978, 9.91 ,0.00
9/30/1978, 9.91 ,0.00
10/1/1978, 9.91 ,0.00
10/2/1978, 9.91 ,0.00
10/3/1978, 9.91 ,0.00
10/4/1978, 9.91 ,0.00
10/5/1978, 9.91 ,0.00
10/6/1978, 9.91 ,0.00
10/7/1978, 9.91 ,0.00
10/8/1978, 9.91 ,0.00
10/9/1978, 9.91 ,0.00
10/10/1978, 9.91 ,0.00
10/11/1978, 9.91 ,0.00
10/12/1978, 9.91 ,0.00
10/13/1978, 9.91 ,0.00
10/14/1978, 9.91 ,0.00
10/15/1978, 9.91 ,0.00
10/16/1978, 9.91 ,0.00
10/17/1978, 9.91 ,0.00
10/18/1978, 9.91 ,0.00
10/19/1978, 9.91 ,0.00
10/20/1978, 9.91 ,0.00
10/21/1978, 9.91 ,0.00
10/22/1978, 9.91 ,0.00
10/23/1978, 9.91 ,0.00
10/24/1978, 9.91 ,0.00
10/25/1978, 9.91 ,0.00
10/26/1978, 9.91 ,0.00
10/27/1978, 9.91 ,0.00
10/28/1978, 9.91 ,0.00
10/29/1978, 9.91 ,0.00
10/30/1978, 9.91 ,0.00
10/31/1978, 9.91 ,0.00
11/1/1978, 9.91 ,0.00
11/2/1978, 9.91 ,0.00
11/3/1978, 9.91 ,0.00
11/4/1978, 9.91 ,0.00
11/5/1978, 9.91 ,0.00
11/6/1978, 9.91 ,0.00
11/7/1978, 9.91 ,0.00
11/8/1978, 9.91 ,0.00
11/9/1978, 9.91 ,0.00
11/10/1978, 9.91 ,0.00
11/11/1978, 9.91 ,0.00
11/12/1978, 9.91 ,0.00
11/13/1978, 9.91 ,0.00
11/14/1978, 9.91 ,0.00
11/15/1978, 9.91 ,0.00
11/16/1978, 9.91 ,0.00
11/17/1978, 9.91 ,0.00
11/18/1978, 9.91 ,0.00
11/19/1978, 9.91 ,0.00
11/20/1978, 9.91 ,0.00
11/21/1978, 9.91 ,0.00
11/22/1978, 9.91 ,0.00
11/23/1978, 9.91 ,0.00
11/24/1978, 9.91 ,0.00
11/25/1978, 9.91 ,0.00
11/26/1978, 9.91 ,0.00
11/27/1978, 9.91 ,0.00
11/28/1978, 9.91 ,0.00
11/29/1978, 9.91 ,0.00
11/30/1978, 9.91 ,0.00
12/1/1978, 9.91 ,0.00
12/2/1978, 9.91 ,0.00
12/3/1978, 9.91 ,0.00
12/4/1978, 9.91 ,0.00
12/5/1978, 9.91 ,0.00
12/6/1978, 9.91 ,0.00
12/7/1978, 9.91 ,0.00
12/8/1978, 9.91 ,0.00
12/9/1978, 9.91 ,0.00
12/10/1978, 9.91 ,0.00
12/11/1978, 9.91 ,0.00
12/12/1978, 9.91 ,0.00
12/13/1978, 9.91 ,0.00
12/14/1978, 9.91 ,0.00
12/15/1978, 9.91 ,0.00
12/16/1978, 9.91 ,0.00
12/17/1978, 9.91 ,0.00
12/18/1978, 9.91 ,0.00
12/19/1978, 9.91 ,0.00
12/20/1978, 9.91 ,0.00
12/21/1978, 9.91 ,0.00
12/22/1978, 9.91 ,0.00
12/23/1978, 9.91 ,0.00
12/24/1978, 9.91 ,0.00
12/25/1978, 9.91 ,0.00
12/26/1978, 9.91 ,0.00
12/27/1978, 9.91 ,0.00
12/28/1978, 9.91 ,0.00
12/29/1978, 9.91 ,0.00
12/30/1978, 9.91 ,0.00
12/31/1978, 9.91 ,0.00
1/1/1979, 9.91 ,0.00
1/2/1979, 9.91 ,0.00
1/3/1979, 9.91 ,0.00
1/4/1979, 9.91 ,0.00
1/5/1979, 9.91 ,0.00
1/6/1979, 9.91 ,0.00
1/7/1979, 9.91 ,0.00
1/8/1979, 9.91 ,0.00
1/9/1979, 9.91 ,0.00
1/10/1979, 9.91 ,0.00
1/11/1979, 9.91 ,0.00
1/12/1979, 9.91 ,0.00
1/13/1979, 9.91 ,0.00
1/14/1979, 9.91 ,0.00
1/15/1979, 9.91 ,0.00
1/16/1979, 9.91 ,0.00
1/17/1979, 9.91 ,0.00
1/18/1979, 9.91 ,0.00
1/19/1979, 9.91 ,0.00
1/20/1979, 9.91 ,0.00
1/21/1979, 9.91 ,0.00
1/22/1979, 9.91 ,0.00
1/23/1979, 9.91 ,0.00
1/24/1979, 9.91 ,0.00
1/25/1979, 9.91 ,0.00
1/26/1979, 9.91 ,0.00
1/27/1979, 9.91 ,0.00
1/28/1979, 9.91 ,0.00
1/29/1979, 9.91 ,0.00
1/30/1979, 9.91 ,0.00
1/31/1979, 9.91 ,0.00
2/1/1979, 9.91 ,0.00
2/2/1979, 9.91 ,0.00
2/3/1979, 9.91 ,0.00
2/4/1979, 9.91 ,0.00
2/5/1979, 9.91 ,0.00
2/6/1979, 9.91 ,0.00
2/7/1979, 9.91 ,0.00
2/8/1979, 9.91 ,0.00
2/9/1979, 9.91 ,0.00
2/10/1979, 9.91 ,0.00
2/11/1979, 9.91 ,0.00
2/12/1979, 9.91 ,0.00
2/13/1979, 9.91 ,0.00
2/14/1979, 9.91 ,0.00
2/15/1979, 9.91 ,0.00
2/16/1979, 9.91 ,0.00
2/17/1979, 9.91 ,0.00
2/18/1979, 9.91 ,0.00
2/19/1979, 9.91 ,0.00
2/20/1979, 9.91 ,0.00
2/21/1979, 9.91 ,0.00
2/22/1979, 9.91 ,0.00
2/23/1979, 9.91 ,0.00
2/24/1979, 9.91 ,0.00
2/25/1979, 9.91 ,0.00
2/26/1979, 9.91 ,0.00
2/27/1979, 9.91 ,0.00
2/28/1979, 9.91 ,0.00
3/1/1979, 9.91 ,0.00
3/2/1979, 9.91 ,0.00
3/3/1979, 9.91 ,0.00
3/4/1979, 9.91 ,0.00
3/5/1979, 9.91 ,0.00
3/6/1979, 9.91 ,0.00
3/7/1979, 9.91 ,0.00
3/8/1979, 9.91 ,0.00
3/9/1979, 9.91 ,0.00
3/10/1979, 9.91 ,0.00
3/11/1979, 9.91 ,0.00
3/12/1979, 9.91 ,0.00
3/13/1979, 9.91 ,0.00
3/14/1979, 9.91 ,0.00
3/15/1979, 9.91 ,0.00
3/16/1979, 9.91 ,0.00
3/17/1979, 9.91 ,0.00
3/18/1979, 9.91 ,0.00
3/19/1979, 9.91 ,0.00
3/20/1979, 9.91 ,0.00
3/21/1979, 9.91 ,0.00
3/22/1979, 9.91 ,0.00
3/23/1979, 9.91 ,0.00
3/24/1979, 9.91 ,0.00
3/25/1979, 9.91 ,0.00
3/26/1979, 9.91 ,0.00
3/27/1979, 9.91 ,0.00
3/28/1979, 9.91 ,0.00
3/29/1979, 9.91 ,0.00
3/30/1979, 9.91 ,0.00
3/31/1979, 9.91 ,0.00
4/1/1979, 9.91 ,0.00
4/2/1979, 9.91 ,0.00
4/3/1979, 9.91 ,0.00
4/4/1979, 9.91 ,0.00
4/5/1979, 9.91 ,0.00
4/6/1979, 9.91 ,0.00
4/7/1979, 9.91 ,0.00
4/8/1979, 9.91 ,0.00
4/9/1979, 9.91 ,0.00
4/10/1979, 9.91 ,0.00
4/11/1979, 9.91 ,0.00
4/12/1979, 9.91 ,0.00
4/13/1979, 9.91 ,0.00
4/14/1979, 9.91 ,0.00
4/15/1979, 9.91 ,0.00
4/16/1979, 9.91 ,0.00
4/17/1979, 9.91 ,0.00
4/18/1979, 9.91 ,0.00
4/19/1979, 9.91 ,0.00
4/20/1979, 9.91 ,0.00
4/21/1979, 9.91 ,0.00
4/22/1979, 9.91 ,0.00
4/23/1979, 9.91 ,0.00
4/24/1979, 9.91 ,0.00
4/25/1979, 9.91 ,0.00
4/26/1979, 9.91 ,0.00
4/27/1979, 9.91 ,0.00
4/28/1979, 9.91 ,0.00
4/29/1979, 9.91 ,0.00
4/30/1979, 9.91 ,0.00
5/1/1979, 9.91 ,0.00
5/2/1979, 9.91 ,0.00
5/3/1979, 9.91 ,0.00
5/4/1979, 9.91 ,0.00
5/5/1979, 9.91 ,0.00
5/6/1979, 9.91 ,0.00
5/7/1979, 9.91 ,0.00
5/8/1979, 9.91 ,0.00
5/9/1979, 9.91 ,0.00
5/10/1979, 9.91 ,0.00
5/11/1979, 9.91 ,0.00
5/12/1979, 9.91 ,0.00
5/13/1979, 9.91 ,0.00
5/14/1979, 9.91 ,0.00
5/15/1979, 9.91 ,0.00
5/16/1979, 9.91 ,0.00
5/17/1979, 9.91 ,0.00
5/18/1979, 9.91 ,0.00
5/19/1979, 9.91 ,0.00
5/20/1979, 9.91 ,0.00
5/21/1979, 9.91 ,0.00
5/22/1979, 9.91 ,0.00
5/23/1979, 9.91 ,0.00
5/24/1979, 9.91 ,0.00
5/25/1979, 9.91 ,0.00
5/26/1979, 9.91 ,0.00
5/27/1979, 9.91 ,0.00
5/28/1979, 9.91 ,0.00
5/29/1979, 9.91 ,0.00
5/30/1979, 9.91 ,0.00
5/31/1979, 9.91 ,0.00
6/1/1979, 9.91 ,0.00
6/2/1979, 9.91 ,0.00
6/3/1979, 9.91 ,0.00
6/4/1979, 9.91 ,0.00
6/5/1979, 9.91 ,0.00
6/6/1979, 9.91 ,0.00
6/7/1979, 9.91 ,0.00
6/8/1979, 9.91 ,0.00
6/9/1979, 9.91 ,0.00
6/10/1979, 9.91 ,0.00
6/11/1979, 9.91 ,0.00
6/12/1979, 9.91 ,0.00
6/13/1979, 9.91 ,0.00
6/14/1979, 9.91 ,0.00
6/15/1979, 9.91 ,0.00
6/16/1979, 9.91 ,0.00
6/17/1979, 9.91 ,0.00
6/18/1979, 9.91 ,0.00
6/19/1979, 9.91 ,0.00
6/20/1979, 9.91 ,0.00
6/21/1979, 9.91 ,0.00
6/22/1979, 9.91 ,0.00
6/23/1979, 9.91 ,0.00
6/24/1979, 9.91 ,0.00
6/25/1979, 9.91 ,0.00
6/26/1979, 9.91 ,0.00
6/27/1979, 9.91 ,0.00
6/28/1979, 9.91 ,0.00
6/29/1979, 9.91 ,0.00
6/30/1979, 9.91 ,0.00
7/1/1979, 9.91 ,0.00
7/2/1979, 9.91 ,0.00
7/3/1979, 9.91 ,0.00
7/4/1979, 9.91 ,0.00
7/5/1979, 9.91 ,0.00
7/6/1979, 9.91 ,0.00
7/7/1979, 9.91 ,0.00
7/8/1979, 9.91 ,0.00
7/9/1979, 9.91 ,0.00
7/10/1979, 9.91 ,0.00
7/11/1979, 9.91 ,0.00
7/12/1979, 9.91 ,0.00
7/13/1979, 9.91 ,0.00
7/14/1979, 9.91 ,0.00
7/15/1979, 9.91 ,0.00
7/16/1979, 9.91 ,0.00
7/17/1979, 9.91 ,0.00
7/18/1979, 9.91 ,0.00
7/19/1979, 9.91 ,0.00
7/20/1979, 9.91 ,0.00
7/21/1979, 9.91 ,0.00
7/22/1979, 9.91 ,0.00
7/23/1979, 9.91 ,0.00
7/24/1979, 9.91 ,0.00
7/25/1979, 9.91 ,0.00
7/26/1979, 9.91 ,0.00
7/27/1979, 9.91 ,0.00
7/28/1979, 9.91 ,0.00
7/29/1979, 9.91 ,0.00
7/30/1979, 9.91 ,0.00
7/31/1979, 9.91 ,0.00
8/1/1979, 9.91 ,0.00
8/2/1979, 9.91 ,0.00
8/3/1979, 9.91 ,0.00
8/4/1979, 9.91 ,0.00
8/5/1979, 9.91 ,0.00
8/6/1979, 9.91 ,0.00
8/7/1979, 9.91 ,0.00
8/8/1979, 9.91 ,0.00
8/9/1979, 9.91 ,0.00
8/10/1979, 9.91 ,0.00
8/11/1979, 9.91 ,0.00
8/12/1979, 9.91 ,0.00
8/13/1979, 9.91 ,0.00
8/14/1979, 9.91 ,0.00
8/15/1979, 9.91 ,0.00
8/16/1979, 9.91 ,0.00
8/17/1979, 9.91 ,0.00
8/18/1979, 9.91 ,0.00
8/19/1979, 9.91 ,0.00
8/20/1979, 9.91 ,0.00
8/21/1979, 9.91 ,0.00
8/22/1979, 9.91 ,0.00
8/23/1979, 9.91 ,0.00
8/24/1979, 9.91 ,0.00
8/25/1979, 9.91 ,0.00
8/26/1979, 9.91 ,0.00
8/27/1979, 9.91 ,0.00
8/28/1979, 9.91 ,0.00
8/29/1979, 9.91 ,0.00
8/30/1979, 9.91 ,0.00
8/31/1979, 9.91 ,0.00
9/1/1979, 9.91 ,0.00
9/2/1979, 9.91 ,0.00
9/3/1979, 9.91 ,0.00
9/4/1979, 9.91 ,0.00
9/5/1979, 9.91 ,0.00
9/6/1979, 9.91 ,0.00
9/7/1979, 9.91 ,0.00
9/8/1979, 9.91 ,0.00
9/9/1979, 9.91 ,0.00
9/10/1979, 9.91 ,0.00
9/11/1979, 9.91 ,0.00
9/12/1979, 9.91 ,0.00
9/13/1979, 9.91 ,0.00
9/14/1979, 9.91 ,0.00
9/15/1979, 9.91 ,0.00
9/16/1979, 9.91 ,0.00
9/17/1979, 9.91 ,0.00
9/18/1979, 9.91 ,0.00
9/19/1979, 9.91 ,0.00
9/20/1979, 9.91 ,0.00
9/21/1979, 9.91 ,0.00
9/22/1979, 9.91 ,0.00
9/23/1979, 9.91 ,0.00
9/24/1979, 9.91 ,0.00
9/25/1979, 9.91 ,0.00
9/26/1979, 9.91 ,0.00
9/27/1979, 9.91 ,0.00
9/28/1979, 9.91 ,0.00
9/29/1979, 9.91 ,0.00
9/30/1979, 9.91 ,0.00
10/1/1979, 9.91 ,0.00
10/2/1979, 9.91 ,0.00
10/3/1979, 9.91 ,0.00
10/4/1979, 9.91 ,0.00
10/5/1979, 9.91 ,0.00
10/6/1979, 9.91 ,0.00
10/7/1979, 9.91 ,0.00
10/8/1979, 9.91 ,0.00
10/9/1979, 9.91 ,0.00
10/10/1979, 9.91 ,0.00
10/11/1979, 9.91 ,0.00
10/12/1979, 9.91 ,0.00
10/13/1979, 9.91 ,0.00
10/14/1979, 9.91 ,0.00
10/15/1979, 9.91 ,0.00
10/16/1979, 9.91 ,0.00
10/17/1979, 9.91 ,0.00
10/18/1979, 9.91 ,0.00
10/19/1979, 9.91 ,0.00
10/20/1979, 9.91 ,0.00
10/21/1979, 9.91 ,0.00
10/22/1979, 9.91 ,0.00
10/23/1979, 9.91 ,0.00
10/24/1979, 9.91 ,0.00
10/25/1979, 9.91 ,0.00
10/26/1979, 9.91 ,0.00
10/27/1979, 9.91 ,0.00
10/28/1979, 9.91 ,0.00
10/29/1979, 9.91 ,0.00
10/30/1979, 9.91 ,0.00
10/31/1979, 9.91 ,0.00
11/1/1979, 9.91 ,0.00
11/2/1979, 9.91 ,0.00
11/3/1979, 9.91 ,0.00
11/4/1979, 9.91 ,0.00
11/5/1979, 9.91 ,0.00
11/6/1979, 9.91 ,0.00
11/7/1979, 9.91 ,0.00
11/8/1979, 9.91 ,0.00
11/9/1979, 9.91 ,0.00
11/10/1979, 9.91 ,0.00
11/11/1979, 9.91 ,0.00
11/12/1979, 9.91 ,0.00
11/13/1979, 9.91 ,0.00
11/14/1979, 9.91 ,0.00
11/15/1979, 9.91 ,0.00
11/16/1979, 9.91 ,0.00
11/17/1979, 9.91 ,0.00
11/18/1979, 9.91 ,0.00
11/19/1979, 9.91 ,0.00
11/20/1979, 9.91 ,0.00
11/21/1979, 9.91 ,0.00
11/22/1979, 9.91 ,0.00
11/23/1979, 9.91 ,0.00
11/24/1979, 9.91 ,0.00
11/25/1979, 9.91 ,0.00
11/26/1979, 9.91 ,0.00
11/27/1979, 9.91 ,0.00
11/28/1979, 9.91 ,0.00
11/29/1979, 9.91 ,0.00
11/30/1979, 9.91 ,0.00
12/1/1979, 9.91 ,0.00
12/2/1979, 9.91 ,0.00
12/3/1979, 9.91 ,0.00
12/4/1979, 9.91 ,0.00
12/5/1979, 9.91 ,0.00
12/6/1979, 9.91 ,0.00
12/7/1979, 9.91 ,0.00
12/8/1979, 9.91 ,0.00
12/9/1979, 9.91 ,0.00
12/10/1979, 9.91 ,0.00
12/11/1979, 9.91 ,0.00
12/12/1979, 9.91 ,0.00
12/13/1979, 9.91 ,0.00
12/14/1979, 9.91 ,0.00
12/15/1979, 9.91 ,0.00
12/16/1979, 9.91 ,0.00
12/17/1979, 9.91 ,0.00
12/18/1979, 9.91 ,0.00
12/19/1979, 9.91 ,0.00
12/20/1979, 9.91 ,0.00
12/21/1979, 9.91 ,0.00
12/22/1979, 9.91 ,0.00
12/23/1979, 9.91 ,0.00
12/24/1979, 9.91 ,0.00
12/25/1979, 9.91 ,0.00
12/26/1979, 9.91 ,0.00
12/27/1979, 9.91 ,0.00
12/28/1979, 9.91 ,0.00
12/29/1979, 9.91 ,0.00
12/30/1979, 9.91 ,0.00
12/31/1979, 9.91 ,0.00
1/1/1980, 9.91 ,0.00
1/2/1980, 9.91 ,0.00
1/3/1980, 9.91 ,0.00
1/4/1980, 9.91 ,0.00
1/5/1980, 9.91 ,0.00
1/6/1980, 9.91 ,0.00
1/7/1980, 9.91 ,0.00
1/8/1980, 9.91 ,0.00
1/9/1980, 9.91 ,0.00
1/10/1980, 9.91 ,0.00
1/11/1980, 9.91 ,0.00
1/12/1980, 9.91 ,0.00
1/13/1980, 9.91 ,0.00
1/14/1980, 9.91 ,0.00
1/15/1980, 9.91 ,0.00
1/16/1980, 9.91 ,0.00
1/17/1980, 9.91 ,0.00
1/18/1980, 9.91 ,0.00
1/19/1980, 9.91 ,0.00
1/20/1980, 9.91 ,0.00
1/21/1980, 9.91 ,0.00
1/22/1980, 9.91 ,0.00
1/23/1980, 9.91 ,0.00
1/24/1980, 9.91 ,0.00
1/25/1980, 9.91 ,0.00
1/26/1980, 9.91 ,0.00
1/27/1980, 9.91 ,0.00
1/28/1980, 9.91 ,0.00
1/29/1980, 9.91 ,0.00
1/30/1980, 9.91 ,0.00
1/31/1980, 9.91 ,0.00
2/1/1980, 9.91 ,0.00
2/2/1980, 9.91 ,0.00
2/3/1980, 9.91 ,0.00
2/4/1980, 9.91 ,0.00
2/5/1980, 9.91 ,0.00
2/6/1980, 9.91 ,0.00
2/7/1980, 9.91 ,0.00
2/8/1980, 9.91 ,0.00
2/9/1980, 9.91 ,0.00
2/10/1980, 9.91 ,0.00
2/11/1980, 9.91 ,0.00
2/12/1980, 9.91 ,0.00
2/13/1980, 9.91 ,0.00
2/14/1980, 9.91 ,0.00
2/15/1980, 9.91 ,0.00
2/16/1980, 9.91 ,0.00
2/17/1980, 9.91 ,0.00
2/18/1980, 9.91 ,0.00
2/19/1980, 9.91 ,0.00
2/20/1980, 9.91 ,0.00
2/21/1980, 9.91 ,0.00
2/22/1980, 9.91 ,0.00
2/23/1980, 9.91 ,0.00
2/24/1980, 9.91 ,0.00
2/25/1980, 9.91 ,0.00
2/26/1980, 9.91 ,0.00
2/27/1980, 9.91 ,0.00
2/28/1980, 9.91 ,0.00
2/29/1980, 9.91 ,0.00
3/1/1980, 9.91 ,0.00
3/2/1980, 9.91 ,0.00
3/3/1980, 9.91 ,0.00
3/4/1980, 9.91 ,0.00
3/5/1980, 9.91 ,0.00
3/6/1980, 9.91 ,0.00
3/7/1980, 9.91 ,0.00
3/8/1980, 9.91 ,0.00
3/9/1980, 9.91 ,0.00
3/10/1980, 9.91 ,0.00
3/11/1980, 9.91 ,0.00
3/12/1980, 9.91 ,0.00
3/13/1980, 9.91 ,0.00
3/14/1980, 9.91 ,0.00
3/15/1980, 9.91 ,0.00
3/16/1980, 9.91 ,0.00
3/17/1980, 9.91 ,0.00
3/18/1980, 9.91 ,0.00
3/19/1980, 9.91 ,0.00
3/20/1980, 9.91 ,0.00
3/21/1980, 9.91 ,0.00
3/22/1980, 9.91 ,0.00
3/23/1980, 9.91 ,0.00
3/24/1980, 9.91 ,0.00
3/25/1980, 9.91 ,0.00
3/26/1980, 9.91 ,0.00
3/27/1980, 9.91 ,0.00
3/28/1980, 9.91 ,0.00
3/29/1980, 9.91 ,0.00
3/30/1980, 9.91 ,0.00
3/31/1980, 9.91 ,0.00
4/1/1980, 9.91 ,0.00
4/2/1980, 9.91 ,0.00
4/3/1980, 9.91 ,0.00
4/4/1980, 9.91 ,0.00
4/5/1980, 9.91 ,0.00
4/6/1980, 9.91 ,0.00
4/7/1980, 9.91 ,0.00
4/8/1980, 9.91 ,0.00
4/9/1980, 9.91 ,0.00
4/10/1980, 9.91 ,0.00
4/11/1980, 9.91 ,0.00
4/12/1980, 9.91 ,0.00
4/13/1980, 9.91 ,0.00
4/14/1980, 9.91 ,0.00
4/15/1980, 9.91 ,0.00
4/16/1980, 9.91 ,0.00
4/17/1980, 9.91 ,0.00
4/18/1980, 9.91 ,0.00
4/19/1980, 9.91 ,0.00
4/20/1980, 9.91 ,0.00
4/21/1980, 9.91 ,0.00
4/22/1980, 9.91 ,0.00
4/23/1980, 9.91 ,0.00
4/24/1980, 9.91 ,0.00
4/25/1980, 9.91 ,0.00
4/26/1980, 9.91 ,0.00
4/27/1980, 9.91 ,0.00
4/28/1980, 9.91 ,0.00
4/29/1980, 9.91 ,0.00
4/30/1980, 9.91 ,0.00
5/1/1980, 9.91 ,0.00
5/2/1980, 9.91 ,0.00
5/3/1980, 9.91 ,0.00
5/4/1980, 9.91 ,0.00
5/5/1980, 9.91 ,0.00
5/6/1980, 9.91 ,0.00
5/7/1980, 9.91 ,0.00
5/8/1980, 9.91 ,0.00
5/9/1980, 9.91 ,0.00
5/10/1980, 9.91 ,0.00
5/11/1980, 9.91 ,0.00
5/12/1980, 9.91 ,0.00
5/13/1980, 9.91 ,0.00
5/14/1980, 9.91 ,0.00
5/15/1980, 9.91 ,0.00
5/16/1980, 9.91 ,0.00
5/17/1980, 9.91 ,0.00
5/18/1980, 9.91 ,0.00
5/19/1980, 9.91 ,0.00
5/20/1980, 9.91 ,0.00
5/21/1980, 9.91 ,0.00
5/22/1980, 9.91 ,0.00
5/23/1980, 9.91 ,0.00
5/24/1980, 9.91 ,0.00
5/25/1980, 9.91 ,0.00
5/26/1980, 9.91 ,0.00
5/27/1980, 9.91 ,0.00
5/28/1980, 9.91 ,0.00
5/29/1980, 9.91 ,0.00
5/30/1980, 9.91 ,0.00
5/31/1980, 9.91 ,0.00
6/1/1980, 9.91 ,0.00
6/2/1980, 9.91 ,0.00
6/3/1980, 9.91 ,0.00
6/4/1980, 9.91 ,0.00
6/5/1980, 9.91 ,0.00
6/6/1980, 9.91 ,0.00
6/7/1980, 9.91 ,0.00
6/8/1980, 9.91 ,0.00
6/9/1980, 9.91 ,0.00
6/10/1980, 9.91 ,0.00
6/11/1980, 9.91 ,0.00
6/12/1980, 9.91 ,0.00
6/13/1980, 9.91 ,0.00
6/14/1980, 9.91 ,0.00
6/15/1980, 9.91 ,0.00
6/16/1980, 9.91 ,0.00
6/17/1980, 9.91 ,0.00
6/18/1980, 9.91 ,0.00
6/19/1980, 9.91 ,0.00
6/20/1980, 9.91 ,0.00
6/21/1980, 9.91 ,0.00
6/22/1980, 9.91 ,0.00
6/23/1980, 9.91 ,0.00
6/24/1980, 9.91 ,0.00
6/25/1980, 9.91 ,0.00
6/26/1980, 9.91 ,0.00
6/27/1980, 9.91 ,0.00
6/28/1980, 9.91 ,0.00
6/29/1980, 9.91 ,0.00
6/30/1980, 9.91 ,0.00
7/1/1980, 9.91 ,0.00
7/2/1980, 9.91 ,0.00
7/3/1980, 9.91 ,0.00
7/4/1980, 9.91 ,0.00
7/5/1980, 9.91 ,0.00
7/6/1980, 9.91 ,0.00
7/7/1980, 9.91 ,0.00
7/8/1980, 9.91 ,0.00
7/9/1980, 9.91 ,0.00
7/10/1980, 9.91 ,0.00
7/11/1980, 9.91 ,0.00
7/12/1980, 9.91 ,0.00
7/13/1980, 9.91 ,0.00
7/14/1980, 9.91 ,0.00
7/15/1980, 9.91 ,0.00
7/16/1980, 9.91 ,0.00
7/17/1980, 9.91 ,0.00
7/18/1980, 9.91 ,0.00
7/19/1980, 9.91 ,0.00
7/20/1980, 9.91 ,0.00
7/21/1980, 9.91 ,0.00
7/22/1980, 9.91 ,0.00
7/23/1980, 9.91 ,0.00
7/24/1980, 9.91 ,0.00
7/25/1980, 9.91 ,0.00
7/26/1980, 9.91 ,0.00
7/27/1980, 9.91 ,0.00
7/28/1980, 9.91 ,0.00
7/29/1980, 9.91 ,0.00
7/30/1980, 9.91 ,0.00
7/31/1980, 9.91 ,0.00
8/1/1980, 9.91 ,0.00
8/2/1980, 9.91 ,0.00
8/3/1980, 9.91 ,0.00
8/4/1980, 9.91 ,0.00
8/5/1980, 9.91 ,0.00
8/6/1980, 9.91 ,0.00
8/7/1980, 9.91 ,0.00
8/8/1980, 9.91 ,0.00
8/9/1980, 9.91 ,0.00
8/10/1980, 9.91 ,0.00
8/11/1980, 9.91 ,0.00
8/12/1980, 9.91 ,0.00
8/13/1980, 9.91 ,0.00
8/14/1980, 9.91 ,0.00
8/15/1980, 9.91 ,0.00
8/16/1980, 9.91 ,0.00
8/17/1980, 9.91 ,0.00
8/18/1980, 9.91 ,0.00
8/19/1980, 9.91 ,0.00
8/20/1980, 9.91 ,0.00
8/21/1980, 9.91 ,0.00
8/22/1980, 9.91 ,0.00
8/23/1980, 9.91 ,0.00
8/24/1980, 9.91 ,0.00
8/25/1980, 9.91 ,0.00
8/26/1980, 9.91 ,0.00
8/27/1980, 9.91 ,0.00
8/28/1980, 9.91 ,0.00
8/29/1980, 9.91 ,0.00
8/30/1980, 9.91 ,0.00
8/31/1980, 9.91 ,0.00
9/1/1980, 9.91 ,0.00
9/2/1980, 9.91 ,0.00
9/3/1980, 9.91 ,0.00
9/4/1980, 9.91 ,0.00
9/5/1980, 9.91 ,0.00
9/6/1980, 9.91 ,0.00
9/7/1980, 9.91 ,0.00
9/8/1980, 9.91 ,0.00
9/9/1980, 9.91 ,0.00
9/10/1980, 9.91 ,0.00
9/11/1980, 9.91 ,0.00
9/12/1980, 9.91 ,0.00
9/13/1980, 9.91 ,0.00
9/14/1980, 9.91 ,0.00
9/15/1980, 9.91 ,0.00
9/16/1980, 9.91 ,0.00
9/17/1980, 9.91 ,0.00
9/18/1980, 9.91 ,0.00
9/19/1980, 9.91 ,0.00
9/20/1980, 9.91 ,0.00
9/21/1980, 9.91 ,0.00
9/22/1980, 9.91 ,0.00
9/23/1980, 9.91 ,0.00
9/24/1980, 9.91 ,0.00
9/25/1980, 9.91 ,0.00
9/26/1980, 9.91 ,0.00
9/27/1980, 9.91 ,0.00
9/28/1980, 9.91 ,0.00
9/29/1980, 9.91 ,0.00
9/30/1980, 9.91 ,0.00
10/1/1980, 9.91 ,0.00
10/2/1980, 9.91 ,0.00
10/3/1980, 9.91 ,0.00
10/4/1980, 9.91 ,0.00
10/5/1980, 9.91 ,0.00
10/6/1980, 9.91 ,0.00
10/7/1980, 9.91 ,0.00
10/8/1980, 9.91 ,0.00
10/9/1980, 9.91 ,0.00
10/10/1980, 9.91 ,0.00
10/11/1980, 9.91 ,0.00
10/12/1980, 9.91 ,0.00
10/13/1980, 9.91 ,0.00
10/14/1980, 9.91 ,0.00
10/15/1980, 9.91 ,0.00
10/16/1980, 9.91 ,0.00
10/17/1980, 9.91 ,0.00
10/18/1980, 9.91 ,0.00
10/19/1980, 9.91 ,0.00
10/20/1980, 9.91 ,0.00
10/21/1980, 9.91 ,0.00
10/22/1980, 9.91 ,0.00
10/23/1980, 9.91 ,0.00
10/24/1980, 9.91 ,0.00
10/25/1980, 9.91 ,0.00
10/26/1980, 9.91 ,0.00
10/27/1980, 9.91 ,0.00
10/28/1980, 9.91 ,0.00
10/29/1980, 9.91 ,0.00
10/30/1980, 9.91 ,0.00
10/31/1980, 9.91 ,0.00
11/1/1980, 9.91 ,0.00
11/2/1980, 9.91 ,0.00
11/3/1980, 9.91 ,0.00
11/4/1980, 9.91 ,0.00
11/5/1980, 9.91 ,0.00
11/6/1980, 9.91 ,0.00
11/7/1980, 9.91 ,0.00
11/8/1980, 9.91 ,0.00
11/9/1980, 9.91 ,0.00
11/10/1980, 9.91 ,0.00
11/11/1980, 9.91 ,0.00
11/12/1980, 9.91 ,0.00
11/13/1980, 9.91 ,0.00
11/14/1980, 9.91 ,0.00
11/15/1980, 9.91 ,0.00
11/16/1980, 9.91 ,0.00
11/17/1980, 9.91 ,0.00
11/18/1980, 9.91 ,0.00
11/19/1980, 9.91 ,0.00
11/20/1980, 9.91 ,0.00
11/21/1980, 9.91 ,0.00
11/22/1980, 9.91 ,0.00
11/23/1980, 9.91 ,0.00
11/24/1980, 9.91 ,0.00
11/25/1980, 9.91 ,0.00
11/26/1980, 9.91 ,0.00
11/27/1980, 9.91 ,0.00
11/28/1980, 9.91 ,0.00
11/29/1980, 9.91 ,0.00
11/30/1980, 9.91 ,0.00
12/1/1980, 9.91 ,0.00
12/2/1980, 9.91 ,0.00
12/3/1980, 9.91 ,0.00
12/4/1980, 9.91 ,0.00
12/5/1980, 9.91 ,0.00
12/6/1980, 9.91 ,0.00
12/7/1980, 9.91 ,0.00
12/8/1980, 9.91 ,0.00
12/9/1980, 9.91 ,0.00
12/10/1980, 9.91 ,0.00
12/11/1980, 9.91 ,0.00
12/12/1980, 9.91 ,0.00
12/13/1980, 9.91 ,0.00
12/14/1980, 9.91 ,0.00
12/15/1980, 9.91 ,0.00
12/16/1980, 9.91 ,0.00
12/17/1980, 9.91 ,0.00
12/18/1980, 9.91 ,0.00
12/19/1980, 9.91 ,0.00
12/20/1980, 9.91 ,0.00
12/21/1980, 9.91 ,0.00
12/22/1980, 9.91 ,0.00
12/23/1980, 9.91 ,0.00
12/24/1980, 9.91 ,0.00
12/25/1980, 9.91 ,0.00
12/26/1980, 9.91 ,0.00
12/27/1980, 9.91 ,0.00
12/28/1980, 9.91 ,0.00
12/29/1980, 9.91 ,0.00
12/30/1980, 9.91 ,0.00
12/31/1980, 9.91 ,0.00
1/1/1981, 9.91 ,0.00
1/2/1981, 9.91 ,0.00
1/3/1981, 9.91 ,0.00
1/4/1981, 9.91 ,0.00
1/5/1981, 9.91 ,0.00
1/6/1981, 9.91 ,0.00
1/7/1981, 9.91 ,0.00
1/8/1981, 9.91 ,0.00
1/9/1981, 9.91 ,0.00
1/10/1981, 9.91 ,0.00
1/11/1981, 9.91 ,0.00
1/12/1981, 9.91 ,0.00
1/13/1981, 9.91 ,0.00
1/14/1981, 9.91 ,0.00
1/15/1981, 9.91 ,0.00
1/16/1981, 9.91 ,0.00
1/17/1981, 9.91 ,0.00
1/18/1981, 9.91 ,0.00
1/19/1981, 9.91 ,0.00
1/20/1981, 9.91 ,0.00
1/21/1981, 9.91 ,0.00
1/22/1981, 9.91 ,0.00
1/23/1981, 9.91 ,0.00
1/24/1981, 9.91 ,0.00
1/25/1981, 9.91 ,0.00
1/26/1981, 9.91 ,0.00
1/27/1981, 9.91 ,0.00
1/28/1981, 9.91 ,0.00
1/29/1981, 9.91 ,0.00
1/30/1981, 9.91 ,0.00
1/31/1981, 9.91 ,0.00
2/1/1981, 9.91 ,0.00
2/2/1981, 9.91 ,0.00
2/3/1981, 9.91 ,0.00
2/4/1981, 9.91 ,0.00
2/5/1981, 9.91 ,0.00
2/6/1981, 9.91 ,0.00
2/7/1981, 9.91 ,0.00
2/8/1981, 9.91 ,0.00
2/9/1981, 9.91 ,0.00
2/10/1981, 9.91 ,0.00
2/11/1981, 9.91 ,0.00
2/12/1981, 9.91 ,0.00
2/13/1981, 9.91 ,0.00
2/14/1981, 9.91 ,0.00
2/15/1981, 9.91 ,0.00
2/16/1981, 9.91 ,0.00
2/17/1981, 9.91 ,0.00
2/18/1981, 9.91 ,0.00
2/19/1981, 9.91 ,0.00
2/20/1981, 9.91 ,0.00
2/21/1981, 9.91 ,0.00
2/22/1981, 9.91 ,0.00
2/23/1981, 9.91 ,0.00
2/24/1981, 9.91 ,0.00
2/25/1981, 9.91 ,0.00
2/26/1981, 9.91 ,0.00
2/27/1981, 9.91 ,0.00
2/28/1981, 9.91 ,0.00
3/1/1981, 9.91 ,0.00
3/2/1981, 9.91 ,0.00
3/3/1981, 9.91 ,0.00
3/4/1981, 9.91 ,0.00
3/5/1981, 9.91 ,0.00
3/6/1981, 9.91 ,0.00
3/7/1981, 9.91 ,0.00
3/8/1981, 9.91 ,0.00
3/9/1981, 9.91 ,0.00
3/10/1981, 9.91 ,0.00
3/11/1981, 9.91 ,0.00
3/12/1981, 9.91 ,0.00
3/13/1981, 9.91 ,0.00
3/14/1981, 9.91 ,0.00
3/15/1981, 9.91 ,0.00
3/16/1981, 9.91 ,0.00
3/17/1981, 9.91 ,0.00
3/18/1981, 9.91 ,0.00
3/19/1981, 9.91 ,0.00
3/20/1981, 9.91 ,0.00
3/21/1981, 9.91 ,0.00
3/22/1981, 9.91 ,0.00
3/23/1981, 9.91 ,0.00
3/24/1981, 9.91 ,0.00
3/25/1981, 9.91 ,0.00
3/26/1981, 9.91 ,0.00
3/27/1981, 9.91 ,0.00
3/28/1981, 9.91 ,0.00
3/29/1981, 9.91 ,0.00
3/30/1981, 9.91 ,0.00
3/31/1981, 9.91 ,0.00
4/1/1981, 9.91 ,0.00
4/2/1981, 9.91 ,0.00
4/3/1981, 9.91 ,0.00
4/4/1981, 9.91 ,0.00
4/5/1981, 9.91 ,0.00
4/6/1981, 9.91 ,0.00
4/7/1981, 9.91 ,0.00
4/8/1981, 9.91 ,0.00
4/9/1981, 9.91 ,0.00
4/10/1981, 9.91 ,0.00
4/11/1981, 9.91 ,0.00
4/12/1981, 9.91 ,0.00
4/13/1981, 9.91 ,0.00
4/14/1981, 9.91 ,0.00
4/15/1981, 9.91 ,0.00
4/16/1981, 9.91 ,0.00
4/17/1981, 9.91 ,0.00
4/18/1981, 9.91 ,0.00
4/19/1981, 9.91 ,0.00
4/20/1981, 9.91 ,0.00
4/21/1981, 9.91 ,0.00
4/22/1981, 9.91 ,0.00
4/23/1981, 9.91 ,0.00
4/24/1981, 9.91 ,0.00
4/25/1981, 9.91 ,0.00
4/26/1981, 9.91 ,0.00
4/27/1981, 9.91 ,0.00
4/28/1981, 9.91 ,0.00
4/29/1981, 9.91 ,0.00
4/30/1981, 9.91 ,0.00
5/1/1981, 9.91 ,0.00
5/2/1981, 9.91 ,0.00
5/3/1981, 9.91 ,0.00
5/4/1981, 9.91 ,0.00
5/5/1981, 9.91 ,0.00
5/6/1981, 9.91 ,0.00
5/7/1981, 9.91 ,0.00
5/8/1981, 9.91 ,0.00
5/9/1981, 9.91 ,0.00
5/10/1981, 9.91 ,0.00
5/11/1981, 9.91 ,0.00
5/12/1981, 9.91 ,0.00
5/13/1981, 9.91 ,0.00
5/14/1981, 9.91 ,0.00
5/15/1981, 9.91 ,0.00
5/16/1981, 9.91 ,0.00
5/17/1981, 9.91 ,0.00
5/18/1981, 9.91 ,0.00
5/19/1981, 9.91 ,0.00
5/20/1981, 9.91 ,0.00
5/21/1981, 9.91 ,0.00
5/22/1981, 9.91 ,0.00
5/23/1981, 9.91 ,0.00
5/24/1981, 9.91 ,0.00
5/25/1981, 9.91 ,0.00
5/26/1981, 9.91 ,0.00
5/27/1981, 9.91 ,0.00
5/28/1981, 9.91 ,0.00
5/29/1981, 9.91 ,0.00
5/30/1981, 9.91 ,0.00
5/31/1981, 9.91 ,0.00
6/1/1981, 9.91 ,0.00
6/2/1981, 9.91 ,0.00
6/3/1981, 9.91 ,0.00
6/4/1981, 9.91 ,0.00
6/5/1981, 9.91 ,0.00
6/6/1981, 9.91 ,0.00
6/7/1981, 9.91 ,0.00
6/8/1981, 9.91 ,0.00
6/9/1981, 9.91 ,0.00
6/10/1981, 9.91 ,0.00
6/11/1981, 9.91 ,0.00
6/12/1981, 9.91 ,0.00
6/13/1981, 9.91 ,0.00
6/14/1981, 9.91 ,0.00
6/15/1981, 9.91 ,0.00
6/16/1981, 9.91 ,0.00
6/17/1981, 9.91 ,0.00
6/18/1981, 9.91 ,0.00
6/19/1981, 9.91 ,0.00
6/20/1981, 9.91 ,0.00
6/21/1981, 9.91 ,0.00
6/22/1981, 9.91 ,0.00
6/23/1981, 9.91 ,0.00
6/24/1981, 9.91 ,0.00
6/25/1981, 9.91 ,0.00
6/26/1981, 9.91 ,0.00
6/27/1981, 9.91 ,0.00
6/28/1981, 9.91 ,0.00
6/29/1981, 9.91 ,0.00
6/30/1981, 9.91 ,0.00
7/1/1981, 9.91 ,0.00
7/2/1981, 9.91 ,0.00
7/3/1981, 9.91 ,0.00
7/4/1981, 9.91 ,0.00
7/5/1981, 9.91 ,0.00
7/6/1981, 9.91 ,0.00
7/7/1981, 9.91 ,0.00
7/8/1981, 9.91 ,0.00
7/9/1981, 9.91 ,0.00
7/10/1981, 9.91 ,0.00
7/11/1981, 9.91 ,0.00
7/12/1981, 9.91 ,0.00
7/13/1981, 9.91 ,0.00
7/14/1981, 9.91 ,0.00
7/15/1981, 9.91 ,0.00
7/16/1981, 9.91 ,0.00
7/17/1981, 9.91 ,0.00
7/18/1981, 9.91 ,0.00
7/19/1981, 9.91 ,0.00
7/20/1981, 9.91 ,0.00
7/21/1981, 9.91 ,0.00
7/22/1981, 9.91 ,0.00
7/23/1981, 9.91 ,0.00
7/24/1981, 9.91 ,0.00
7/25/1981, 9.91 ,0.00
7/26/1981, 9.91 ,0.00
7/27/1981, 9.91 ,0.00
7/28/1981, 9.91 ,0.00
7/29/1981, 9.91 ,0.00
7/30/1981, 9.91 ,0.00
7/31/1981, 9.91 ,0.00
8/1/1981, 9.91 ,0.00
8/2/1981, 9.91 ,0.00
8/3/1981, 9.91 ,0.00
8/4/1981, 9.91 ,0.00
8/5/1981, 9.91 ,0.00
8/6/1981, 9.91 ,0.00
8/7/1981, 9.91 ,0.00
8/8/1981, 9.91 ,0.00
8/9/1981, 9.91 ,0.00
8/10/1981, 9.91 ,0.00
8/11/1981, 9.91 ,0.00
8/12/1981, 9.91 ,0.00
8/13/1981, 9.91 ,0.00
8/14/1981, 9.91 ,0.00
8/15/1981, 9.91 ,0.00
8/16/1981, 9.91 ,0.00
8/17/1981, 9.91 ,0.00
8/18/1981, 9.91 ,0.00
8/19/1981, 9.91 ,0.00
8/20/1981, 9.91 ,0.00
8/21/1981, 9.91 ,0.00
8/22/1981, 9.91 ,0.00
8/23/1981, 9.91 ,0.00
8/24/1981, 9.91 ,0.00
8/25/1981, 9.91 ,0.00
8/26/1981, 9.91 ,0.00
8/27/1981, 9.91 ,0.00
8/28/1981, 9.91 ,0.00
8/29/1981, 9.91 ,0.00
8/30/1981, 9.91 ,0.00
8/31/1981, 9.91 ,0.00
9/1/1981, 9.91 ,0.00
9/2/1981, 9.91 ,0.00
9/3/1981, 9.91 ,0.00
9/4/1981, 9.91 ,0.00
9/5/1981, 9.91 ,0.00
9/6/1981, 9.91 ,0.00
9/7/1981, 9.91 ,0.00
9/8/1981, 9.91 ,0.00
9/9/1981, 9.91 ,0.00
9/10/1981, 9.91 ,0.00
9/11/1981, 9.91 ,0.00
9/12/1981, 9.91 ,0.00
9/13/1981, 9.91 ,0.00
9/14/1981, 9.91 ,0.00
9/15/1981, 9.91 ,0.00
9/16/1981, 9.91 ,0.00
9/17/1981, 9.91 ,0.00
9/18/1981, 9.91 ,0.00
9/19/1981, 9.91 ,0.00
9/20/1981, 9.91 ,0.00
9/21/1981, 9.91 ,0.00
9/22/1981, 9.91 ,0.00
9/23/1981, 9.91 ,0.00
9/24/1981, 9.91 ,0.00
9/25/1981, 9.91 ,0.00
9/26/1981, 9.91 ,0.00
9/27/1981, 9.91 ,0.00
9/28/1981, 9.91 ,0.00
9/29/1981, 9.91 ,0.00
9/30/1981, 9.91 ,0.00
10/1/1981, 9.91 ,0.00
10/2/1981, 9.91 ,0.00
10/3/1981, 9.91 ,0.00
10/4/1981, 9.91 ,0.00
10/5/1981, 9.91 ,0.00
10/6/1981, 9.91 ,0.00
10/7/1981, 9.91 ,0.00
10/8/1981, 9.91 ,0.00
10/9/1981, 9.91 ,0.00
10/10/1981, 9.91 ,0.00
10/11/1981, 9.91 ,0.00
10/12/1981, 9.91 ,0.00
10/13/1981, 9.91 ,0.00
10/14/1981, 9.91 ,0.00
10/15/1981, 9.91 ,0.00
10/16/1981, 9.91 ,0.00
10/17/1981, 9.91 ,0.00
10/18/1981, 9.91 ,0.00
10/19/1981, 9.91 ,0.00
10/20/1981, 9.91 ,0.00
10/21/1981, 9.91 ,0.00
10/22/1981, 9.91 ,0.00
10/23/1981, 9.91 ,0.00
10/24/1981, 9.91 ,0.00
10/25/1981, 9.91 ,0.00
10/26/1981, 9.91 ,0.00
10/27/1981, 9.91 ,0.00
10/28/1981, 9.91 ,0.00
10/29/1981, 9.91 ,0.00
10/30/1981, 9.91 ,0.00
10/31/1981, 9.91 ,0.00
11/1/1981, 9.91 ,0.00
11/2/1981, 9.91 ,0.00
11/3/1981, 9.91 ,0.00
11/4/1981, 9.91 ,0.00
11/5/1981, 9.91 ,0.00
11/6/1981, 9.91 ,0.00
11/7/1981, 9.91 ,0.00
11/8/1981, 9.91 ,0.00
11/9/1981, 9.91 ,0.00
11/10/1981, 9.91 ,0.00
11/11/1981, 9.91 ,0.00
11/12/1981, 9.91 ,0.00
11/13/1981, 9.91 ,0.00
11/14/1981, 9.91 ,0.00
11/15/1981, 9.91 ,0.00
11/16/1981, 9.91 ,0.00
11/17/1981, 9.91 ,0.00
11/18/1981, 9.91 ,0.00
11/19/1981, 9.91 ,0.00
11/20/1981, 9.91 ,0.00
11/21/1981, 9.91 ,0.00
11/22/1981, 9.91 ,0.00
11/23/1981, 9.91 ,0.00
11/24/1981, 9.91 ,0.00
11/25/1981, 9.91 ,0.00
11/26/1981, 9.91 ,0.00
11/27/1981, 9.91 ,0.00
11/28/1981, 9.91 ,0.00
11/29/1981, 9.91 ,0.00
11/30/1981, 9.91 ,0.00
12/1/1981, 9.91 ,0.00
12/2/1981, 9.91 ,0.00
12/3/1981, 9.91 ,0.00
12/4/1981, 9.91 ,0.00
12/5/1981, 9.91 ,0.00
12/6/1981, 9.91 ,0.00
12/7/1981, 9.91 ,0.00
12/8/1981, 9.91 ,0.00
12/9/1981, 9.91 ,0.00
12/10/1981, 9.91 ,0.00
12/11/1981, 9.91 ,0.00
12/12/1981, 9.91 ,0.00
12/13/1981, 9.91 ,0.00
12/14/1981, 9.91 ,0.00
12/15/1981, 9.91 ,0.00
12/16/1981, 9.91 ,0.00
12/17/1981, 9.91 ,0.00
12/18/1981, 9.91 ,0.00
12/19/1981, 9.91 ,0.00
12/20/1981, 9.91 ,0.00
12/21/1981, 9.91 ,0.00
12/22/1981, 9.91 ,0.00
12/23/1981, 9.91 ,0.00
12/24/1981, 9.91 ,0.00
12/25/1981, 9.91 ,0.00
12/26/1981, 9.91 ,0.00
12/27/1981, 9.91 ,0.00
12/28/1981, 9.91 ,0.00
12/29/1981, 9.91 ,0.00
12/30/1981, 9.91 ,0.00
12/31/1981, 9.91 ,0.00
1/1/1982, 10.25 ,0.34
1/2/1982, 10.25 ,0.00
1/3/1982, 10.25 ,0.00
1/4/1982, 10.25 ,0.00
1/5/1982, 10.25 ,0.00
1/6/1982, 10.25 ,0.00
1/7/1982, 10.25 ,0.00
1/8/1982, 10.25 ,0.00
1/9/1982, 10.25 ,0.00
1/10/1982, 10.25 ,0.00
1/11/1982, 10.25 ,0.00
1/12/1982, 10.25 ,0.00
1/13/1982, 10.25 ,0.00
1/14/1982, 10.25 ,0.00
1/15/1982, 10.25 ,0.00
1/16/1982, 10.25 ,0.00
1/17/1982, 10.25 ,0.00
1/18/1982, 10.25 ,0.00
1/19/1982, 10.25 ,0.00
1/20/1982, 10.25 ,0.00
1/21/1982, 10.25 ,0.00
1/22/1982, 10.25 ,0.00
1/23/1982, 10.25 ,0.00
1/24/1982, 10.25 ,0.00
1/25/1982, 10.25 ,0.00
1/26/1982, 10.25 ,0.00
1/27/1982, 10.25 ,0.00
1/28/1982, 10.25 ,0.00
1/29/1982, 10.25 ,0.00
1/30/1982, 10.25 ,0.00
1/31/1982, 10.25 ,0.00
2/1/1982, 10.70 ,0.45
2/2/1982, 10.70 ,0.00
2/3/1982, 10.70 ,0.00
2/4/1982, 10.70 ,0.00
2/5/1982, 10.70 ,0.00
2/6/1982, 10.70 ,0.00
2/7/1982, 10.70 ,0.00
2/8/1982, 10.70 ,0.00
2/9/1982, 10.70 ,0.00
2/10/1982, 10.70 ,0.00
2/11/1982, 10.70 ,0.00
2/12/1982, 10.70 ,0.00
2/13/1982, 10.70 ,0.00
2/14/1982, 10.70 ,0.00
2/15/1982, 10.70 ,0.00
2/16/1982, 10.70 ,0.00
2/17/1982, 10.70 ,0.00
2/18/1982, 10.70 ,0.00
2/19/1982, 10.70 ,0.00
2/20/1982, 10.70 ,0.00
2/21/1982, 10.70 ,0.00
2/22/1982, 10.70 ,0.00
2/23/1982, 10.70 ,0.00
2/24/1982, 10.70 ,0.00
2/25/1982, 10.70 ,0.00
2/26/1982, 10.70 ,0.00
2/27/1982, 10.70 ,0.00
2/28/1982, 10.70 ,0.00
3/1/1982, 11.13 ,0.43
3/2/1982, 11.13 ,0.00
3/3/1982, 11.13 ,0.00
3/4/1982, 11.13 ,0.00
3/5/1982, 11.13 ,0.00
3/6/1982, 11.13 ,0.00
3/7/1982, 11.13 ,0.00
3/8/1982, 11.13 ,0.00
3/9/1982, 11.13 ,0.00
3/10/1982, 11.13 ,0.00
3/11/1982, 11.13 ,0.00
3/12/1982, 11.13 ,0.00
3/13/1982, 11.13 ,0.00
3/14/1982, 11.13 ,0.00
3/15/1982, 11.13 ,0.00
3/16/1982, 11.13 ,0.00
3/17/1982, 11.13 ,0.00
3/18/1982, 11.13 ,0.00
3/19/1982, 11.13 ,0.00
3/20/1982, 11.13 ,0.00
3/21/1982, 11.13 ,0.00
3/22/1982, 11.13 ,0.00
3/23/1982, 11.13 ,0.00
3/24/1982, 11.13 ,0.00
3/25/1982, 11.13 ,0.00
3/26/1982, 11.13 ,0.00
3/27/1982, 11.13 ,0.00
3/28/1982, 11.13 ,0.00
3/29/1982, 11.13 ,0.00
3/30/1982, 11.13 ,0.00
3/31/1982, 11.13 ,0.00
4/1/1982, 11.67 ,0.54
4/2/1982, 11.67 ,0.00
4/3/1982, 11.67 ,0.00
4/4/1982, 11.67 ,0.00
4/5/1982, 11.67 ,0.00
4/6/1982, 11.67 ,0.00
4/7/1982, 11.67 ,0.00
4/8/1982, 11.67 ,0.00
4/9/1982, 11.67 ,0.00
4/10/1982, 11.67 ,0.00
4/11/1982, 11.67 ,0.00
4/12/1982, 11.67 ,0.00
4/13/1982, 11.67 ,0.00
4/14/1982, 11.67 ,0.00
4/15/1982, 11.67 ,0.00
4/16/1982, 11.67 ,0.00
4/17/1982, 11.67 ,0.00
4/18/1982, 11.67 ,0.00
4/19/1982, 11.67 ,0.00
4/20/1982, 11.67 ,0.00
4/21/1982, 11.67 ,0.00
4/22/1982, 11.67 ,0.00
4/23/1982, 11.67 ,0.00
4/24/1982, 11.67 ,0.00
4/25/1982, 11.67 ,0.00
4/26/1982, 11.67 ,0.00
4/27/1982, 11.67 ,0.00
4/28/1982, 11.67 ,0.00
4/29/1982, 11.67 ,0.00
4/30/1982, 11.67 ,0.00
5/1/1982, 11.58 ,-0.08
5/2/1982, 11.58 ,0.00
5/3/1982, 11.58 ,0.00
5/4/1982, 11.58 ,0.00
5/5/1982, 11.58 ,0.00
5/6/1982, 11.58 ,0.00
5/7/1982, 11.58 ,0.00
5/8/1982, 11.58 ,0.00
5/9/1982, 11.58 ,0.00
5/10/1982, 11.58 ,0.00
5/11/1982, 11.58 ,0.00
5/12/1982, 11.58 ,0.00
5/13/1982, 11.58 ,0.00
5/14/1982, 11.58 ,0.00
5/15/1982, 11.58 ,0.00
5/16/1982, 11.58 ,0.00
5/17/1982, 11.58 ,0.00
5/18/1982, 11.58 ,0.00
5/19/1982, 11.58 ,0.00
5/20/1982, 11.58 ,0.00
5/21/1982, 11.58 ,0.00
5/22/1982, 11.58 ,0.00
5/23/1982, 11.58 ,0.00
5/24/1982, 11.58 ,0.00
5/25/1982, 11.58 ,0.00
5/26/1982, 11.58 ,0.00
5/27/1982, 11.58 ,0.00
5/28/1982, 11.58 ,0.00
5/29/1982, 11.58 ,0.00
5/30/1982, 11.58 ,0.00
5/31/1982, 11.58 ,0.00
6/1/1982, 11.99 ,0.40
6/2/1982, 11.99 ,0.00
6/3/1982, 11.99 ,0.00
6/4/1982, 11.99 ,0.00
6/5/1982, 11.99 ,0.00
6/6/1982, 11.99 ,0.00
6/7/1982, 11.99 ,0.00
6/8/1982, 11.99 ,0.00
6/9/1982, 11.99 ,0.00
6/10/1982, 11.99 ,0.00
6/11/1982, 11.99 ,0.00
6/12/1982, 11.99 ,0.00
6/13/1982, 11.99 ,0.00
6/14/1982, 11.99 ,0.00
6/15/1982, 11.99 ,0.00
6/16/1982, 11.99 ,0.00
6/17/1982, 11.99 ,0.00
6/18/1982, 11.99 ,0.00
6/19/1982, 11.99 ,0.00
6/20/1982, 11.99 ,0.00
6/21/1982, 11.99 ,0.00
6/22/1982, 11.99 ,0.00
6/23/1982, 11.99 ,0.00
6/24/1982, 11.99 ,0.00
6/25/1982, 11.99 ,0.00
6/26/1982, 11.99 ,0.00
6/27/1982, 11.99 ,0.00
6/28/1982, 11.99 ,0.00
6/29/1982, 11.99 ,0.00
6/30/1982, 11.99 ,0.00
7/1/1982, 12.17 ,0.18
7/2/1982, 12.17 ,0.00
7/3/1982, 12.17 ,0.00
7/4/1982, 12.17 ,0.00
7/5/1982, 12.17 ,0.00
7/6/1982, 12.17 ,0.00
7/7/1982, 12.17 ,0.00
7/8/1982, 12.17 ,0.00
7/9/1982, 12.17 ,0.00
7/10/1982, 12.17 ,0.00
7/11/1982, 12.17 ,0.00
7/12/1982, 12.17 ,0.00
7/13/1982, 12.17 ,0.00
7/14/1982, 12.17 ,0.00
7/15/1982, 12.17 ,0.00
7/16/1982, 12.17 ,0.00
7/17/1982, 12.17 ,0.00
7/18/1982, 12.17 ,0.00
7/19/1982, 12.17 ,0.00
7/20/1982, 12.17 ,0.00
7/21/1982, 12.17 ,0.00
7/22/1982, 12.17 ,0.00
7/23/1982, 12.17 ,0.00
7/24/1982, 12.17 ,0.00
7/25/1982, 12.17 ,0.00
7/26/1982, 12.17 ,0.00
7/27/1982, 12.17 ,0.00
7/28/1982, 12.17 ,0.00
7/29/1982, 12.17 ,0.00
7/30/1982, 12.17 ,0.00
7/31/1982, 12.17 ,0.00
8/1/1982, 12.27 ,0.10
8/2/1982, 12.27 ,0.00
8/3/1982, 12.27 ,0.00
8/4/1982, 12.27 ,0.00
8/5/1982, 12.27 ,0.00
8/6/1982, 12.27 ,0.00
8/7/1982, 12.27 ,0.00
8/8/1982, 12.27 ,0.00
8/9/1982, 12.27 ,0.00
8/10/1982, 12.27 ,0.00
8/11/1982, 12.27 ,0.00
8/12/1982, 12.27 ,0.00
8/13/1982, 12.27 ,0.00
8/14/1982, 12.27 ,0.00
8/15/1982, 12.27 ,0.00
8/16/1982, 12.27 ,0.00
8/17/1982, 12.27 ,0.00
8/18/1982, 12.27 ,0.00
8/19/1982, 12.27 ,0.00
8/20/1982, 12.27 ,0.00
8/21/1982, 12.27 ,0.00
8/22/1982, 12.27 ,0.00
8/23/1982, 12.27 ,0.00
8/24/1982, 12.27 ,0.00
8/25/1982, 12.27 ,0.00
8/26/1982, 12.27 ,0.00
8/27/1982, 12.27 ,0.00
8/28/1982, 12.27 ,0.00
8/29/1982, 12.27 ,0.00
8/30/1982, 12.27 ,0.00
8/31/1982, 12.27 ,0.00
9/1/1982, 12.36 ,0.09
9/2/1982, 12.36 ,0.00
9/3/1982, 12.36 ,0.00
9/4/1982, 12.36 ,0.00
9/5/1982, 12.36 ,0.00
9/6/1982, 12.36 ,0.00
9/7/1982, 12.36 ,0.00
9/8/1982, 12.36 ,0.00
9/9/1982, 12.36 ,0.00
9/10/1982, 12.36 ,0.00
9/11/1982, 12.36 ,0.00
9/12/1982, 12.36 ,0.00
9/13/1982, 12.36 ,0.00
9/14/1982, 12.36 ,0.00
9/15/1982, 12.36 ,0.00
9/16/1982, 12.36 ,0.00
9/17/1982, 12.36 ,0.00
9/18/1982, 12.36 ,0.00
9/19/1982, 12.36 ,0.00
9/20/1982, 12.36 ,0.00
9/21/1982, 12.36 ,0.00
9/22/1982, 12.36 ,0.00
9/23/1982, 12.36 ,0.00
9/24/1982, 12.36 ,0.00
9/25/1982, 12.36 ,0.00
9/26/1982, 12.36 ,0.00
9/27/1982, 12.36 ,0.00
9/28/1982, 12.36 ,0.00
9/29/1982, 12.36 ,0.00
9/30/1982, 12.36 ,0.00
10/1/1982, 12.56 ,0.20
10/2/1982, 12.56 ,0.00
10/3/1982, 12.56 ,0.00
10/4/1982, 12.56 ,0.00
10/5/1982, 12.56 ,0.00
10/6/1982, 12.56 ,0.00
10/7/1982, 12.56 ,0.00
10/8/1982, 12.56 ,0.00
10/9/1982, 12.56 ,0.00
10/10/1982, 12.56 ,0.00
10/11/1982, 12.56 ,0.00
10/12/1982, 12.56 ,0.00
10/13/1982, 12.56 ,0.00
10/14/1982, 12.56 ,0.00
10/15/1982, 12.56 ,0.00
10/16/1982, 12.56 ,0.00
10/17/1982, 12.56 ,0.00
10/18/1982, 12.56 ,0.00
10/19/1982, 12.56 ,0.00
10/20/1982, 12.56 ,0.00
10/21/1982, 12.56 ,0.00
10/22/1982, 12.56 ,0.00
10/23/1982, 12.56 ,0.00
10/24/1982, 12.56 ,0.00
10/25/1982, 12.56 ,0.00
10/26/1982, 12.56 ,0.00
10/27/1982, 12.56 ,0.00
10/28/1982, 12.56 ,0.00
10/29/1982, 12.56 ,0.00
10/30/1982, 12.56 ,0.00
10/31/1982, 12.56 ,0.00
11/1/1982, 12.45 ,-0.12
11/2/1982, 12.45 ,0.00
11/3/1982, 12.45 ,0.00
11/4/1982, 12.45 ,0.00
11/5/1982, 12.45 ,0.00
11/6/1982, 12.45 ,0.00
11/7/1982, 12.45 ,0.00
11/8/1982, 12.45 ,0.00
11/9/1982, 12.45 ,0.00
11/10/1982, 12.45 ,0.00
11/11/1982, 12.45 ,0.00
11/12/1982, 12.45 ,0.00
11/13/1982, 12.45 ,0.00
11/14/1982, 12.45 ,0.00
11/15/1982, 12.45 ,0.00
11/16/1982, 12.45 ,0.00
11/17/1982, 12.45 ,0.00
11/18/1982, 12.45 ,0.00
11/19/1982, 12.45 ,0.00
11/20/1982, 12.45 ,0.00
11/21/1982, 12.45 ,0.00
11/22/1982, 12.45 ,0.00
11/23/1982, 12.45 ,0.00
11/24/1982, 12.45 ,0.00
11/25/1982, 12.45 ,0.00
11/26/1982, 12.45 ,0.00
11/27/1982, 12.45 ,0.00
11/28/1982, 12.45 ,0.00
11/29/1982, 12.45 ,0.00
11/30/1982, 12.45 ,0.00
12/1/1982, 12.87 ,0.42
12/2/1982, 12.87 ,0.00
12/3/1982, 12.87 ,0.00
12/4/1982, 12.87 ,0.00
12/5/1982, 12.87 ,0.00
12/6/1982, 12.87 ,0.00
12/7/1982, 12.87 ,0.00
12/8/1982, 12.87 ,0.00
12/9/1982, 12.87 ,0.00
12/10/1982, 12.87 ,0.00
12/11/1982, 12.87 ,0.00
12/12/1982, 12.87 ,0.00
12/13/1982, 12.87 ,0.00
12/14/1982, 12.87 ,0.00
12/15/1982, 12.87 ,0.00
12/16/1982, 12.87 ,0.00
12/17/1982, 12.87 ,0.00
12/18/1982, 12.87 ,0.00
12/19/1982, 12.87 ,0.00
12/20/1982, 12.87 ,0.00
12/21/1982, 12.87 ,0.00
12/22/1982, 12.87 ,0.00
12/23/1982, 12.87 ,0.00
12/24/1982, 12.87 ,0.00
12/25/1982, 12.87 ,0.00
12/26/1982, 12.87 ,0.00
12/27/1982, 12.87 ,0.00
12/28/1982, 12.87 ,0.00
12/29/1982, 12.87 ,0.00
12/30/1982, 12.87 ,0.00
12/31/1982, 12.87 ,0.00
1/1/1983, 12.84 ,-0.02
1/2/1983, 12.84 ,0.00
1/3/1983, 12.84 ,0.00
1/4/1983, 12.84 ,0.00
1/5/1983, 12.84 ,0.00
1/6/1983, 12.84 ,0.00
1/7/1983, 12.84 ,0.00
1/8/1983, 12.84 ,0.00
1/9/1983, 12.84 ,0.00
1/10/1983, 12.84 ,0.00
1/11/1983, 12.84 ,0.00
1/12/1983, 12.84 ,0.00
1/13/1983, 12.84 ,0.00
1/14/1983, 12.84 ,0.00
1/15/1983, 12.84 ,0.00
1/16/1983, 12.84 ,0.00
1/17/1983, 12.84 ,0.00
1/18/1983, 12.84 ,0.00
1/19/1983, 12.84 ,0.00
1/20/1983, 12.84 ,0.00
1/21/1983, 12.84 ,0.00
1/22/1983, 12.84 ,0.00
1/23/1983, 12.84 ,0.00
1/24/1983, 12.84 ,0.00
1/25/1983, 12.84 ,0.00
1/26/1983, 12.84 ,0.00
1/27/1983, 12.84 ,0.00
1/28/1983, 12.84 ,0.00
1/29/1983, 12.84 ,0.00
1/30/1983, 12.84 ,0.00
1/31/1983, 12.84 ,0.00
2/1/1983, 12.90 ,0.06
2/2/1983, 12.90 ,0.00
2/3/1983, 12.90 ,0.00
2/4/1983, 12.90 ,0.00
2/5/1983, 12.90 ,0.00
2/6/1983, 12.90 ,0.00
2/7/1983, 12.90 ,0.00
2/8/1983, 12.90 ,0.00
2/9/1983, 12.90 ,0.00
2/10/1983, 12.90 ,0.00
2/11/1983, 12.90 ,0.00
2/12/1983, 12.90 ,0.00
2/13/1983, 12.90 ,0.00
2/14/1983, 12.90 ,0.00
2/15/1983, 12.90 ,0.00
2/16/1983, 12.90 ,0.00
2/17/1983, 12.90 ,0.00
2/18/1983, 12.90 ,0.00
2/19/1983, 12.90 ,0.00
2/20/1983, 12.90 ,0.00
2/21/1983, 12.90 ,0.00
2/22/1983, 12.90 ,0.00
2/23/1983, 12.90 ,0.00
2/24/1983, 12.90 ,0.00
2/25/1983, 12.90 ,0.00
2/26/1983, 12.90 ,0.00
2/27/1983, 12.90 ,0.00
2/28/1983, 12.90 ,0.00
3/1/1983, 12.91 ,0.01
3/2/1983, 12.91 ,0.00
3/3/1983, 12.91 ,0.00
3/4/1983, 12.91 ,0.00
3/5/1983, 12.91 ,0.00
3/6/1983, 12.91 ,0.00
3/7/1983, 12.91 ,0.00
3/8/1983, 12.91 ,0.00
3/9/1983, 12.91 ,0.00
3/10/1983, 12.91 ,0.00
3/11/1983, 12.91 ,0.00
3/12/1983, 12.91 ,0.00
3/13/1983, 12.91 ,0.00
3/14/1983, 12.91 ,0.00
3/15/1983, 12.91 ,0.00
3/16/1983, 12.91 ,0.00
3/17/1983, 12.91 ,0.00
3/18/1983, 12.91 ,0.00
3/19/1983, 12.91 ,0.00
3/20/1983, 12.91 ,0.00
3/21/1983, 12.91 ,0.00
3/22/1983, 12.91 ,0.00
3/23/1983, 12.91 ,0.00
3/24/1983, 12.91 ,0.00
3/25/1983, 12.91 ,0.00
3/26/1983, 12.91 ,0.00
3/27/1983, 12.91 ,0.00
3/28/1983, 12.91 ,0.00
3/29/1983, 12.91 ,0.00
3/30/1983, 12.91 ,0.00
3/31/1983, 12.91 ,0.00
4/1/1983, 12.98 ,0.07
4/2/1983, 12.98 ,0.00
4/3/1983, 12.98 ,0.00
4/4/1983, 12.98 ,0.00
4/5/1983, 12.98 ,0.00
4/6/1983, 12.98 ,0.00
4/7/1983, 12.98 ,0.00
4/8/1983, 12.98 ,0.00
4/9/1983, 12.98 ,0.00
4/10/1983, 12.98 ,0.00
4/11/1983, 12.98 ,0.00
4/12/1983, 12.98 ,0.00
4/13/1983, 12.98 ,0.00
4/14/1983, 12.98 ,0.00
4/15/1983, 12.98 ,0.00
4/16/1983, 12.98 ,0.00
4/17/1983, 12.98 ,0.00
4/18/1983, 12.98 ,0.00
4/19/1983, 12.98 ,0.00
4/20/1983, 12.98 ,0.00
4/21/1983, 12.98 ,0.00
4/22/1983, 12.98 ,0.00
4/23/1983, 12.98 ,0.00
4/24/1983, 12.98 ,0.00
4/25/1983, 12.98 ,0.00
4/26/1983, 12.98 ,0.00
4/27/1983, 12.98 ,0.00
4/28/1983, 12.98 ,0.00
4/29/1983, 12.98 ,0.00
4/30/1983, 12.98 ,0.00
5/1/1983, 12.97 ,-0.01
5/2/1983, 12.97 ,0.00
5/3/1983, 12.97 ,0.00
5/4/1983, 12.97 ,0.00
5/5/1983, 12.97 ,0.00
5/6/1983, 12.97 ,0.00
5/7/1983, 12.97 ,0.00
5/8/1983, 12.97 ,0.00
5/9/1983, 12.97 ,0.00
5/10/1983, 12.97 ,0.00
5/11/1983, 12.97 ,0.00
5/12/1983, 12.97 ,0.00
5/13/1983, 12.97 ,0.00
5/14/1983, 12.97 ,0.00
5/15/1983, 12.97 ,0.00
5/16/1983, 12.97 ,0.00
5/17/1983, 12.97 ,0.00
5/18/1983, 12.97 ,0.00
5/19/1983, 12.97 ,0.00
5/20/1983, 12.97 ,0.00
5/21/1983, 12.97 ,0.00
5/22/1983, 12.97 ,0.00
5/23/1983, 12.97 ,0.00
5/24/1983, 12.97 ,0.00
5/25/1983, 12.97 ,0.00
5/26/1983, 12.97 ,0.00
5/27/1983, 12.97 ,0.00
5/28/1983, 12.97 ,0.00
5/29/1983, 12.97 ,0.00
5/30/1983, 12.97 ,0.00
5/31/1983, 12.97 ,0.00
6/1/1983, 13.04 ,0.07
6/2/1983, 13.04 ,0.00
6/3/1983, 13.04 ,0.00
6/4/1983, 13.04 ,0.00
6/5/1983, 13.04 ,0.00
6/6/1983, 13.04 ,0.00
6/7/1983, 13.04 ,0.00
6/8/1983, 13.04 ,0.00
6/9/1983, 13.04 ,0.00
6/10/1983, 13.04 ,0.00
6/11/1983, 13.04 ,0.00
6/12/1983, 13.04 ,0.00
6/13/1983, 13.04 ,0.00
6/14/1983, 13.04 ,0.00
6/15/1983, 13.04 ,0.00
6/16/1983, 13.04 ,0.00
6/17/1983, 13.04 ,0.00
6/18/1983, 13.04 ,0.00
6/19/1983, 13.04 ,0.00
6/20/1983, 13.04 ,0.00
6/21/1983, 13.04 ,0.00
6/22/1983, 13.04 ,0.00
6/23/1983, 13.04 ,0.00
6/24/1983, 13.04 ,0.00
6/25/1983, 13.04 ,0.00
6/26/1983, 13.04 ,0.00
6/27/1983, 13.04 ,0.00
6/28/1983, 13.04 ,0.00
6/29/1983, 13.04 ,0.00
6/30/1983, 13.04 ,0.00
7/1/1983, 13.27 ,0.23
7/2/1983, 13.27 ,0.00
7/3/1983, 13.27 ,0.00
7/4/1983, 13.27 ,0.00
7/5/1983, 13.27 ,0.00
7/6/1983, 13.27 ,0.00
7/7/1983, 13.27 ,0.00
7/8/1983, 13.27 ,0.00
7/9/1983, 13.27 ,0.00
7/10/1983, 13.27 ,0.00
7/11/1983, 13.27 ,0.00
7/12/1983, 13.27 ,0.00
7/13/1983, 13.27 ,0.00
7/14/1983, 13.27 ,0.00
7/15/1983, 13.27 ,0.00
7/16/1983, 13.27 ,0.00
7/17/1983, 13.27 ,0.00
7/18/1983, 13.27 ,0.00
7/19/1983, 13.27 ,0.00
7/20/1983, 13.27 ,0.00
7/21/1983, 13.27 ,0.00
7/22/1983, 13.27 ,0.00
7/23/1983, 13.27 ,0.00
7/24/1983, 13.27 ,0.00
7/25/1983, 13.27 ,0.00
7/26/1983, 13.27 ,0.00
7/27/1983, 13.27 ,0.00
7/28/1983, 13.27 ,0.00
7/29/1983, 13.27 ,0.00
7/30/1983, 13.27 ,0.00
7/31/1983, 13.27 ,0.00
8/1/1983, 13.39 ,0.12
8/2/1983, 13.39 ,0.00
8/3/1983, 13.39 ,0.00
8/4/1983, 13.39 ,0.00
8/5/1983, 13.39 ,0.00
8/6/1983, 13.39 ,0.00
8/7/1983, 13.39 ,0.00
8/8/1983, 13.39 ,0.00
8/9/1983, 13.39 ,0.00
8/10/1983, 13.39 ,0.00
8/11/1983, 13.39 ,0.00
8/12/1983, 13.39 ,0.00
8/13/1983, 13.39 ,0.00
8/14/1983, 13.39 ,0.00
8/15/1983, 13.39 ,0.00
8/16/1983, 13.39 ,0.00
8/17/1983, 13.39 ,0.00
8/18/1983, 13.39 ,0.00
8/19/1983, 13.39 ,0.00
8/20/1983, 13.39 ,0.00
8/21/1983, 13.39 ,0.00
8/22/1983, 13.39 ,0.00
8/23/1983, 13.39 ,0.00
8/24/1983, 13.39 ,0.00
8/25/1983, 13.39 ,0.00
8/26/1983, 13.39 ,0.00
8/27/1983, 13.39 ,0.00
8/28/1983, 13.39 ,0.00
8/29/1983, 13.39 ,0.00
8/30/1983, 13.39 ,0.00
8/31/1983, 13.39 ,0.00
9/1/1983, 13.40 ,0.01
9/2/1983, 13.40 ,0.00
9/3/1983, 13.40 ,0.00
9/4/1983, 13.40 ,0.00
9/5/1983, 13.40 ,0.00
9/6/1983, 13.40 ,0.00
9/7/1983, 13.40 ,0.00
9/8/1983, 13.40 ,0.00
9/9/1983, 13.40 ,0.00
9/10/1983, 13.40 ,0.00
9/11/1983, 13.40 ,0.00
9/12/1983, 13.40 ,0.00
9/13/1983, 13.40 ,0.00
9/14/1983, 13.40 ,0.00
9/15/1983, 13.40 ,0.00
9/16/1983, 13.40 ,0.00
9/17/1983, 13.40 ,0.00
9/18/1983, 13.40 ,0.00
9/19/1983, 13.40 ,0.00
9/20/1983, 13.40 ,0.00
9/21/1983, 13.40 ,0.00
9/22/1983, 13.40 ,0.00
9/23/1983, 13.40 ,0.00
9/24/1983, 13.40 ,0.00
9/25/1983, 13.40 ,0.00
9/26/1983, 13.40 ,0.00
9/27/1983, 13.40 ,0.00
9/28/1983, 13.40 ,0.00
9/29/1983, 13.40 ,0.00
9/30/1983, 13.40 ,0.00
10/1/1983, 13.30 ,-0.10
10/2/1983, 13.30 ,0.00
10/3/1983, 13.30 ,0.00
10/4/1983, 13.30 ,0.00
10/5/1983, 13.30 ,0.00
10/6/1983, 13.30 ,0.00
10/7/1983, 13.30 ,0.00
10/8/1983, 13.30 ,0.00
10/9/1983, 13.30 ,0.00
10/10/1983, 13.30 ,0.00
10/11/1983, 13.30 ,0.00
10/12/1983, 13.30 ,0.00
10/13/1983, 13.30 ,0.00
10/14/1983, 13.30 ,0.00
10/15/1983, 13.30 ,0.00
10/16/1983, 13.30 ,0.00
10/17/1983, 13.30 ,0.00
10/18/1983, 13.30 ,0.00
10/19/1983, 13.30 ,0.00
10/20/1983, 13.30 ,0.00
10/21/1983, 13.30 ,0.00
10/22/1983, 13.30 ,0.00
10/23/1983, 13.30 ,0.00
10/24/1983, 13.30 ,0.00
10/25/1983, 13.30 ,0.00
10/26/1983, 13.30 ,0.00
10/27/1983, 13.30 ,0.00
10/28/1983, 13.30 ,0.00
10/29/1983, 13.30 ,0.00
10/30/1983, 13.30 ,0.00
10/31/1983, 13.30 ,0.00
11/1/1983, 13.24 ,-0.07
11/2/1983, 13.24 ,0.00
11/3/1983, 13.24 ,0.00
11/4/1983, 13.24 ,0.00
11/5/1983, 13.24 ,0.00
11/6/1983, 13.24 ,0.00
11/7/1983, 13.24 ,0.00
11/8/1983, 13.24 ,0.00
11/9/1983, 13.24 ,0.00
11/10/1983, 13.24 ,0.00
11/11/1983, 13.24 ,0.00
11/12/1983, 13.24 ,0.00
11/13/1983, 13.24 ,0.00
11/14/1983, 13.24 ,0.00
11/15/1983, 13.24 ,0.00
11/16/1983, 13.24 ,0.00
11/17/1983, 13.24 ,0.00
11/18/1983, 13.24 ,0.00
11/19/1983, 13.24 ,0.00
11/20/1983, 13.24 ,0.00
11/21/1983, 13.24 ,0.00
11/22/1983, 13.24 ,0.00
11/23/1983, 13.24 ,0.00
11/24/1983, 13.24 ,0.00
11/25/1983, 13.24 ,0.00
11/26/1983, 13.24 ,0.00
11/27/1983, 13.24 ,0.00
11/28/1983, 13.24 ,0.00
11/29/1983, 13.24 ,0.00
11/30/1983, 13.24 ,0.00
12/1/1983, 13.43 ,0.19
12/2/1983, 13.43 ,0.00
12/3/1983, 13.43 ,0.00
12/4/1983, 13.43 ,0.00
12/5/1983, 13.43 ,0.00
12/6/1983, 13.43 ,0.00
12/7/1983, 13.43 ,0.00
12/8/1983, 13.43 ,0.00
12/9/1983, 13.43 ,0.00
12/10/1983, 13.43 ,0.00
12/11/1983, 13.43 ,0.00
12/12/1983, 13.43 ,0.00
12/13/1983, 13.43 ,0.00
12/14/1983, 13.43 ,0.00
12/15/1983, 13.43 ,0.00
12/16/1983, 13.43 ,0.00
12/17/1983, 13.43 ,0.00
12/18/1983, 13.43 ,0.00
12/19/1983, 13.43 ,0.00
12/20/1983, 13.43 ,0.00
12/21/1983, 13.43 ,0.00
12/22/1983, 13.43 ,0.00
12/23/1983, 13.43 ,0.00
12/24/1983, 13.43 ,0.00
12/25/1983, 13.43 ,0.00
12/26/1983, 13.43 ,0.00
12/27/1983, 13.43 ,0.00
12/28/1983, 13.43 ,0.00
12/29/1983, 13.43 ,0.00
12/30/1983, 13.43 ,0.00
12/31/1983, 13.43 ,0.00
1/1/1984, 13.63 ,0.20
1/2/1984, 13.63 ,0.00
1/3/1984, 13.63 ,0.00
1/4/1984, 13.63 ,0.00
1/5/1984, 13.63 ,0.00
1/6/1984, 13.63 ,0.00
1/7/1984, 13.63 ,0.00
1/8/1984, 13.63 ,0.00
1/9/1984, 13.63 ,0.00
1/10/1984, 13.63 ,0.00
1/11/1984, 13.63 ,0.00
1/12/1984, 13.63 ,0.00
1/13/1984, 13.63 ,0.00
1/14/1984, 13.63 ,0.00
1/15/1984, 13.63 ,0.00
1/16/1984, 13.63 ,0.00
1/17/1984, 13.63 ,0.00
1/18/1984, 13.63 ,0.00
1/19/1984, 13.63 ,0.00
1/20/1984, 13.63 ,0.00
1/21/1984, 13.63 ,0.00
1/22/1984, 13.63 ,0.00
1/23/1984, 13.63 ,0.00
1/24/1984, 13.63 ,0.00
1/25/1984, 13.63 ,0.00
1/26/1984, 13.63 ,0.00
1/27/1984, 13.63 ,0.00
1/28/1984, 13.63 ,0.00
1/29/1984, 13.63 ,0.00
1/30/1984, 13.63 ,0.00
1/31/1984, 13.63 ,0.00
2/1/1984, 13.54 ,-0.09
2/2/1984, 13.54 ,0.00
2/3/1984, 13.54 ,0.00
2/4/1984, 13.54 ,0.00
2/5/1984, 13.54 ,0.00
2/6/1984, 13.54 ,0.00
2/7/1984, 13.54 ,0.00
2/8/1984, 13.54 ,0.00
2/9/1984, 13.54 ,0.00
2/10/1984, 13.54 ,0.00
2/11/1984, 13.54 ,0.00
2/12/1984, 13.54 ,0.00
2/13/1984, 13.54 ,0.00
2/14/1984, 13.54 ,0.00
2/15/1984, 13.54 ,0.00
2/16/1984, 13.54 ,0.00
2/17/1984, 13.54 ,0.00
2/18/1984, 13.54 ,0.00
2/19/1984, 13.54 ,0.00
2/20/1984, 13.54 ,0.00
2/21/1984, 13.54 ,0.00
2/22/1984, 13.54 ,0.00
2/23/1984, 13.54 ,0.00
2/24/1984, 13.54 ,0.00
2/25/1984, 13.54 ,0.00
2/26/1984, 13.54 ,0.00
2/27/1984, 13.54 ,0.00
2/28/1984, 13.54 ,0.00
2/29/1984, 13.54 ,0.00
3/1/1984, 13.35 ,-0.19
3/2/1984, 13.35 ,0.00
3/3/1984, 13.35 ,0.00
3/4/1984, 13.35 ,0.00
3/5/1984, 13.35 ,0.00
3/6/1984, 13.35 ,0.00
3/7/1984, 13.35 ,0.00
3/8/1984, 13.35 ,0.00
3/9/1984, 13.35 ,0.00
3/10/1984, 13.35 ,0.00
3/11/1984, 13.35 ,0.00
3/12/1984, 13.35 ,0.00
3/13/1984, 13.35 ,0.00
3/14/1984, 13.35 ,0.00
3/15/1984, 13.35 ,0.00
3/16/1984, 13.35 ,0.00
3/17/1984, 13.35 ,0.00
3/18/1984, 13.35 ,0.00
3/19/1984, 13.35 ,0.00
3/20/1984, 13.35 ,0.00
3/21/1984, 13.35 ,0.00
3/22/1984, 13.35 ,0.00
3/23/1984, 13.35 ,0.00
3/24/1984, 13.35 ,0.00
3/25/1984, 13.35 ,0.00
3/26/1984, 13.35 ,0.00
3/27/1984, 13.35 ,0.00
3/28/1984, 13.35 ,0.00
3/29/1984, 13.35 ,0.00
3/30/1984, 13.35 ,0.00
3/31/1984, 13.35 ,0.00
4/1/1984, 13.56 ,0.21
4/2/1984, 13.56 ,0.00
4/3/1984, 13.56 ,0.00
4/4/1984, 13.56 ,0.00
4/5/1984, 13.56 ,0.00
4/6/1984, 13.56 ,0.00
4/7/1984, 13.56 ,0.00
4/8/1984, 13.56 ,0.00
4/9/1984, 13.56 ,0.00
4/10/1984, 13.56 ,0.00
4/11/1984, 13.56 ,0.00
4/12/1984, 13.56 ,0.00
4/13/1984, 13.56 ,0.00
4/14/1984, 13.56 ,0.00
4/15/1984, 13.56 ,0.00
4/16/1984, 13.56 ,0.00
4/17/1984, 13.56 ,0.00
4/18/1984, 13.56 ,0.00
4/19/1984, 13.56 ,0.00
4/20/1984, 13.56 ,0.00
4/21/1984, 13.56 ,0.00
4/22/1984, 13.56 ,0.00
4/23/1984, 13.56 ,0.00
4/24/1984, 13.56 ,0.00
4/25/1984, 13.56 ,0.00
4/26/1984, 13.56 ,0.00
4/27/1984, 13.56 ,0.00
4/28/1984, 13.56 ,0.00
4/29/1984, 13.56 ,0.00
4/30/1984, 13.56 ,0.00
5/1/1984, 13.87 ,0.31
5/2/1984, 13.87 ,0.00
5/3/1984, 13.87 ,0.00
5/4/1984, 13.87 ,0.00
5/5/1984, 13.87 ,0.00
5/6/1984, 13.87 ,0.00
5/7/1984, 13.87 ,0.00
5/8/1984, 13.87 ,0.00
5/9/1984, 13.87 ,0.00
5/10/1984, 13.87 ,0.00
5/11/1984, 13.87 ,0.00
5/12/1984, 13.87 ,0.00
5/13/1984, 13.87 ,0.00
5/14/1984, 13.87 ,0.00
5/15/1984, 13.87 ,0.00
5/16/1984, 13.87 ,0.00
5/17/1984, 13.87 ,0.00
5/18/1984, 13.87 ,0.00
5/19/1984, 13.87 ,0.00
5/20/1984, 13.87 ,0.00
5/21/1984, 13.87 ,0.00
5/22/1984, 13.87 ,0.00
5/23/1984, 13.87 ,0.00
5/24/1984, 13.87 ,0.00
5/25/1984, 13.87 ,0.00
5/26/1984, 13.87 ,0.00
5/27/1984, 13.87 ,0.00
5/28/1984, 13.87 ,0.00
5/29/1984, 13.87 ,0.00
5/30/1984, 13.87 ,0.00
5/31/1984, 13.87 ,0.00
6/1/1984, 13.88 ,0.01
6/2/1984, 13.88 ,0.00
6/3/1984, 13.88 ,0.00
6/4/1984, 13.88 ,0.00
6/5/1984, 13.88 ,0.00
6/6/1984, 13.88 ,0.00
6/7/1984, 13.88 ,0.00
6/8/1984, 13.88 ,0.00
6/9/1984, 13.88 ,0.00
6/10/1984, 13.88 ,0.00
6/11/1984, 13.88 ,0.00
6/12/1984, 13.88 ,0.00
6/13/1984, 13.88 ,0.00
6/14/1984, 13.88 ,0.00
6/15/1984, 13.88 ,0.00
6/16/1984, 13.88 ,0.00
6/17/1984, 13.88 ,0.00
6/18/1984, 13.88 ,0.00
6/19/1984, 13.88 ,0.00
6/20/1984, 13.88 ,0.00
6/21/1984, 13.88 ,0.00
6/22/1984, 13.88 ,0.00
6/23/1984, 13.88 ,0.00
6/24/1984, 13.88 ,0.00
6/25/1984, 13.88 ,0.00
6/26/1984, 13.88 ,0.00
6/27/1984, 13.88 ,0.00
6/28/1984, 13.88 ,0.00
6/29/1984, 13.88 ,0.00
6/30/1984, 13.88 ,0.00
7/1/1984, 14.07 ,0.19
7/2/1984, 14.07 ,0.00
7/3/1984, 14.07 ,0.00
7/4/1984, 14.07 ,0.00
7/5/1984, 14.07 ,0.00
7/6/1984, 14.07 ,0.00
7/7/1984, 14.07 ,0.00
7/8/1984, 14.07 ,0.00
7/9/1984, 14.07 ,0.00
7/10/1984, 14.07 ,0.00
7/11/1984, 14.07 ,0.00
7/12/1984, 14.07 ,0.00
7/13/1984, 14.07 ,0.00
7/14/1984, 14.07 ,0.00
7/15/1984, 14.07 ,0.00
7/16/1984, 14.07 ,0.00
7/17/1984, 14.07 ,0.00
7/18/1984, 14.07 ,0.00
7/19/1984, 14.07 ,0.00
7/20/1984, 14.07 ,0.00
7/21/1984, 14.07 ,0.00
7/22/1984, 14.07 ,0.00
7/23/1984, 14.07 ,0.00
7/24/1984, 14.07 ,0.00
7/25/1984, 14.07 ,0.00
7/26/1984, 14.07 ,0.00
7/27/1984, 14.07 ,0.00
7/28/1984, 14.07 ,0.00
7/29/1984, 14.07 ,0.00
7/30/1984, 14.07 ,0.00
7/31/1984, 14.07 ,0.00
8/1/1984, 14.08 ,0.01
8/2/1984, 14.08 ,0.00
8/3/1984, 14.08 ,0.00
8/4/1984, 14.08 ,0.00
8/5/1984, 14.08 ,0.00
8/6/1984, 14.08 ,0.00
8/7/1984, 14.08 ,0.00
8/8/1984, 14.08 ,0.00
8/9/1984, 14.08 ,0.00
8/10/1984, 14.08 ,0.00
8/11/1984, 14.08 ,0.00
8/12/1984, 14.08 ,0.00
8/13/1984, 14.08 ,0.00
8/14/1984, 14.08 ,0.00
8/15/1984, 14.08 ,0.00
8/16/1984, 14.08 ,0.00
8/17/1984, 14.08 ,0.00
8/18/1984, 14.08 ,0.00
8/19/1984, 14.08 ,0.00
8/20/1984, 14.08 ,0.00
8/21/1984, 14.08 ,0.00
8/22/1984, 14.08 ,0.00
8/23/1984, 14.08 ,0.00
8/24/1984, 14.08 ,0.00
8/25/1984, 14.08 ,0.00
8/26/1984, 14.08 ,0.00
8/27/1984, 14.08 ,0.00
8/28/1984, 14.08 ,0.00
8/29/1984, 14.08 ,0.00
8/30/1984, 14.08 ,0.00
8/31/1984, 14.08 ,0.00
9/1/1984, 14.29 ,0.21
9/2/1984, 14.29 ,0.00
9/3/1984, 14.29 ,0.00
9/4/1984, 14.29 ,0.00
9/5/1984, 14.29 ,0.00
9/6/1984, 14.29 ,0.00
9/7/1984, 14.29 ,0.00
9/8/1984, 14.29 ,0.00
9/9/1984, 14.29 ,0.00
9/10/1984, 14.29 ,0.00
9/11/1984, 14.29 ,0.00
9/12/1984, 14.29 ,0.00
9/13/1984, 14.29 ,0.00
9/14/1984, 14.29 ,0.00
9/15/1984, 14.29 ,0.00
9/16/1984, 14.29 ,0.00
9/17/1984, 14.29 ,0.00
9/18/1984, 14.29 ,0.00
9/19/1984, 14.29 ,0.00
9/20/1984, 14.29 ,0.00
9/21/1984, 14.29 ,0.00
9/22/1984, 14.29 ,0.00
9/23/1984, 14.29 ,0.00
9/24/1984, 14.29 ,0.00
9/25/1984, 14.29 ,0.00
9/26/1984, 14.29 ,0.00
9/27/1984, 14.29 ,0.00
9/28/1984, 14.29 ,0.00
9/29/1984, 14.29 ,0.00
9/30/1984, 14.29 ,0.00
10/1/1984, 14.55 ,0.26
10/2/1984, 14.55 ,0.00
10/3/1984, 14.55 ,0.00
10/4/1984, 14.55 ,0.00
10/5/1984, 14.55 ,0.00
10/6/1984, 14.55 ,0.00
10/7/1984, 14.55 ,0.00
10/8/1984, 14.55 ,0.00
10/9/1984, 14.55 ,0.00
10/10/1984, 14.55 ,0.00
10/11/1984, 14.55 ,0.00
10/12/1984, 14.55 ,0.00
10/13/1984, 14.55 ,0.00
10/14/1984, 14.55 ,0.00
10/15/1984, 14.55 ,0.00
10/16/1984, 14.55 ,0.00
10/17/1984, 14.55 ,0.00
10/18/1984, 14.55 ,0.00
10/19/1984, 14.55 ,0.00
10/20/1984, 14.55 ,0.00
10/21/1984, 14.55 ,0.00
10/22/1984, 14.55 ,0.00
10/23/1984, 14.55 ,0.00
10/24/1984, 14.55 ,0.00
10/25/1984, 14.55 ,0.00
10/26/1984, 14.55 ,0.00
10/27/1984, 14.55 ,0.00
10/28/1984, 14.55 ,0.00
10/29/1984, 14.55 ,0.00
10/30/1984, 14.55 ,0.00
10/31/1984, 14.55 ,0.00
11/1/1984, 14.77 ,0.22
11/2/1984, 14.77 ,0.00
11/3/1984, 14.77 ,0.00
11/4/1984, 14.77 ,0.00
11/5/1984, 14.77 ,0.00
11/6/1984, 14.77 ,0.00
11/7/1984, 14.77 ,0.00
11/8/1984, 14.77 ,0.00
11/9/1984, 14.77 ,0.00
11/10/1984, 14.77 ,0.00
11/11/1984, 14.77 ,0.00
11/12/1984, 14.77 ,0.00
11/13/1984, 14.77 ,0.00
11/14/1984, 14.77 ,0.00
11/15/1984, 14.77 ,0.00
11/16/1984, 14.77 ,0.00
11/17/1984, 14.77 ,0.00
11/18/1984, 14.77 ,0.00
11/19/1984, 14.77 ,0.00
11/20/1984, 14.77 ,0.00
11/21/1984, 14.77 ,0.00
11/22/1984, 14.77 ,0.00
11/23/1984, 14.77 ,0.00
11/24/1984, 14.77 ,0.00
11/25/1984, 14.77 ,0.00
11/26/1984, 14.77 ,0.00
11/27/1984, 14.77 ,0.00
11/28/1984, 14.77 ,0.00
11/29/1984, 14.77 ,0.00
11/30/1984, 14.77 ,0.00
12/1/1984, 15.17 ,0.40
12/2/1984, 15.17 ,0.00
12/3/1984, 15.17 ,0.00
12/4/1984, 15.17 ,0.00
12/5/1984, 15.17 ,0.00
12/6/1984, 15.17 ,0.00
12/7/1984, 15.17 ,0.00
12/8/1984, 15.17 ,0.00
12/9/1984, 15.17 ,0.00
12/10/1984, 15.17 ,0.00
12/11/1984, 15.17 ,0.00
12/12/1984, 15.17 ,0.00
12/13/1984, 15.17 ,0.00
12/14/1984, 15.17 ,0.00
12/15/1984, 15.17 ,0.00
12/16/1984, 15.17 ,0.00
12/17/1984, 15.17 ,0.00
12/18/1984, 15.17 ,0.00
12/19/1984, 15.17 ,0.00
12/20/1984, 15.17 ,0.00
12/21/1984, 15.17 ,0.00
12/22/1984, 15.17 ,0.00
12/23/1984, 15.17 ,0.00
12/24/1984, 15.17 ,0.00
12/25/1984, 15.17 ,0.00
12/26/1984, 15.17 ,0.00
12/27/1984, 15.17 ,0.00
12/28/1984, 15.17 ,0.00
12/29/1984, 15.17 ,0.00
12/30/1984, 15.17 ,0.00
12/31/1984, 15.17 ,0.00
1/1/1985, 15.47 ,0.30
1/2/1985, 15.47 ,0.00
1/3/1985, 15.47 ,0.00
1/4/1985, 15.47 ,0.00
1/5/1985, 15.47 ,0.00
1/6/1985, 15.47 ,0.00
1/7/1985, 15.47 ,0.00
1/8/1985, 15.47 ,0.00
1/9/1985, 15.47 ,0.00
1/10/1985, 15.47 ,0.00
1/11/1985, 15.47 ,0.00
1/12/1985, 15.47 ,0.00
1/13/1985, 15.47 ,0.00
1/14/1985, 15.47 ,0.00
1/15/1985, 15.47 ,0.00
1/16/1985, 15.47 ,0.00
1/17/1985, 15.47 ,0.00
1/18/1985, 15.47 ,0.00
1/19/1985, 15.47 ,0.00
1/20/1985, 15.47 ,0.00
1/21/1985, 15.47 ,0.00
1/22/1985, 15.47 ,0.00
1/23/1985, 15.47 ,0.00
1/24/1985, 15.47 ,0.00
1/25/1985, 15.47 ,0.00
1/26/1985, 15.47 ,0.00
1/27/1985, 15.47 ,0.00
1/28/1985, 15.47 ,0.00
1/29/1985, 15.47 ,0.00
1/30/1985, 15.47 ,0.00
1/31/1985, 15.47 ,0.00
2/1/1985, 15.73 ,0.26
2/2/1985, 15.73 ,0.00
2/3/1985, 15.73 ,0.00
2/4/1985, 15.73 ,0.00
2/5/1985, 15.73 ,0.00
2/6/1985, 15.73 ,0.00
2/7/1985, 15.73 ,0.00
2/8/1985, 15.73 ,0.00
2/9/1985, 15.73 ,0.00
2/10/1985, 15.73 ,0.00
2/11/1985, 15.73 ,0.00
2/12/1985, 15.73 ,0.00
2/13/1985, 15.73 ,0.00
2/14/1985, 15.73 ,0.00
2/15/1985, 15.73 ,0.00
2/16/1985, 15.73 ,0.00
2/17/1985, 15.73 ,0.00
2/18/1985, 15.73 ,0.00
2/19/1985, 15.73 ,0.00
2/20/1985, 15.73 ,0.00
2/21/1985, 15.73 ,0.00
2/22/1985, 15.73 ,0.00
2/23/1985, 15.73 ,0.00
2/24/1985, 15.73 ,0.00
2/25/1985, 15.73 ,0.00
2/26/1985, 15.73 ,0.00
2/27/1985, 15.73 ,0.00
2/28/1985, 15.73 ,0.00
3/1/1985, 16.03 ,0.30
3/2/1985, 16.03 ,0.00
3/3/1985, 16.03 ,0.00
3/4/1985, 16.03 ,0.00
3/5/1985, 16.03 ,0.00
3/6/1985, 16.03 ,0.00
3/7/1985, 16.03 ,0.00
3/8/1985, 16.03 ,0.00
3/9/1985, 16.03 ,0.00
3/10/1985, 16.03 ,0.00
3/11/1985, 16.03 ,0.00
3/12/1985, 16.03 ,0.00
3/13/1985, 16.03 ,0.00
3/14/1985, 16.03 ,0.00
3/15/1985, 16.03 ,0.00
3/16/1985, 16.03 ,0.00
3/17/1985, 16.03 ,0.00
3/18/1985, 16.03 ,0.00
3/19/1985, 16.03 ,0.00
3/20/1985, 16.03 ,0.00
3/21/1985, 16.03 ,0.00
3/22/1985, 16.03 ,0.00
3/23/1985, 16.03 ,0.00
3/24/1985, 16.03 ,0.00
3/25/1985, 16.03 ,0.00
3/26/1985, 16.03 ,0.00
3/27/1985, 16.03 ,0.00
3/28/1985, 16.03 ,0.00
3/29/1985, 16.03 ,0.00
3/30/1985, 16.03 ,0.00
3/31/1985, 16.03 ,0.00
4/1/1985, 15.92 ,-0.11
4/2/1985, 15.92 ,0.00
4/3/1985, 15.92 ,0.00
4/4/1985, 15.92 ,0.00
4/5/1985, 15.92 ,0.00
4/6/1985, 15.92 ,0.00
4/7/1985, 15.92 ,0.00
4/8/1985, 15.92 ,0.00
4/9/1985, 15.92 ,0.00
4/10/1985, 15.92 ,0.00
4/11/1985, 15.92 ,0.00
4/12/1985, 15.92 ,0.00
4/13/1985, 15.92 ,0.00
4/14/1985, 15.92 ,0.00
4/15/1985, 15.92 ,0.00
4/16/1985, 15.92 ,0.00
4/17/1985, 15.92 ,0.00
4/18/1985, 15.92 ,0.00
4/19/1985, 15.92 ,0.00
4/20/1985, 15.92 ,0.00
4/21/1985, 15.92 ,0.00
4/22/1985, 15.92 ,0.00
4/23/1985, 15.92 ,0.00
4/24/1985, 15.92 ,0.00
4/25/1985, 15.92 ,0.00
4/26/1985, 15.92 ,0.00
4/27/1985, 15.92 ,0.00
4/28/1985, 15.92 ,0.00
4/29/1985, 15.92 ,0.00
4/30/1985, 15.92 ,0.00
5/1/1985, 16.01 ,0.08
5/2/1985, 16.01 ,0.00
5/3/1985, 16.01 ,0.00
5/4/1985, 16.01 ,0.00
5/5/1985, 16.01 ,0.00
5/6/1985, 16.01 ,0.00
5/7/1985, 16.01 ,0.00
5/8/1985, 16.01 ,0.00
5/9/1985, 16.01 ,0.00
5/10/1985, 16.01 ,0.00
5/11/1985, 16.01 ,0.00
5/12/1985, 16.01 ,0.00
5/13/1985, 16.01 ,0.00
5/14/1985, 16.01 ,0.00
5/15/1985, 16.01 ,0.00
5/16/1985, 16.01 ,0.00
5/17/1985, 16.01 ,0.00
5/18/1985, 16.01 ,0.00
5/19/1985, 16.01 ,0.00
5/20/1985, 16.01 ,0.00
5/21/1985, 16.01 ,0.00
5/22/1985, 16.01 ,0.00
5/23/1985, 16.01 ,0.00
5/24/1985, 16.01 ,0.00
5/25/1985, 16.01 ,0.00
5/26/1985, 16.01 ,0.00
5/27/1985, 16.01 ,0.00
5/28/1985, 16.01 ,0.00
5/29/1985, 16.01 ,0.00
5/30/1985, 16.01 ,0.00
5/31/1985, 16.01 ,0.00
6/1/1985, 15.98 ,-0.03
6/2/1985, 15.98 ,0.00
6/3/1985, 15.98 ,0.00
6/4/1985, 15.98 ,0.00
6/5/1985, 15.98 ,0.00
6/6/1985, 15.98 ,0.00
6/7/1985, 15.98 ,0.00
6/8/1985, 15.98 ,0.00
6/9/1985, 15.98 ,0.00
6/10/1985, 15.98 ,0.00
6/11/1985, 15.98 ,0.00
6/12/1985, 15.98 ,0.00
6/13/1985, 15.98 ,0.00
6/14/1985, 15.98 ,0.00
6/15/1985, 15.98 ,0.00
6/16/1985, 15.98 ,0.00
6/17/1985, 15.98 ,0.00
6/18/1985, 15.98 ,0.00
6/19/1985, 15.98 ,0.00
6/20/1985, 15.98 ,0.00
6/21/1985, 15.98 ,0.00
6/22/1985, 15.98 ,0.00
6/23/1985, 15.98 ,0.00
6/24/1985, 15.98 ,0.00
6/25/1985, 15.98 ,0.00
6/26/1985, 15.98 ,0.00
6/27/1985, 15.98 ,0.00
6/28/1985, 15.98 ,0.00
6/29/1985, 15.98 ,0.00
6/30/1985, 15.98 ,0.00
7/1/1985, 16.01 ,0.03
7/2/1985, 16.01 ,0.00
7/3/1985, 16.01 ,0.00
7/4/1985, 16.01 ,0.00
7/5/1985, 16.01 ,0.00
7/6/1985, 16.01 ,0.00
7/7/1985, 16.01 ,0.00
7/8/1985, 16.01 ,0.00
7/9/1985, 16.01 ,0.00
7/10/1985, 16.01 ,0.00
7/11/1985, 16.01 ,0.00
7/12/1985, 16.01 ,0.00
7/13/1985, 16.01 ,0.00
7/14/1985, 16.01 ,0.00
7/15/1985, 16.01 ,0.00
7/16/1985, 16.01 ,0.00
7/17/1985, 16.01 ,0.00
7/18/1985, 16.01 ,0.00
7/19/1985, 16.01 ,0.00
7/20/1985, 16.01 ,0.00
7/21/1985, 16.01 ,0.00
7/22/1985, 16.01 ,0.00
7/23/1985, 16.01 ,0.00
7/24/1985, 16.01 ,0.00
7/25/1985, 16.01 ,0.00
7/26/1985, 16.01 ,0.00
7/27/1985, 16.01 ,0.00
7/28/1985, 16.01 ,0.00
7/29/1985, 16.01 ,0.00
7/30/1985, 16.01 ,0.00
7/31/1985, 16.01 ,0.00
8/1/1985, 15.91 ,-0.10
8/2/1985, 15.91 ,0.00
8/3/1985, 15.91 ,0.00
8/4/1985, 15.91 ,0.00
8/5/1985, 15.91 ,0.00
8/6/1985, 15.91 ,0.00
8/7/1985, 15.91 ,0.00
8/8/1985, 15.91 ,0.00
8/9/1985, 15.91 ,0.00
8/10/1985, 15.91 ,0.00
8/11/1985, 15.91 ,0.00
8/12/1985, 15.91 ,0.00
8/13/1985, 15.91 ,0.00
8/14/1985, 15.91 ,0.00
8/15/1985, 15.91 ,0.00
8/16/1985, 15.91 ,0.00
8/17/1985, 15.91 ,0.00
8/18/1985, 15.91 ,0.00
8/19/1985, 15.91 ,0.00
8/20/1985, 15.91 ,0.00
8/21/1985, 15.91 ,0.00
8/22/1985, 15.91 ,0.00
8/23/1985, 15.91 ,0.00
8/24/1985, 15.91 ,0.00
8/25/1985, 15.91 ,0.00
8/26/1985, 15.91 ,0.00
8/27/1985, 15.91 ,0.00
8/28/1985, 15.91 ,0.00
8/29/1985, 15.91 ,0.00
8/30/1985, 15.91 ,0.00
8/31/1985, 15.91 ,0.00
9/1/1985, 16.14 ,0.23
9/2/1985, 16.14 ,0.00
9/3/1985, 16.14 ,0.00
9/4/1985, 16.14 ,0.00
9/5/1985, 16.14 ,0.00
9/6/1985, 16.14 ,0.00
9/7/1985, 16.14 ,0.00
9/8/1985, 16.14 ,0.00
9/9/1985, 16.14 ,0.00
9/10/1985, 16.14 ,0.00
9/11/1985, 16.14 ,0.00
9/12/1985, 16.14 ,0.00
9/13/1985, 16.14 ,0.00
9/14/1985, 16.14 ,0.00
9/15/1985, 16.14 ,0.00
9/16/1985, 16.14 ,0.00
9/17/1985, 16.14 ,0.00
9/18/1985, 16.14 ,0.00
9/19/1985, 16.14 ,0.00
9/20/1985, 16.14 ,0.00
9/21/1985, 16.14 ,0.00
9/22/1985, 16.14 ,0.00
9/23/1985, 16.14 ,0.00
9/24/1985, 16.14 ,0.00
9/25/1985, 16.14 ,0.00
9/26/1985, 16.14 ,0.00
9/27/1985, 16.14 ,0.00
9/28/1985, 16.14 ,0.00
9/29/1985, 16.14 ,0.00
9/30/1985, 16.14 ,0.00
10/1/1985, 16.05 ,-0.08
10/2/1985, 16.05 ,0.00
10/3/1985, 16.05 ,0.00
10/4/1985, 16.05 ,0.00
10/5/1985, 16.05 ,0.00
10/6/1985, 16.05 ,0.00
10/7/1985, 16.05 ,0.00
10/8/1985, 16.05 ,0.00
10/9/1985, 16.05 ,0.00
10/10/1985, 16.05 ,0.00
10/11/1985, 16.05 ,0.00
10/12/1985, 16.05 ,0.00
10/13/1985, 16.05 ,0.00
10/14/1985, 16.05 ,0.00
10/15/1985, 16.05 ,0.00
10/16/1985, 16.05 ,0.00
10/17/1985, 16.05 ,0.00
10/18/1985, 16.05 ,0.00
10/19/1985, 16.05 ,0.00
10/20/1985, 16.05 ,0.00
10/21/1985, 16.05 ,0.00
10/22/1985, 16.05 ,0.00
10/23/1985, 16.05 ,0.00
10/24/1985, 16.05 ,0.00
10/25/1985, 16.05 ,0.00
10/26/1985, 16.05 ,0.00
10/27/1985, 16.05 ,0.00
10/28/1985, 16.05 ,0.00
10/29/1985, 16.05 ,0.00
10/30/1985, 16.05 ,0.00
10/31/1985, 16.05 ,0.00
11/1/1985, 15.99 ,-0.07
11/2/1985, 15.99 ,0.00
11/3/1985, 15.99 ,0.00
11/4/1985, 15.99 ,0.00
11/5/1985, 15.99 ,0.00
11/6/1985, 15.99 ,0.00
11/7/1985, 15.99 ,0.00
11/8/1985, 15.99 ,0.00
11/9/1985, 15.99 ,0.00
11/10/1985, 15.99 ,0.00
11/11/1985, 15.99 ,0.00
11/12/1985, 15.99 ,0.00
11/13/1985, 15.99 ,0.00
11/14/1985, 15.99 ,0.00
11/15/1985, 15.99 ,0.00
11/16/1985, 15.99 ,0.00
11/17/1985, 15.99 ,0.00
11/18/1985, 15.99 ,0.00
11/19/1985, 15.99 ,0.00
11/20/1985, 15.99 ,0.00
11/21/1985, 15.99 ,0.00
11/22/1985, 15.99 ,0.00
11/23/1985, 15.99 ,0.00
11/24/1985, 15.99 ,0.00
11/25/1985, 15.99 ,0.00
11/26/1985, 15.99 ,0.00
11/27/1985, 15.99 ,0.00
11/28/1985, 15.99 ,0.00
11/29/1985, 15.99 ,0.00
11/30/1985, 15.99 ,0.00
12/1/1985, 15.99 ,0.00
12/2/1985, 15.99 ,0.00
12/3/1985, 15.99 ,0.00
12/4/1985, 15.99 ,0.00
12/5/1985, 15.99 ,0.00
12/6/1985, 15.99 ,0.00
12/7/1985, 15.99 ,0.00
12/8/1985, 15.99 ,0.00
12/9/1985, 15.99 ,0.00
12/10/1985, 15.99 ,0.00
12/11/1985, 15.99 ,0.00
12/12/1985, 15.99 ,0.00
12/13/1985, 15.99 ,0.00
12/14/1985, 15.99 ,0.00
12/15/1985, 15.99 ,0.00
12/16/1985, 15.99 ,0.00
12/17/1985, 15.99 ,0.00
12/18/1985, 15.99 ,0.00
12/19/1985, 15.99 ,0.00
12/20/1985, 15.99 ,0.00
12/21/1985, 15.99 ,0.00
12/22/1985, 15.99 ,0.00
12/23/1985, 15.99 ,0.00
12/24/1985, 15.99 ,0.00
12/25/1985, 15.99 ,0.00
12/26/1985, 15.99 ,0.00
12/27/1985, 15.99 ,0.00
12/28/1985, 15.99 ,0.00
12/29/1985, 15.99 ,0.00
12/30/1985, 15.99 ,0.00
12/31/1985, 15.99 ,0.00
1/1/1986, 15.99 ,0.00
1/2/1986, 15.99 ,0.00
1/3/1986, 15.99 ,0.00
1/4/1986, 15.99 ,0.00
1/5/1986, 15.99 ,0.00
1/6/1986, 15.99 ,0.00
1/7/1986, 15.99 ,0.00
1/8/1986, 15.99 ,0.00
1/9/1986, 15.99 ,0.00
1/10/1986, 15.99 ,0.00
1/11/1986, 15.99 ,0.00
1/12/1986, 15.99 ,0.00
1/13/1986, 15.99 ,0.00
1/14/1986, 15.99 ,0.00
1/15/1986, 15.99 ,0.00
1/16/1986, 15.99 ,0.00
1/17/1986, 15.99 ,0.00
1/18/1986, 15.99 ,0.00
1/19/1986, 15.99 ,0.00
1/20/1986, 15.99 ,0.00
1/21/1986, 15.99 ,0.00
1/22/1986, 15.99 ,0.00
1/23/1986, 15.99 ,0.00
1/24/1986, 15.99 ,0.00
1/25/1986, 15.99 ,0.00
1/26/1986, 15.99 ,0.00
1/27/1986, 15.99 ,0.00
1/28/1986, 15.99 ,0.00
1/29/1986, 15.99 ,0.00
1/30/1986, 15.99 ,0.00
1/31/1986, 15.99 ,0.00
2/1/1986, 15.99 ,0.00
2/2/1986, 15.99 ,0.00
2/3/1986, 15.99 ,0.00
2/4/1986, 15.99 ,0.00
2/5/1986, 15.99 ,0.00
2/6/1986, 15.99 ,0.00
2/7/1986, 15.99 ,0.00
2/8/1986, 15.99 ,0.00
2/9/1986, 15.99 ,0.00
2/10/1986, 15.99 ,0.00
2/11/1986, 15.99 ,0.00
2/12/1986, 15.99 ,0.00
2/13/1986, 15.99 ,0.00
2/14/1986, 15.99 ,0.00
2/15/1986, 15.99 ,0.00
2/16/1986, 15.99 ,0.00
2/17/1986, 15.99 ,0.00
2/18/1986, 15.99 ,0.00
2/19/1986, 15.99 ,0.00
2/20/1986, 15.99 ,0.00
2/21/1986, 15.99 ,0.00
2/22/1986, 15.99 ,0.00
2/23/1986, 15.99 ,0.00
2/24/1986, 15.99 ,0.00
2/25/1986, 15.99 ,0.00
2/26/1986, 15.99 ,0.00
2/27/1986, 15.99 ,0.00
2/28/1986, 15.99 ,0.00
3/1/1986, 15.99 ,0.00
3/2/1986, 15.99 ,0.00
3/3/1986, 15.99 ,0.00
3/4/1986, 15.99 ,0.00
3/5/1986, 15.99 ,0.00
3/6/1986, 15.99 ,0.00
3/7/1986, 15.99 ,0.00
3/8/1986, 15.99 ,0.00
3/9/1986, 15.99 ,0.00
3/10/1986, 15.99 ,0.00
3/11/1986, 15.99 ,0.00
3/12/1986, 15.99 ,0.00
3/13/1986, 15.99 ,0.00
3/14/1986, 15.99 ,0.00
3/15/1986, 15.99 ,0.00
3/16/1986, 15.99 ,0.00
3/17/1986, 15.99 ,0.00
3/18/1986, 15.99 ,0.00
3/19/1986, 15.99 ,0.00
3/20/1986, 15.99 ,0.00
3/21/1986, 15.99 ,0.00
3/22/1986, 15.99 ,0.00
3/23/1986, 15.99 ,0.00
3/24/1986, 15.99 ,0.00
3/25/1986, 15.99 ,0.00
3/26/1986, 15.99 ,0.00
3/27/1986, 15.99 ,0.00
3/28/1986, 15.99 ,0.00
3/29/1986, 15.99 ,0.00
3/30/1986, 15.99 ,0.00
3/31/1986, 15.99 ,0.00
4/1/1986, 16.21 ,0.22
4/2/1986, 16.21 ,0.00
4/3/1986, 16.21 ,0.00
4/4/1986, 16.21 ,0.00
4/5/1986, 16.21 ,0.00
4/6/1986, 16.21 ,0.00
4/7/1986, 16.21 ,0.00
4/8/1986, 16.21 ,0.00
4/9/1986, 16.21 ,0.00
4/10/1986, 16.21 ,0.00
4/11/1986, 16.21 ,0.00
4/12/1986, 16.21 ,0.00
4/13/1986, 16.21 ,0.00
4/14/1986, 16.21 ,0.00
4/15/1986, 16.21 ,0.00
4/16/1986, 16.21 ,0.00
4/17/1986, 16.21 ,0.00
4/18/1986, 16.21 ,0.00
4/19/1986, 16.21 ,0.00
4/20/1986, 16.21 ,0.00
4/21/1986, 16.21 ,0.00
4/22/1986, 16.21 ,0.00
4/23/1986, 16.21 ,0.00
4/24/1986, 16.21 ,0.00
4/25/1986, 16.21 ,0.00
4/26/1986, 16.21 ,0.00
4/27/1986, 16.21 ,0.00
4/28/1986, 16.21 ,0.00
4/29/1986, 16.21 ,0.00
4/30/1986, 16.21 ,0.00
5/1/1986, 16.55 ,0.33
5/2/1986, 16.55 ,0.00
5/3/1986, 16.55 ,0.00
5/4/1986, 16.55 ,0.00
5/5/1986, 16.55 ,0.00
5/6/1986, 16.55 ,0.00
5/7/1986, 16.55 ,0.00
5/8/1986, 16.55 ,0.00
5/9/1986, 16.55 ,0.00
5/10/1986, 16.55 ,0.00
5/11/1986, 16.55 ,0.00
5/12/1986, 16.55 ,0.00
5/13/1986, 16.55 ,0.00
5/14/1986, 16.55 ,0.00
5/15/1986, 16.55 ,0.00
5/16/1986, 16.55 ,0.00
5/17/1986, 16.55 ,0.00
5/18/1986, 16.55 ,0.00
5/19/1986, 16.55 ,0.00
5/20/1986, 16.55 ,0.00
5/21/1986, 16.55 ,0.00
5/22/1986, 16.55 ,0.00
5/23/1986, 16.55 ,0.00
5/24/1986, 16.55 ,0.00
5/25/1986, 16.55 ,0.00
5/26/1986, 16.55 ,0.00
5/27/1986, 16.55 ,0.00
5/28/1986, 16.55 ,0.00
5/29/1986, 16.55 ,0.00
5/30/1986, 16.55 ,0.00
5/31/1986, 16.55 ,0.00
6/1/1986, 16.94 ,0.39
6/2/1986, 16.94 ,0.00
6/3/1986, 16.94 ,0.00
6/4/1986, 16.94 ,0.00
6/5/1986, 16.94 ,0.00
6/6/1986, 16.94 ,0.00
6/7/1986, 16.94 ,0.00
6/8/1986, 16.94 ,0.00
6/9/1986, 16.94 ,0.00
6/10/1986, 16.94 ,0.00
6/11/1986, 16.94 ,0.00
6/12/1986, 16.94 ,0.00
6/13/1986, 16.94 ,0.00
6/14/1986, 16.94 ,0.00
6/15/1986, 16.94 ,0.00
6/16/1986, 16.94 ,0.00
6/17/1986, 16.94 ,0.00
6/18/1986, 16.94 ,0.00
6/19/1986, 16.94 ,0.00
6/20/1986, 16.94 ,0.00
6/21/1986, 16.94 ,0.00
6/22/1986, 16.94 ,0.00
6/23/1986, 16.94 ,0.00
6/24/1986, 16.94 ,0.00
6/25/1986, 16.94 ,0.00
6/26/1986, 16.94 ,0.00
6/27/1986, 16.94 ,0.00
6/28/1986, 16.94 ,0.00
6/29/1986, 16.94 ,0.00
6/30/1986, 16.94 ,0.00
7/1/1986, 16.78 ,-0.16
7/2/1986, 16.78 ,0.00
7/3/1986, 16.78 ,0.00
7/4/1986, 16.78 ,0.00
7/5/1986, 16.78 ,0.00
7/6/1986, 16.78 ,0.00
7/7/1986, 16.78 ,0.00
7/8/1986, 16.78 ,0.00
7/9/1986, 16.78 ,0.00
7/10/1986, 16.78 ,0.00
7/11/1986, 16.78 ,0.00
7/12/1986, 16.78 ,0.00
7/13/1986, 16.78 ,0.00
7/14/1986, 16.78 ,0.00
7/15/1986, 16.78 ,0.00
7/16/1986, 16.78 ,0.00
7/17/1986, 16.78 ,0.00
7/18/1986, 16.78 ,0.00
7/19/1986, 16.78 ,0.00
7/20/1986, 16.78 ,0.00
7/21/1986, 16.78 ,0.00
7/22/1986, 16.78 ,0.00
7/23/1986, 16.78 ,0.00
7/24/1986, 16.78 ,0.00
7/25/1986, 16.78 ,0.00
7/26/1986, 16.78 ,0.00
7/27/1986, 16.78 ,0.00
7/28/1986, 16.78 ,0.00
7/29/1986, 16.78 ,0.00
7/30/1986, 16.78 ,0.00
7/31/1986, 16.78 ,0.00
8/1/1986, 16.91 ,0.13
8/2/1986, 16.91 ,0.00
8/3/1986, 16.91 ,0.00
8/4/1986, 16.91 ,0.00
8/5/1986, 16.91 ,0.00
8/6/1986, 16.91 ,0.00
8/7/1986, 16.91 ,0.00
8/8/1986, 16.91 ,0.00
8/9/1986, 16.91 ,0.00
8/10/1986, 16.91 ,0.00
8/11/1986, 16.91 ,0.00
8/12/1986, 16.91 ,0.00
8/13/1986, 16.91 ,0.00
8/14/1986, 16.91 ,0.00
8/15/1986, 16.91 ,0.00
8/16/1986, 16.91 ,0.00
8/17/1986, 16.91 ,0.00
8/18/1986, 16.91 ,0.00
8/19/1986, 16.91 ,0.00
8/20/1986, 16.91 ,0.00
8/21/1986, 16.91 ,0.00
8/22/1986, 16.91 ,0.00
8/23/1986, 16.91 ,0.00
8/24/1986, 16.91 ,0.00
8/25/1986, 16.91 ,0.00
8/26/1986, 16.91 ,0.00
8/27/1986, 16.91 ,0.00
8/28/1986, 16.91 ,0.00
8/29/1986, 16.91 ,0.00
8/30/1986, 16.91 ,0.00
8/31/1986, 16.91 ,0.00
9/1/1986, 17.00 ,0.08
9/2/1986, 17.00 ,0.00
9/3/1986, 17.00 ,0.00
9/4/1986, 17.00 ,0.00
9/5/1986, 17.00 ,0.00
9/6/1986, 17.00 ,0.00
9/7/1986, 17.00 ,0.00
9/8/1986, 17.00 ,0.00
9/9/1986, 17.00 ,0.00
9/10/1986, 17.00 ,0.00
9/11/1986, 17.00 ,0.00
9/12/1986, 17.00 ,0.00
9/13/1986, 17.00 ,0.00
9/14/1986, 17.00 ,0.00
9/15/1986, 17.00 ,0.00
9/16/1986, 17.00 ,0.00
9/17/1986, 17.00 ,0.00
9/18/1986, 17.00 ,0.00
9/19/1986, 17.00 ,0.00
9/20/1986, 17.00 ,0.00
9/21/1986, 17.00 ,0.00
9/22/1986, 17.00 ,0.00
9/23/1986, 17.00 ,0.00
9/24/1986, 17.00 ,0.00
9/25/1986, 17.00 ,0.00
9/26/1986, 17.00 ,0.00
9/27/1986, 17.00 ,0.00
9/28/1986, 17.00 ,0.00
9/29/1986, 17.00 ,0.00
9/30/1986, 17.00 ,0.00
10/1/1986, 17.07 ,0.08
10/2/1986, 17.07 ,0.00
10/3/1986, 17.07 ,0.00
10/4/1986, 17.07 ,0.00
10/5/1986, 17.07 ,0.00
10/6/1986, 17.07 ,0.00
10/7/1986, 17.07 ,0.00
10/8/1986, 17.07 ,0.00
10/9/1986, 17.07 ,0.00
10/10/1986, 17.07 ,0.00
10/11/1986, 17.07 ,0.00
10/12/1986, 17.07 ,0.00
10/13/1986, 17.07 ,0.00
10/14/1986, 17.07 ,0.00
10/15/1986, 17.07 ,0.00
10/16/1986, 17.07 ,0.00
10/17/1986, 17.07 ,0.00
10/18/1986, 17.07 ,0.00
10/19/1986, 17.07 ,0.00
10/20/1986, 17.07 ,0.00
10/21/1986, 17.07 ,0.00
10/22/1986, 17.07 ,0.00
10/23/1986, 17.07 ,0.00
10/24/1986, 17.07 ,0.00
10/25/1986, 17.07 ,0.00
10/26/1986, 17.07 ,0.00
10/27/1986, 17.07 ,0.00
10/28/1986, 17.07 ,0.00
10/29/1986, 17.07 ,0.00
10/30/1986, 17.07 ,0.00
10/31/1986, 17.07 ,0.00
11/1/1986, 17.26 ,0.19
11/2/1986, 17.26 ,0.00
11/3/1986, 17.26 ,0.00
11/4/1986, 17.26 ,0.00
11/5/1986, 17.26 ,0.00
11/6/1986, 17.26 ,0.00
11/7/1986, 17.26 ,0.00
11/8/1986, 17.26 ,0.00
11/9/1986, 17.26 ,0.00
11/10/1986, 17.26 ,0.00
11/11/1986, 17.26 ,0.00
11/12/1986, 17.26 ,0.00
11/13/1986, 17.26 ,0.00
11/14/1986, 17.26 ,0.00
11/15/1986, 17.26 ,0.00
11/16/1986, 17.26 ,0.00
11/17/1986, 17.26 ,0.00
11/18/1986, 17.26 ,0.00
11/19/1986, 17.26 ,0.00
11/20/1986, 17.26 ,0.00
11/21/1986, 17.26 ,0.00
11/22/1986, 17.26 ,0.00
11/23/1986, 17.26 ,0.00
11/24/1986, 17.26 ,0.00
11/25/1986, 17.26 ,0.00
11/26/1986, 17.26 ,0.00
11/27/1986, 17.26 ,0.00
11/28/1986, 17.26 ,0.00
11/29/1986, 17.26 ,0.00
11/30/1986, 17.26 ,0.00
12/1/1986, 17.26 ,0.00
12/2/1986, 17.26 ,0.00
12/3/1986, 17.26 ,0.00
12/4/1986, 17.26 ,0.00
12/5/1986, 17.26 ,0.00
12/6/1986, 17.26 ,0.00
12/7/1986, 17.26 ,0.00
12/8/1986, 17.26 ,0.00
12/9/1986, 17.26 ,0.00
12/10/1986, 17.26 ,0.00
12/11/1986, 17.26 ,0.00
12/12/1986, 17.26 ,0.00
12/13/1986, 17.26 ,0.00
12/14/1986, 17.26 ,0.00
12/15/1986, 17.26 ,0.00
12/16/1986, 17.26 ,0.00
12/17/1986, 17.26 ,0.00
12/18/1986, 17.26 ,0.00
12/19/1986, 17.26 ,0.00
12/20/1986, 17.26 ,0.00
12/21/1986, 17.26 ,0.00
12/22/1986, 17.26 ,0.00
12/23/1986, 17.26 ,0.00
12/24/1986, 17.26 ,0.00
12/25/1986, 17.26 ,0.00
12/26/1986, 17.26 ,0.00
12/27/1986, 17.26 ,0.00
12/28/1986, 17.26 ,0.00
12/29/1986, 17.26 ,0.00
12/30/1986, 17.26 ,0.00
12/31/1986, 17.26 ,0.00
1/1/1987, 17.26 ,0.00
1/2/1987, 17.26 ,0.00
1/3/1987, 17.26 ,0.00
1/4/1987, 17.26 ,0.00
1/5/1987, 17.26 ,0.00
1/6/1987, 17.26 ,0.00
1/7/1987, 17.26 ,0.00
1/8/1987, 17.26 ,0.00
1/9/1987, 17.26 ,0.00
1/10/1987, 17.26 ,0.00
1/11/1987, 17.26 ,0.00
1/12/1987, 17.26 ,0.00
1/13/1987, 17.26 ,0.00
1/14/1987, 17.26 ,0.00
1/15/1987, 17.26 ,0.00
1/16/1987, 17.26 ,0.00
1/17/1987, 17.26 ,0.00
1/18/1987, 17.26 ,0.00
1/19/1987, 17.26 ,0.00
1/20/1987, 17.26 ,0.00
1/21/1987, 17.26 ,0.00
1/22/1987, 17.26 ,0.00
1/23/1987, 17.26 ,0.00
1/24/1987, 17.26 ,0.00
1/25/1987, 17.26 ,0.00
1/26/1987, 17.26 ,0.00
1/27/1987, 17.26 ,0.00
1/28/1987, 17.26 ,0.00
1/29/1987, 17.26 ,0.00
1/30/1987, 17.26 ,0.00
1/31/1987, 17.26 ,0.00
2/1/1987, 17.26 ,0.00
2/2/1987, 17.26 ,0.00
2/3/1987, 17.26 ,0.00
2/4/1987, 17.26 ,0.00
2/5/1987, 17.26 ,0.00
2/6/1987, 17.26 ,0.00
2/7/1987, 17.26 ,0.00
2/8/1987, 17.26 ,0.00
2/9/1987, 17.26 ,0.00
2/10/1987, 17.26 ,0.00
2/11/1987, 17.26 ,0.00
2/12/1987, 17.26 ,0.00
2/13/1987, 17.26 ,0.00
2/14/1987, 17.26 ,0.00
2/15/1987, 17.26 ,0.00
2/16/1987, 17.26 ,0.00
2/17/1987, 17.26 ,0.00
2/18/1987, 17.26 ,0.00
2/19/1987, 17.26 ,0.00
2/20/1987, 17.26 ,0.00
2/21/1987, 17.26 ,0.00
2/22/1987, 17.26 ,0.00
2/23/1987, 17.26 ,0.00
2/24/1987, 17.26 ,0.00
2/25/1987, 17.26 ,0.00
2/26/1987, 17.26 ,0.00
2/27/1987, 17.26 ,0.00
2/28/1987, 17.26 ,0.00
3/1/1987, 17.32 ,0.06
3/2/1987, 17.32 ,0.00
3/3/1987, 17.32 ,0.00
3/4/1987, 17.32 ,0.00
3/5/1987, 17.32 ,0.00
3/6/1987, 17.32 ,0.00
3/7/1987, 17.32 ,0.00
3/8/1987, 17.32 ,0.00
3/9/1987, 17.32 ,0.00
3/10/1987, 17.32 ,0.00
3/11/1987, 17.32 ,0.00
3/12/1987, 17.32 ,0.00
3/13/1987, 17.32 ,0.00
3/14/1987, 17.32 ,0.00
3/15/1987, 17.32 ,0.00
3/16/1987, 17.32 ,0.00
3/17/1987, 17.32 ,0.00
3/18/1987, 17.32 ,0.00
3/19/1987, 17.32 ,0.00
3/20/1987, 17.32 ,0.00
3/21/1987, 17.32 ,0.00
3/22/1987, 17.32 ,0.00
3/23/1987, 17.32 ,0.00
3/24/1987, 17.32 ,0.00
3/25/1987, 17.32 ,0.00
3/26/1987, 17.32 ,0.00
3/27/1987, 17.32 ,0.00
3/28/1987, 17.32 ,0.00
3/29/1987, 17.32 ,0.00
3/30/1987, 17.32 ,0.00
3/31/1987, 17.32 ,0.00
4/1/1987, 17.31 ,0.00
4/2/1987, 17.31 ,0.00
4/3/1987, 17.31 ,0.00
4/4/1987, 17.31 ,0.00
4/5/1987, 17.31 ,0.00
4/6/1987, 17.31 ,0.00
4/7/1987, 17.31 ,0.00
4/8/1987, 17.31 ,0.00
4/9/1987, 17.31 ,0.00
4/10/1987, 17.31 ,0.00
4/11/1987, 17.31 ,0.00
4/12/1987, 17.31 ,0.00
4/13/1987, 17.31 ,0.00
4/14/1987, 17.31 ,0.00
4/15/1987, 17.31 ,0.00
4/16/1987, 17.31 ,0.00
4/17/1987, 17.31 ,0.00
4/18/1987, 17.31 ,0.00
4/19/1987, 17.31 ,0.00
4/20/1987, 17.31 ,0.00
4/21/1987, 17.31 ,0.00
4/22/1987, 17.31 ,0.00
4/23/1987, 17.31 ,0.00
4/24/1987, 17.31 ,0.00
4/25/1987, 17.31 ,0.00
4/26/1987, 17.31 ,0.00
4/27/1987, 17.31 ,0.00
4/28/1987, 17.31 ,0.00
4/29/1987, 17.31 ,0.00
4/30/1987, 17.31 ,0.00
5/1/1987, 17.34 ,0.03
5/2/1987, 17.34 ,0.00
5/3/1987, 17.34 ,0.00
5/4/1987, 17.34 ,0.00
5/5/1987, 17.34 ,0.00
5/6/1987, 17.34 ,0.00
5/7/1987, 17.34 ,0.00
5/8/1987, 17.34 ,0.00
5/9/1987, 17.34 ,0.00
5/10/1987, 17.34 ,0.00
5/11/1987, 17.34 ,0.00
5/12/1987, 17.34 ,0.00
5/13/1987, 17.34 ,0.00
5/14/1987, 17.34 ,0.00
5/15/1987, 17.34 ,0.00
5/16/1987, 17.34 ,0.00
5/17/1987, 17.34 ,0.00
5/18/1987, 17.34 ,0.00
5/19/1987, 17.34 ,0.00
5/20/1987, 17.34 ,0.00
5/21/1987, 17.34 ,0.00
5/22/1987, 17.34 ,0.00
5/23/1987, 17.34 ,0.00
5/24/1987, 17.34 ,0.00
5/25/1987, 17.34 ,0.00
5/26/1987, 17.34 ,0.00
5/27/1987, 17.34 ,0.00
5/28/1987, 17.34 ,0.00
5/29/1987, 17.34 ,0.00
5/30/1987, 17.34 ,0.00
5/31/1987, 17.34 ,0.00
6/1/1987, 17.39 ,0.05
6/2/1987, 17.39 ,0.00
6/3/1987, 17.39 ,0.00
6/4/1987, 17.39 ,0.00
6/5/1987, 17.39 ,0.00
6/6/1987, 17.39 ,0.00
6/7/1987, 17.39 ,0.00
6/8/1987, 17.39 ,0.00
6/9/1987, 17.39 ,0.00
6/10/1987, 17.39 ,0.00
6/11/1987, 17.39 ,0.00
6/12/1987, 17.39 ,0.00
6/13/1987, 17.39 ,0.00
6/14/1987, 17.39 ,0.00
6/15/1987, 17.39 ,0.00
6/16/1987, 17.39 ,0.00
6/17/1987, 17.39 ,0.00
6/18/1987, 17.39 ,0.00
6/19/1987, 17.39 ,0.00
6/20/1987, 17.39 ,0.00
6/21/1987, 17.39 ,0.00
6/22/1987, 17.39 ,0.00
6/23/1987, 17.39 ,0.00
6/24/1987, 17.39 ,0.00
6/25/1987, 17.39 ,0.00
6/26/1987, 17.39 ,0.00
6/27/1987, 17.39 ,0.00
6/28/1987, 17.39 ,0.00
6/29/1987, 17.39 ,0.00
6/30/1987, 17.39 ,0.00
7/1/1987, 17.49 ,0.10
7/2/1987, 17.49 ,0.00
7/3/1987, 17.49 ,0.00
7/4/1987, 17.49 ,0.00
7/5/1987, 17.49 ,0.00
7/6/1987, 17.49 ,0.00
7/7/1987, 17.49 ,0.00
7/8/1987, 17.49 ,0.00
7/9/1987, 17.49 ,0.00
7/10/1987, 17.49 ,0.00
7/11/1987, 17.49 ,0.00
7/12/1987, 17.49 ,0.00
7/13/1987, 17.49 ,0.00
7/14/1987, 17.49 ,0.00
7/15/1987, 17.49 ,0.00
7/16/1987, 17.49 ,0.00
7/17/1987, 17.49 ,0.00
7/18/1987, 17.49 ,0.00
7/19/1987, 17.49 ,0.00
7/20/1987, 17.49 ,0.00
7/21/1987, 17.49 ,0.00
7/22/1987, 17.49 ,0.00
7/23/1987, 17.49 ,0.00
7/24/1987, 17.49 ,0.00
7/25/1987, 17.49 ,0.00
7/26/1987, 17.49 ,0.00
7/27/1987, 17.49 ,0.00
7/28/1987, 17.49 ,0.00
7/29/1987, 17.49 ,0.00
7/30/1987, 17.49 ,0.00
7/31/1987, 17.49 ,0.00
8/1/1987, 17.60 ,0.11
8/2/1987, 17.60 ,0.00
8/3/1987, 17.60 ,0.00
8/4/1987, 17.60 ,0.00
8/5/1987, 17.60 ,0.00
8/6/1987, 17.60 ,0.00
8/7/1987, 17.60 ,0.00
8/8/1987, 17.60 ,0.00
8/9/1987, 17.60 ,0.00
8/10/1987, 17.60 ,0.00
8/11/1987, 17.60 ,0.00
8/12/1987, 17.60 ,0.00
8/13/1987, 17.60 ,0.00
8/14/1987, 17.60 ,0.00
8/15/1987, 17.60 ,0.00
8/16/1987, 17.60 ,0.00
8/17/1987, 17.60 ,0.00
8/18/1987, 17.60 ,0.00
8/19/1987, 17.60 ,0.00
8/20/1987, 17.60 ,0.00
8/21/1987, 17.60 ,0.00
8/22/1987, 17.60 ,0.00
8/23/1987, 17.60 ,0.00
8/24/1987, 17.60 ,0.00
8/25/1987, 17.60 ,0.00
8/26/1987, 17.60 ,0.00
8/27/1987, 17.60 ,0.00
8/28/1987, 17.60 ,0.00
8/29/1987, 17.60 ,0.00
8/30/1987, 17.60 ,0.00
8/31/1987, 17.60 ,0.00
9/1/1987, 17.56 ,-0.04
9/2/1987, 17.56 ,0.00
9/3/1987, 17.56 ,0.00
9/4/1987, 17.56 ,0.00
9/5/1987, 17.56 ,0.00
9/6/1987, 17.56 ,0.00
9/7/1987, 17.56 ,0.00
9/8/1987, 17.56 ,0.00
9/9/1987, 17.56 ,0.00
9/10/1987, 17.56 ,0.00
9/11/1987, 17.56 ,0.00
9/12/1987, 17.56 ,0.00
9/13/1987, 17.56 ,0.00
9/14/1987, 17.56 ,0.00
9/15/1987, 17.56 ,0.00
9/16/1987, 17.56 ,0.00
9/17/1987, 17.56 ,0.00
9/18/1987, 17.56 ,0.00
9/19/1987, 17.56 ,0.00
9/20/1987, 17.56 ,0.00
9/21/1987, 17.56 ,0.00
9/22/1987, 17.56 ,0.00
9/23/1987, 17.56 ,0.00
9/24/1987, 17.56 ,0.00
9/25/1987, 17.56 ,0.00
9/26/1987, 17.56 ,0.00
9/27/1987, 17.56 ,0.00
9/28/1987, 17.56 ,0.00
9/29/1987, 17.56 ,0.00
9/30/1987, 17.56 ,0.00
10/1/1987, 17.60 ,0.03
10/2/1987, 17.60 ,0.00
10/3/1987, 17.60 ,0.00
10/4/1987, 17.60 ,0.00
10/5/1987, 17.60 ,0.00
10/6/1987, 17.60 ,0.00
10/7/1987, 17.60 ,0.00
10/8/1987, 17.60 ,0.00
10/9/1987, 17.60 ,0.00
10/10/1987, 17.60 ,0.00
10/11/1987, 17.60 ,0.00
10/12/1987, 17.60 ,0.00
10/13/1987, 17.60 ,0.00
10/14/1987, 17.60 ,0.00
10/15/1987, 17.60 ,0.00
10/16/1987, 17.60 ,0.00
10/17/1987, 17.60 ,0.00
10/18/1987, 17.60 ,0.00
10/19/1987, 17.60 ,0.00
10/20/1987, 17.60 ,0.00
10/21/1987, 17.60 ,0.00
10/22/1987, 17.60 ,0.00
10/23/1987, 17.60 ,0.00
10/24/1987, 17.60 ,0.00
10/25/1987, 17.60 ,0.00
10/26/1987, 17.60 ,0.00
10/27/1987, 17.60 ,0.00
10/28/1987, 17.60 ,0.00
10/29/1987, 17.60 ,0.00
10/30/1987, 17.60 ,0.00
10/31/1987, 17.60 ,0.00
11/1/1987, 17.55 ,-0.05
11/2/1987, 17.55 ,0.00
11/3/1987, 17.55 ,0.00
11/4/1987, 17.55 ,0.00
11/5/1987, 17.55 ,0.00
11/6/1987, 17.55 ,0.00
11/7/1987, 17.55 ,0.00
11/8/1987, 17.55 ,0.00
11/9/1987, 17.55 ,0.00
11/10/1987, 17.55 ,0.00
11/11/1987, 17.55 ,0.00
11/12/1987, 17.55 ,0.00
11/13/1987, 17.55 ,0.00
11/14/1987, 17.55 ,0.00
11/15/1987, 17.55 ,0.00
11/16/1987, 17.55 ,0.00
11/17/1987, 17.55 ,0.00
11/18/1987, 17.55 ,0.00
11/19/1987, 17.55 ,0.00
11/20/1987, 17.55 ,0.00
11/21/1987, 17.55 ,0.00
11/22/1987, 17.55 ,0.00
11/23/1987, 17.55 ,0.00
11/24/1987, 17.55 ,0.00
11/25/1987, 17.55 ,0.00
11/26/1987, 17.55 ,0.00
11/27/1987, 17.55 ,0.00
11/28/1987, 17.55 ,0.00
11/29/1987, 17.55 ,0.00
11/30/1987, 17.55 ,0.00
12/1/1987, 17.49 ,-0.06
12/2/1987, 17.49 ,0.00
12/3/1987, 17.49 ,0.00
12/4/1987, 17.49 ,0.00
12/5/1987, 17.49 ,0.00
12/6/1987, 17.49 ,0.00
12/7/1987, 17.49 ,0.00
12/8/1987, 17.49 ,0.00
12/9/1987, 17.49 ,0.00
12/10/1987, 17.49 ,0.00
12/11/1987, 17.49 ,0.00
12/12/1987, 17.49 ,0.00
12/13/1987, 17.49 ,0.00
12/14/1987, 17.49 ,0.00
12/15/1987, 17.49 ,0.00
12/16/1987, 17.49 ,0.00
12/17/1987, 17.49 ,0.00
12/18/1987, 17.49 ,0.00
12/19/1987, 17.49 ,0.00
12/20/1987, 17.49 ,0.00
12/21/1987, 17.49 ,0.00
12/22/1987, 17.49 ,0.00
12/23/1987, 17.49 ,0.00
12/24/1987, 17.49 ,0.00
12/25/1987, 17.49 ,0.00
12/26/1987, 17.49 ,0.00
12/27/1987, 17.49 ,0.00
12/28/1987, 17.49 ,0.00
12/29/1987, 17.49 ,0.00
12/30/1987, 17.49 ,0.00
12/31/1987, 17.49 ,0.00
1/1/1988, 17.51 ,0.02
1/2/1988, 17.51 ,0.00
1/3/1988, 17.51 ,0.00
1/4/1988, 17.51 ,0.00
1/5/1988, 17.51 ,0.00
1/6/1988, 17.51 ,0.00
1/7/1988, 17.51 ,0.00
1/8/1988, 17.51 ,0.00
1/9/1988, 17.51 ,0.00
1/10/1988, 17.51 ,0.00
1/11/1988, 17.51 ,0.00
1/12/1988, 17.51 ,0.00
1/13/1988, 17.51 ,0.00
1/14/1988, 17.51 ,0.00
1/15/1988, 17.51 ,0.00
1/16/1988, 17.51 ,0.00
1/17/1988, 17.51 ,0.00
1/18/1988, 17.51 ,0.00
1/19/1988, 17.51 ,0.00
1/20/1988, 17.51 ,0.00
1/21/1988, 17.51 ,0.00
1/22/1988, 17.51 ,0.00
1/23/1988, 17.51 ,0.00
1/24/1988, 17.51 ,0.00
1/25/1988, 17.51 ,0.00
1/26/1988, 17.51 ,0.00
1/27/1988, 17.51 ,0.00
1/28/1988, 17.51 ,0.00
1/29/1988, 17.51 ,0.00
1/30/1988, 17.51 ,0.00
1/31/1988, 17.51 ,0.00
2/1/1988, 17.58 ,0.07
2/2/1988, 17.58 ,0.00
2/3/1988, 17.58 ,0.00
2/4/1988, 17.58 ,0.00
2/5/1988, 17.58 ,0.00
2/6/1988, 17.58 ,0.00
2/7/1988, 17.58 ,0.00
2/8/1988, 17.58 ,0.00
2/9/1988, 17.58 ,0.00
2/10/1988, 17.58 ,0.00
2/11/1988, 17.58 ,0.00
2/12/1988, 17.58 ,0.00
2/13/1988, 17.58 ,0.00
2/14/1988, 17.58 ,0.00
2/15/1988, 17.58 ,0.00
2/16/1988, 17.58 ,0.00
2/17/1988, 17.58 ,0.00
2/18/1988, 17.58 ,0.00
2/19/1988, 17.58 ,0.00
2/20/1988, 17.58 ,0.00
2/21/1988, 17.58 ,0.00
2/22/1988, 17.58 ,0.00
2/23/1988, 17.58 ,0.00
2/24/1988, 17.58 ,0.00
2/25/1988, 17.58 ,0.00
2/26/1988, 17.58 ,0.00
2/27/1988, 17.58 ,0.00
2/28/1988, 17.58 ,0.00
2/29/1988, 17.58 ,0.00
3/1/1988, 17.61 ,0.03
3/2/1988, 17.61 ,0.00
3/3/1988, 17.61 ,0.00
3/4/1988, 17.61 ,0.00
3/5/1988, 17.61 ,0.00
3/6/1988, 17.61 ,0.00
3/7/1988, 17.61 ,0.00
3/8/1988, 17.61 ,0.00
3/9/1988, 17.61 ,0.00
3/10/1988, 17.61 ,0.00
3/11/1988, 17.61 ,0.00
3/12/1988, 17.61 ,0.00
3/13/1988, 17.61 ,0.00
3/14/1988, 17.61 ,0.00
3/15/1988, 17.61 ,0.00
3/16/1988, 17.61 ,0.00
3/17/1988, 17.61 ,0.00
3/18/1988, 17.61 ,0.00
3/19/1988, 17.61 ,0.00
3/20/1988, 17.61 ,0.00
3/21/1988, 17.61 ,0.00
3/22/1988, 17.61 ,0.00
3/23/1988, 17.61 ,0.00
3/24/1988, 17.61 ,0.00
3/25/1988, 17.61 ,0.00
3/26/1988, 17.61 ,0.00
3/27/1988, 17.61 ,0.00
3/28/1988, 17.61 ,0.00
3/29/1988, 17.61 ,0.00
3/30/1988, 17.61 ,0.00
3/31/1988, 17.61 ,0.00
4/1/1988, 17.64 ,0.03
4/2/1988, 17.64 ,0.00
4/3/1988, 17.64 ,0.00
4/4/1988, 17.64 ,0.00
4/5/1988, 17.64 ,0.00
4/6/1988, 17.64 ,0.00
4/7/1988, 17.64 ,0.00
4/8/1988, 17.64 ,0.00
4/9/1988, 17.64 ,0.00
4/10/1988, 17.64 ,0.00
4/11/1988, 17.64 ,0.00
4/12/1988, 17.64 ,0.00
4/13/1988, 17.64 ,0.00
4/14/1988, 17.64 ,0.00
4/15/1988, 17.64 ,0.00
4/16/1988, 17.64 ,0.00
4/17/1988, 17.64 ,0.00
4/18/1988, 17.64 ,0.00
4/19/1988, 17.64 ,0.00
4/20/1988, 17.64 ,0.00
4/21/1988, 17.64 ,0.00
4/22/1988, 17.64 ,0.00
4/23/1988, 17.64 ,0.00
4/24/1988, 17.64 ,0.00
4/25/1988, 17.64 ,0.00
4/26/1988, 17.64 ,0.00
4/27/1988, 17.64 ,0.00
4/28/1988, 17.64 ,0.00
4/29/1988, 17.64 ,0.00
4/30/1988, 17.64 ,0.00
5/1/1988, 17.68 ,0.03
5/2/1988, 17.68 ,0.00
5/3/1988, 17.68 ,0.00
5/4/1988, 17.68 ,0.00
5/5/1988, 17.68 ,0.00
5/6/1988, 17.68 ,0.00
5/7/1988, 17.68 ,0.00
5/8/1988, 17.68 ,0.00
5/9/1988, 17.68 ,0.00
5/10/1988, 17.68 ,0.00
5/11/1988, 17.68 ,0.00
5/12/1988, 17.68 ,0.00
5/13/1988, 17.68 ,0.00
5/14/1988, 17.68 ,0.00
5/15/1988, 17.68 ,0.00
5/16/1988, 17.68 ,0.00
5/17/1988, 17.68 ,0.00
5/18/1988, 17.68 ,0.00
5/19/1988, 17.68 ,0.00
5/20/1988, 17.68 ,0.00
5/21/1988, 17.68 ,0.00
5/22/1988, 17.68 ,0.00
5/23/1988, 17.68 ,0.00
5/24/1988, 17.68 ,0.00
5/25/1988, 17.68 ,0.00
5/26/1988, 17.68 ,0.00
5/27/1988, 17.68 ,0.00
5/28/1988, 17.68 ,0.00
5/29/1988, 17.68 ,0.00
5/30/1988, 17.68 ,0.00
5/31/1988, 17.68 ,0.00
6/1/1988, 17.88 ,0.20
6/2/1988, 17.88 ,0.00
6/3/1988, 17.88 ,0.00
6/4/1988, 17.88 ,0.00
6/5/1988, 17.88 ,0.00
6/6/1988, 17.88 ,0.00
6/7/1988, 17.88 ,0.00
6/8/1988, 17.88 ,0.00
6/9/1988, 17.88 ,0.00
6/10/1988, 17.88 ,0.00
6/11/1988, 17.88 ,0.00
6/12/1988, 17.88 ,0.00
6/13/1988, 17.88 ,0.00
6/14/1988, 17.88 ,0.00
6/15/1988, 17.88 ,0.00
6/16/1988, 17.88 ,0.00
6/17/1988, 17.88 ,0.00
6/18/1988, 17.88 ,0.00
6/19/1988, 17.88 ,0.00
6/20/1988, 17.88 ,0.00
6/21/1988, 17.88 ,0.00
6/22/1988, 17.88 ,0.00
6/23/1988, 17.88 ,0.00
6/24/1988, 17.88 ,0.00
6/25/1988, 17.88 ,0.00
6/26/1988, 17.88 ,0.00
6/27/1988, 17.88 ,0.00
6/28/1988, 17.88 ,0.00
6/29/1988, 17.88 ,0.00
6/30/1988, 17.88 ,0.00
7/1/1988, 18.12 ,0.24
7/2/1988, 18.12 ,0.00
7/3/1988, 18.12 ,0.00
7/4/1988, 18.12 ,0.00
7/5/1988, 18.12 ,0.00
7/6/1988, 18.12 ,0.00
7/7/1988, 18.12 ,0.00
7/8/1988, 18.12 ,0.00
7/9/1988, 18.12 ,0.00
7/10/1988, 18.12 ,0.00
7/11/1988, 18.12 ,0.00
7/12/1988, 18.12 ,0.00
7/13/1988, 18.12 ,0.00
7/14/1988, 18.12 ,0.00
7/15/1988, 18.12 ,0.00
7/16/1988, 18.12 ,0.00
7/17/1988, 18.12 ,0.00
7/18/1988, 18.12 ,0.00
7/19/1988, 18.12 ,0.00
7/20/1988, 18.12 ,0.00
7/21/1988, 18.12 ,0.00
7/22/1988, 18.12 ,0.00
7/23/1988, 18.12 ,0.00
7/24/1988, 18.12 ,0.00
7/25/1988, 18.12 ,0.00
7/26/1988, 18.12 ,0.00
7/27/1988, 18.12 ,0.00
7/28/1988, 18.12 ,0.00
7/29/1988, 18.12 ,0.00
7/30/1988, 18.12 ,0.00
7/31/1988, 18.12 ,0.00
8/1/1988, 18.26 ,0.14
8/2/1988, 18.26 ,0.00
8/3/1988, 18.26 ,0.00
8/4/1988, 18.26 ,0.00
8/5/1988, 18.26 ,0.00
8/6/1988, 18.26 ,0.00
8/7/1988, 18.26 ,0.00
8/8/1988, 18.26 ,0.00
8/9/1988, 18.26 ,0.00
8/10/1988, 18.26 ,0.00
8/11/1988, 18.26 ,0.00
8/12/1988, 18.26 ,0.00
8/13/1988, 18.26 ,0.00
8/14/1988, 18.26 ,0.00
8/15/1988, 18.26 ,0.00
8/16/1988, 18.26 ,0.00
8/17/1988, 18.26 ,0.00
8/18/1988, 18.26 ,0.00
8/19/1988, 18.26 ,0.00
8/20/1988, 18.26 ,0.00
8/21/1988, 18.26 ,0.00
8/22/1988, 18.26 ,0.00
8/23/1988, 18.26 ,0.00
8/24/1988, 18.26 ,0.00
8/25/1988, 18.26 ,0.00
8/26/1988, 18.26 ,0.00
8/27/1988, 18.26 ,0.00
8/28/1988, 18.26 ,0.00
8/29/1988, 18.26 ,0.00
8/30/1988, 18.26 ,0.00
8/31/1988, 18.26 ,0.00
9/1/1988, 18.36 ,0.10
9/2/1988, 18.36 ,0.00
9/3/1988, 18.36 ,0.00
9/4/1988, 18.36 ,0.00
9/5/1988, 18.36 ,0.00
9/6/1988, 18.36 ,0.00
9/7/1988, 18.36 ,0.00
9/8/1988, 18.36 ,0.00
9/9/1988, 18.36 ,0.00
9/10/1988, 18.36 ,0.00
9/11/1988, 18.36 ,0.00
9/12/1988, 18.36 ,0.00
9/13/1988, 18.36 ,0.00
9/14/1988, 18.36 ,0.00
9/15/1988, 18.36 ,0.00
9/16/1988, 18.36 ,0.00
9/17/1988, 18.36 ,0.00
9/18/1988, 18.36 ,0.00
9/19/1988, 18.36 ,0.00
9/20/1988, 18.36 ,0.00
9/21/1988, 18.36 ,0.00
9/22/1988, 18.36 ,0.00
9/23/1988, 18.36 ,0.00
9/24/1988, 18.36 ,0.00
9/25/1988, 18.36 ,0.00
9/26/1988, 18.36 ,0.00
9/27/1988, 18.36 ,0.00
9/28/1988, 18.36 ,0.00
9/29/1988, 18.36 ,0.00
9/30/1988, 18.36 ,0.00
10/1/1988, 18.47 ,0.11
10/2/1988, 18.47 ,0.00
10/3/1988, 18.47 ,0.00
10/4/1988, 18.47 ,0.00
10/5/1988, 18.47 ,0.00
10/6/1988, 18.47 ,0.00
10/7/1988, 18.47 ,0.00
10/8/1988, 18.47 ,0.00
10/9/1988, 18.47 ,0.00
10/10/1988, 18.47 ,0.00
10/11/1988, 18.47 ,0.00
10/12/1988, 18.47 ,0.00
10/13/1988, 18.47 ,0.00
10/14/1988, 18.47 ,0.00
10/15/1988, 18.47 ,0.00
10/16/1988, 18.47 ,0.00
10/17/1988, 18.47 ,0.00
10/18/1988, 18.47 ,0.00
10/19/1988, 18.47 ,0.00
10/20/1988, 18.47 ,0.00
10/21/1988, 18.47 ,0.00
10/22/1988, 18.47 ,0.00
10/23/1988, 18.47 ,0.00
10/24/1988, 18.47 ,0.00
10/25/1988, 18.47 ,0.00
10/26/1988, 18.47 ,0.00
10/27/1988, 18.47 ,0.00
10/28/1988, 18.47 ,0.00
10/29/1988, 18.47 ,0.00
10/30/1988, 18.47 ,0.00
10/31/1988, 18.47 ,0.00
11/1/1988, 18.73 ,0.26
11/2/1988, 18.73 ,0.00
11/3/1988, 18.73 ,0.00
11/4/1988, 18.73 ,0.00
11/5/1988, 18.73 ,0.00
11/6/1988, 18.73 ,0.00
11/7/1988, 18.73 ,0.00
11/8/1988, 18.73 ,0.00
11/9/1988, 18.73 ,0.00
11/10/1988, 18.73 ,0.00
11/11/1988, 18.73 ,0.00
11/12/1988, 18.73 ,0.00
11/13/1988, 18.73 ,0.00
11/14/1988, 18.73 ,0.00
11/15/1988, 18.73 ,0.00
11/16/1988, 18.73 ,0.00
11/17/1988, 18.73 ,0.00
11/18/1988, 18.73 ,0.00
11/19/1988, 18.73 ,0.00
11/20/1988, 18.73 ,0.00
11/21/1988, 18.73 ,0.00
11/22/1988, 18.73 ,0.00
11/23/1988, 18.73 ,0.00
11/24/1988, 18.73 ,0.00
11/25/1988, 18.73 ,0.00
11/26/1988, 18.73 ,0.00
11/27/1988, 18.73 ,0.00
11/28/1988, 18.73 ,0.00
11/29/1988, 18.73 ,0.00
11/30/1988, 18.73 ,0.00
12/1/1988, 18.73 ,0.00
12/2/1988, 18.73 ,0.00
12/3/1988, 18.73 ,0.00
12/4/1988, 18.73 ,0.00
12/5/1988, 18.73 ,0.00
12/6/1988, 18.73 ,0.00
12/7/1988, 18.73 ,0.00
12/8/1988, 18.73 ,0.00
12/9/1988, 18.73 ,0.00
12/10/1988, 18.73 ,0.00
12/11/1988, 18.73 ,0.00
12/12/1988, 18.73 ,0.00
12/13/1988, 18.73 ,0.00
12/14/1988, 18.73 ,0.00
12/15/1988, 18.73 ,0.00
12/16/1988, 18.73 ,0.00
12/17/1988, 18.73 ,0.00
12/18/1988, 18.73 ,0.00
12/19/1988, 18.73 ,0.00
12/20/1988, 18.73 ,0.00
12/21/1988, 18.73 ,0.00
12/22/1988, 18.73 ,0.00
12/23/1988, 18.73 ,0.00
12/24/1988, 18.73 ,0.00
12/25/1988, 18.73 ,0.00
12/26/1988, 18.73 ,0.00
12/27/1988, 18.73 ,0.00
12/28/1988, 18.73 ,0.00
12/29/1988, 18.73 ,0.00
12/30/1988, 18.73 ,0.00
12/31/1988, 18.73 ,0.00
1/1/1989, 18.99 ,0.26
1/2/1989, 18.99 ,0.00
1/3/1989, 18.99 ,0.00
1/4/1989, 18.99 ,0.00
1/5/1989, 18.99 ,0.00
1/6/1989, 18.99 ,0.00
1/7/1989, 18.99 ,0.00
1/8/1989, 18.99 ,0.00
1/9/1989, 18.99 ,0.00
1/10/1989, 18.99 ,0.00
1/11/1989, 18.99 ,0.00
1/12/1989, 18.99 ,0.00
1/13/1989, 18.99 ,0.00
1/14/1989, 18.99 ,0.00
1/15/1989, 18.99 ,0.00
1/16/1989, 18.99 ,0.00
1/17/1989, 18.99 ,0.00
1/18/1989, 18.99 ,0.00
1/19/1989, 18.99 ,0.00
1/20/1989, 18.99 ,0.00
1/21/1989, 18.99 ,0.00
1/22/1989, 18.99 ,0.00
1/23/1989, 18.99 ,0.00
1/24/1989, 18.99 ,0.00
1/25/1989, 18.99 ,0.00
1/26/1989, 18.99 ,0.00
1/27/1989, 18.99 ,0.00
1/28/1989, 18.99 ,0.00
1/29/1989, 18.99 ,0.00
1/30/1989, 18.99 ,0.00
1/31/1989, 18.99 ,0.00
2/1/1989, 19.33 ,0.34
2/2/1989, 19.33 ,0.00
2/3/1989, 19.33 ,0.00
2/4/1989, 19.33 ,0.00
2/5/1989, 19.33 ,0.00
2/6/1989, 19.33 ,0.00
2/7/1989, 19.33 ,0.00
2/8/1989, 19.33 ,0.00
2/9/1989, 19.33 ,0.00
2/10/1989, 19.33 ,0.00
2/11/1989, 19.33 ,0.00
2/12/1989, 19.33 ,0.00
2/13/1989, 19.33 ,0.00
2/14/1989, 19.33 ,0.00
2/15/1989, 19.33 ,0.00
2/16/1989, 19.33 ,0.00
2/17/1989, 19.33 ,0.00
2/18/1989, 19.33 ,0.00
2/19/1989, 19.33 ,0.00
2/20/1989, 19.33 ,0.00
2/21/1989, 19.33 ,0.00
2/22/1989, 19.33 ,0.00
2/23/1989, 19.33 ,0.00
2/24/1989, 19.33 ,0.00
2/25/1989, 19.33 ,0.00
2/26/1989, 19.33 ,0.00
2/27/1989, 19.33 ,0.00
2/28/1989, 19.33 ,0.00
3/1/1989, 19.53 ,0.21
3/2/1989, 19.53 ,0.00
3/3/1989, 19.53 ,0.00
3/4/1989, 19.53 ,0.00
3/5/1989, 19.53 ,0.00
3/6/1989, 19.53 ,0.00
3/7/1989, 19.53 ,0.00
3/8/1989, 19.53 ,0.00
3/9/1989, 19.53 ,0.00
3/10/1989, 19.53 ,0.00
3/11/1989, 19.53 ,0.00
3/12/1989, 19.53 ,0.00
3/13/1989, 19.53 ,0.00
3/14/1989, 19.53 ,0.00
3/15/1989, 19.53 ,0.00
3/16/1989, 19.53 ,0.00
3/17/1989, 19.53 ,0.00
3/18/1989, 19.53 ,0.00
3/19/1989, 19.53 ,0.00
3/20/1989, 19.53 ,0.00
3/21/1989, 19.53 ,0.00
3/22/1989, 19.53 ,0.00
3/23/1989, 19.53 ,0.00
3/24/1989, 19.53 ,0.00
3/25/1989, 19.53 ,0.00
3/26/1989, 19.53 ,0.00
3/27/1989, 19.53 ,0.00
3/28/1989, 19.53 ,0.00
3/29/1989, 19.53 ,0.00
3/30/1989, 19.53 ,0.00
3/31/1989, 19.53 ,0.00
4/1/1989, 19.97 ,0.44
4/2/1989, 19.97 ,0.00
4/3/1989, 19.97 ,0.00
4/4/1989, 19.97 ,0.00
4/5/1989, 19.97 ,0.00
4/6/1989, 19.97 ,0.00
4/7/1989, 19.97 ,0.00
4/8/1989, 19.97 ,0.00
4/9/1989, 19.97 ,0.00
4/10/1989, 19.97 ,0.00
4/11/1989, 19.97 ,0.00
4/12/1989, 19.97 ,0.00
4/13/1989, 19.97 ,0.00
4/14/1989, 19.97 ,0.00
4/15/1989, 19.97 ,0.00
4/16/1989, 19.97 ,0.00
4/17/1989, 19.97 ,0.00
4/18/1989, 19.97 ,0.00
4/19/1989, 19.97 ,0.00
4/20/1989, 19.97 ,0.00
4/21/1989, 19.97 ,0.00
4/22/1989, 19.97 ,0.00
4/23/1989, 19.97 ,0.00
4/24/1989, 19.97 ,0.00
4/25/1989, 19.97 ,0.00
4/26/1989, 19.97 ,0.00
4/27/1989, 19.97 ,0.00
4/28/1989, 19.97 ,0.00
4/29/1989, 19.97 ,0.00
4/30/1989, 19.97 ,0.00
5/1/1989, 20.94 ,0.97
5/2/1989, 20.94 ,0.00
5/3/1989, 20.94 ,0.00
5/4/1989, 20.94 ,0.00
5/5/1989, 20.94 ,0.00
5/6/1989, 20.94 ,0.00
5/7/1989, 20.94 ,0.00
5/8/1989, 20.94 ,0.00
5/9/1989, 20.94 ,0.00
5/10/1989, 20.94 ,0.00
5/11/1989, 20.94 ,0.00
5/12/1989, 20.94 ,0.00
5/13/1989, 20.94 ,0.00
5/14/1989, 20.94 ,0.00
5/15/1989, 20.94 ,0.00
5/16/1989, 20.94 ,0.00
5/17/1989, 20.94 ,0.00
5/18/1989, 20.94 ,0.00
5/19/1989, 20.94 ,0.00
5/20/1989, 20.94 ,0.00
5/21/1989, 20.94 ,0.00
5/22/1989, 20.94 ,0.00
5/23/1989, 20.94 ,0.00
5/24/1989, 20.94 ,0.00
5/25/1989, 20.94 ,0.00
5/26/1989, 20.94 ,0.00
5/27/1989, 20.94 ,0.00
5/28/1989, 20.94 ,0.00
5/29/1989, 20.94 ,0.00
5/30/1989, 20.94 ,0.00
5/31/1989, 20.94 ,0.00
6/1/1989, 21.15 ,0.21
6/2/1989, 21.15 ,0.00
6/3/1989, 21.15 ,0.00
6/4/1989, 21.15 ,0.00
6/5/1989, 21.15 ,0.00
6/6/1989, 21.15 ,0.00
6/7/1989, 21.15 ,0.00
6/8/1989, 21.15 ,0.00
6/9/1989, 21.15 ,0.00
6/10/1989, 21.15 ,0.00
6/11/1989, 21.15 ,0.00
6/12/1989, 21.15 ,0.00
6/13/1989, 21.15 ,0.00
6/14/1989, 21.15 ,0.00
6/15/1989, 21.15 ,0.00
6/16/1989, 21.15 ,0.00
6/17/1989, 21.15 ,0.00
6/18/1989, 21.15 ,0.00
6/19/1989, 21.15 ,0.00
6/20/1989, 21.15 ,0.00
6/21/1989, 21.15 ,0.00
6/22/1989, 21.15 ,0.00
6/23/1989, 21.15 ,0.00
6/24/1989, 21.15 ,0.00
6/25/1989, 21.15 ,0.00
6/26/1989, 21.15 ,0.00
6/27/1989, 21.15 ,0.00
6/28/1989, 21.15 ,0.00
6/29/1989, 21.15 ,0.00
6/30/1989, 21.15 ,0.00
7/1/1989, 21.11 ,-0.05
7/2/1989, 21.11 ,0.00
7/3/1989, 21.11 ,0.00
7/4/1989, 21.11 ,0.00
7/5/1989, 21.11 ,0.00
7/6/1989, 21.11 ,0.00
7/7/1989, 21.11 ,0.00
7/8/1989, 21.11 ,0.00
7/9/1989, 21.11 ,0.00
7/10/1989, 21.11 ,0.00
7/11/1989, 21.11 ,0.00
7/12/1989, 21.11 ,0.00
7/13/1989, 21.11 ,0.00
7/14/1989, 21.11 ,0.00
7/15/1989, 21.11 ,0.00
7/16/1989, 21.11 ,0.00
7/17/1989, 21.11 ,0.00
7/18/1989, 21.11 ,0.00
7/19/1989, 21.11 ,0.00
7/20/1989, 21.11 ,0.00
7/21/1989, 21.11 ,0.00
7/22/1989, 21.11 ,0.00
7/23/1989, 21.11 ,0.00
7/24/1989, 21.11 ,0.00
7/25/1989, 21.11 ,0.00
7/26/1989, 21.11 ,0.00
7/27/1989, 21.11 ,0.00
7/28/1989, 21.11 ,0.00
7/29/1989, 21.11 ,0.00
7/30/1989, 21.11 ,0.00
7/31/1989, 21.11 ,0.00
8/1/1989, 21.10 ,0.00
8/2/1989, 21.10 ,0.00
8/3/1989, 21.10 ,0.00
8/4/1989, 21.10 ,0.00
8/5/1989, 21.10 ,0.00
8/6/1989, 21.10 ,0.00
8/7/1989, 21.10 ,0.00
8/8/1989, 21.10 ,0.00
8/9/1989, 21.10 ,0.00
8/10/1989, 21.10 ,0.00
8/11/1989, 21.10 ,0.00
8/12/1989, 21.10 ,0.00
8/13/1989, 21.10 ,0.00
8/14/1989, 21.10 ,0.00
8/15/1989, 21.10 ,0.00
8/16/1989, 21.10 ,0.00
8/17/1989, 21.10 ,0.00
8/18/1989, 21.10 ,0.00
8/19/1989, 21.10 ,0.00
8/20/1989, 21.10 ,0.00
8/21/1989, 21.10 ,0.00
8/22/1989, 21.10 ,0.00
8/23/1989, 21.10 ,0.00
8/24/1989, 21.10 ,0.00
8/25/1989, 21.10 ,0.00
8/26/1989, 21.10 ,0.00
8/27/1989, 21.10 ,0.00
8/28/1989, 21.10 ,0.00
8/29/1989, 21.10 ,0.00
8/30/1989, 21.10 ,0.00
8/31/1989, 21.10 ,0.00
9/1/1989, 21.11 ,0.01
9/2/1989, 21.11 ,0.00
9/3/1989, 21.11 ,0.00
9/4/1989, 21.11 ,0.00
9/5/1989, 21.11 ,0.00
9/6/1989, 21.11 ,0.00
9/7/1989, 21.11 ,0.00
9/8/1989, 21.11 ,0.00
9/9/1989, 21.11 ,0.00
9/10/1989, 21.11 ,0.00
9/11/1989, 21.11 ,0.00
9/12/1989, 21.11 ,0.00
9/13/1989, 21.11 ,0.00
9/14/1989, 21.11 ,0.00
9/15/1989, 21.11 ,0.00
9/16/1989, 21.11 ,0.00
9/17/1989, 21.11 ,0.00
9/18/1989, 21.11 ,0.00
9/19/1989, 21.11 ,0.00
9/20/1989, 21.11 ,0.00
9/21/1989, 21.11 ,0.00
9/22/1989, 21.11 ,0.00
9/23/1989, 21.11 ,0.00
9/24/1989, 21.11 ,0.00
9/25/1989, 21.11 ,0.00
9/26/1989, 21.11 ,0.00
9/27/1989, 21.11 ,0.00
9/28/1989, 21.11 ,0.00
9/29/1989, 21.11 ,0.00
9/30/1989, 21.11 ,0.00
10/1/1989, 21.17 ,0.06
10/2/1989, 21.17 ,0.00
10/3/1989, 21.17 ,0.00
10/4/1989, 21.17 ,0.00
10/5/1989, 21.17 ,0.00
10/6/1989, 21.17 ,0.00
10/7/1989, 21.17 ,0.00
10/8/1989, 21.17 ,0.00
10/9/1989, 21.17 ,0.00
10/10/1989, 21.17 ,0.00
10/11/1989, 21.17 ,0.00
10/12/1989, 21.17 ,0.00
10/13/1989, 21.17 ,0.00
10/14/1989, 21.17 ,0.00
10/15/1989, 21.17 ,0.00
10/16/1989, 21.17 ,0.00
10/17/1989, 21.17 ,0.00
10/18/1989, 21.17 ,0.00
10/19/1989, 21.17 ,0.00
10/20/1989, 21.17 ,0.00
10/21/1989, 21.17 ,0.00
10/22/1989, 21.17 ,0.00
10/23/1989, 21.17 ,0.00
10/24/1989, 21.17 ,0.00
10/25/1989, 21.17 ,0.00
10/26/1989, 21.17 ,0.00
10/27/1989, 21.17 ,0.00
10/28/1989, 21.17 ,0.00
10/29/1989, 21.17 ,0.00
10/30/1989, 21.17 ,0.00
10/31/1989, 21.17 ,0.00
11/1/1989, 21.36 ,0.19
11/2/1989, 21.36 ,0.00
11/3/1989, 21.36 ,0.00
11/4/1989, 21.36 ,0.00
11/5/1989, 21.36 ,0.00
11/6/1989, 21.36 ,0.00
11/7/1989, 21.36 ,0.00
11/8/1989, 21.36 ,0.00
11/9/1989, 21.36 ,0.00
11/10/1989, 21.36 ,0.00
11/11/1989, 21.36 ,0.00
11/12/1989, 21.36 ,0.00
11/13/1989, 21.36 ,0.00
11/14/1989, 21.36 ,0.00
11/15/1989, 21.36 ,0.00
11/16/1989, 21.36 ,0.00
11/17/1989, 21.36 ,0.00
11/18/1989, 21.36 ,0.00
11/19/1989, 21.36 ,0.00
11/20/1989, 21.36 ,0.00
11/21/1989, 21.36 ,0.00
11/22/1989, 21.36 ,0.00
11/23/1989, 21.36 ,0.00
11/24/1989, 21.36 ,0.00
11/25/1989, 21.36 ,0.00
11/26/1989, 21.36 ,0.00
11/27/1989, 21.36 ,0.00
11/28/1989, 21.36 ,0.00
11/29/1989, 21.36 ,0.00
11/30/1989, 21.36 ,0.00
12/1/1989, 21.44 ,0.08
12/2/1989, 21.44 ,0.00
12/3/1989, 21.44 ,0.00
12/4/1989, 21.44 ,0.00
12/5/1989, 21.44 ,0.00
12/6/1989, 21.44 ,0.00
12/7/1989, 21.44 ,0.00
12/8/1989, 21.44 ,0.00
12/9/1989, 21.44 ,0.00
12/10/1989, 21.44 ,0.00
12/11/1989, 21.44 ,0.00
12/12/1989, 21.44 ,0.00
12/13/1989, 21.44 ,0.00
12/14/1989, 21.44 ,0.00
12/15/1989, 21.44 ,0.00
12/16/1989, 21.44 ,0.00
12/17/1989, 21.44 ,0.00
12/18/1989, 21.44 ,0.00
12/19/1989, 21.44 ,0.00
12/20/1989, 21.44 ,0.00
12/21/1989, 21.44 ,0.00
12/22/1989, 21.44 ,0.00
12/23/1989, 21.44 ,0.00
12/24/1989, 21.44 ,0.00
12/25/1989, 21.44 ,0.00
12/26/1989, 21.44 ,0.00
12/27/1989, 21.44 ,0.00
12/28/1989, 21.44 ,0.00
12/29/1989, 21.44 ,0.00
12/30/1989, 21.44 ,0.00
12/31/1989, 21.44 ,0.00
1/1/1990, 21.47 ,0.04
1/2/1990, 21.47 ,0.00
1/3/1990, 21.47 ,0.00
1/4/1990, 21.47 ,0.00
1/5/1990, 21.47 ,0.00
1/6/1990, 21.47 ,0.00
1/7/1990, 21.47 ,0.00
1/8/1990, 21.47 ,0.00
1/9/1990, 21.47 ,0.00
1/10/1990, 21.47 ,0.00
1/11/1990, 21.47 ,0.00
1/12/1990, 21.47 ,0.00
1/13/1990, 21.47 ,0.00
1/14/1990, 21.47 ,0.00
1/15/1990, 21.47 ,0.00
1/16/1990, 21.47 ,0.00
1/17/1990, 21.47 ,0.00
1/18/1990, 21.47 ,0.00
1/19/1990, 21.47 ,0.00
1/20/1990, 21.47 ,0.00
1/21/1990, 21.47 ,0.00
1/22/1990, 21.47 ,0.00
1/23/1990, 21.47 ,0.00
1/24/1990, 21.47 ,0.00
1/25/1990, 21.47 ,0.00
1/26/1990, 21.47 ,0.00
1/27/1990, 21.47 ,0.00
1/28/1990, 21.47 ,0.00
1/29/1990, 21.47 ,0.00
1/30/1990, 21.47 ,0.00
1/31/1990, 21.47 ,0.00
2/1/1990, 21.47 ,0.00
2/2/1990, 21.47 ,0.00
2/3/1990, 21.47 ,0.00
2/4/1990, 21.47 ,0.00
2/5/1990, 21.47 ,0.00
2/6/1990, 21.47 ,0.00
2/7/1990, 21.47 ,0.00
2/8/1990, 21.47 ,0.00
2/9/1990, 21.47 ,0.00
2/10/1990, 21.47 ,0.00
2/11/1990, 21.47 ,0.00
2/12/1990, 21.47 ,0.00
2/13/1990, 21.47 ,0.00
2/14/1990, 21.47 ,0.00
2/15/1990, 21.47 ,0.00
2/16/1990, 21.47 ,0.00
2/17/1990, 21.47 ,0.00
2/18/1990, 21.47 ,0.00
2/19/1990, 21.47 ,0.00
2/20/1990, 21.47 ,0.00
2/21/1990, 21.47 ,0.00
2/22/1990, 21.47 ,0.00
2/23/1990, 21.47 ,0.00
2/24/1990, 21.47 ,0.00
2/25/1990, 21.47 ,0.00
2/26/1990, 21.47 ,0.00
2/27/1990, 21.47 ,0.00
2/28/1990, 21.47 ,0.00
3/1/1990, 21.48 ,0.01
3/2/1990, 21.48 ,0.00
3/3/1990, 21.48 ,0.00
3/4/1990, 21.48 ,0.00
3/5/1990, 21.48 ,0.00
3/6/1990, 21.48 ,0.00
3/7/1990, 21.48 ,0.00
3/8/1990, 21.48 ,0.00
3/9/1990, 21.48 ,0.00
3/10/1990, 21.48 ,0.00
3/11/1990, 21.48 ,0.00
3/12/1990, 21.48 ,0.00
3/13/1990, 21.48 ,0.00
3/14/1990, 21.48 ,0.00
3/15/1990, 21.48 ,0.00
3/16/1990, 21.48 ,0.00
3/17/1990, 21.48 ,0.00
3/18/1990, 21.48 ,0.00
3/19/1990, 21.48 ,0.00
3/20/1990, 21.48 ,0.00
3/21/1990, 21.48 ,0.00
3/22/1990, 21.48 ,0.00
3/23/1990, 21.48 ,0.00
3/24/1990, 21.48 ,0.00
3/25/1990, 21.48 ,0.00
3/26/1990, 21.48 ,0.00
3/27/1990, 21.48 ,0.00
3/28/1990, 21.48 ,0.00
3/29/1990, 21.48 ,0.00
3/30/1990, 21.48 ,0.00
3/31/1990, 21.48 ,0.00
4/1/1990, 21.75 ,0.27
4/2/1990, 21.75 ,0.00
4/3/1990, 21.75 ,0.00
4/4/1990, 21.75 ,0.00
4/5/1990, 21.75 ,0.00
4/6/1990, 21.75 ,0.00
4/7/1990, 21.75 ,0.00
4/8/1990, 21.75 ,0.00
4/9/1990, 21.75 ,0.00
4/10/1990, 21.75 ,0.00
4/11/1990, 21.75 ,0.00
4/12/1990, 21.75 ,0.00
4/13/1990, 21.75 ,0.00
4/14/1990, 21.75 ,0.00
4/15/1990, 21.75 ,0.00
4/16/1990, 21.75 ,0.00
4/17/1990, 21.75 ,0.00
4/18/1990, 21.75 ,0.00
4/19/1990, 21.75 ,0.00
4/20/1990, 21.75 ,0.00
4/21/1990, 21.75 ,0.00
4/22/1990, 21.75 ,0.00
4/23/1990, 21.75 ,0.00
4/24/1990, 21.75 ,0.00
4/25/1990, 21.75 ,0.00
4/26/1990, 21.75 ,0.00
4/27/1990, 21.75 ,0.00
4/28/1990, 21.75 ,0.00
4/29/1990, 21.75 ,0.00
4/30/1990, 21.75 ,0.00
5/1/1990, 21.96 ,0.21
5/2/1990, 21.96 ,0.00
5/3/1990, 21.96 ,0.00
5/4/1990, 21.96 ,0.00
5/5/1990, 21.96 ,0.00
5/6/1990, 21.96 ,0.00
5/7/1990, 21.96 ,0.00
5/8/1990, 21.96 ,0.00
5/9/1990, 21.96 ,0.00
5/10/1990, 21.96 ,0.00
5/11/1990, 21.96 ,0.00
5/12/1990, 21.96 ,0.00
5/13/1990, 21.96 ,0.00
5/14/1990, 21.96 ,0.00
5/15/1990, 21.96 ,0.00
5/16/1990, 21.96 ,0.00
5/17/1990, 21.96 ,0.00
5/18/1990, 21.96 ,0.00
5/19/1990, 21.96 ,0.00
5/20/1990, 21.96 ,0.00
5/21/1990, 21.96 ,0.00
5/22/1990, 21.96 ,0.00
5/23/1990, 21.96 ,0.00
5/24/1990, 21.96 ,0.00
5/25/1990, 21.96 ,0.00
5/26/1990, 21.96 ,0.00
5/27/1990, 21.96 ,0.00
5/28/1990, 21.96 ,0.00
5/29/1990, 21.96 ,0.00
5/30/1990, 21.96 ,0.00
5/31/1990, 21.96 ,0.00
6/1/1990, 21.92 ,-0.04
6/2/1990, 21.92 ,0.00
6/3/1990, 21.92 ,0.00
6/4/1990, 21.92 ,0.00
6/5/1990, 21.92 ,0.00
6/6/1990, 21.92 ,0.00
6/7/1990, 21.92 ,0.00
6/8/1990, 21.92 ,0.00
6/9/1990, 21.92 ,0.00
6/10/1990, 21.92 ,0.00
6/11/1990, 21.92 ,0.00
6/12/1990, 21.92 ,0.00
6/13/1990, 21.92 ,0.00
6/14/1990, 21.92 ,0.00
6/15/1990, 21.92 ,0.00
6/16/1990, 21.92 ,0.00
6/17/1990, 21.92 ,0.00
6/18/1990, 21.92 ,0.00
6/19/1990, 21.92 ,0.00
6/20/1990, 21.92 ,0.00
6/21/1990, 21.92 ,0.00
6/22/1990, 21.92 ,0.00
6/23/1990, 21.92 ,0.00
6/24/1990, 21.92 ,0.00
6/25/1990, 21.92 ,0.00
6/26/1990, 21.92 ,0.00
6/27/1990, 21.92 ,0.00
6/28/1990, 21.92 ,0.00
6/29/1990, 21.92 ,0.00
6/30/1990, 21.92 ,0.00
7/1/1990, 21.79 ,-0.13
7/2/1990, 21.79 ,0.00
7/3/1990, 21.79 ,0.00
7/4/1990, 21.79 ,0.00
7/5/1990, 21.79 ,0.00
7/6/1990, 21.79 ,0.00
7/7/1990, 21.79 ,0.00
7/8/1990, 21.79 ,0.00
7/9/1990, 21.79 ,0.00
7/10/1990, 21.79 ,0.00
7/11/1990, 21.79 ,0.00
7/12/1990, 21.79 ,0.00
7/13/1990, 21.79 ,0.00
7/14/1990, 21.79 ,0.00
7/15/1990, 21.79 ,0.00
7/16/1990, 21.79 ,0.00
7/17/1990, 21.79 ,0.00
7/18/1990, 21.79 ,0.00
7/19/1990, 21.79 ,0.00
7/20/1990, 21.79 ,0.00
7/21/1990, 21.79 ,0.00
7/22/1990, 21.79 ,0.00
7/23/1990, 21.79 ,0.00
7/24/1990, 21.79 ,0.00
7/25/1990, 21.79 ,0.00
7/26/1990, 21.79 ,0.00
7/27/1990, 21.79 ,0.00
7/28/1990, 21.79 ,0.00
7/29/1990, 21.79 ,0.00
7/30/1990, 21.79 ,0.00
7/31/1990, 21.79 ,0.00
8/1/1990, 21.81 ,0.01
8/2/1990, 21.81 ,0.00
8/3/1990, 21.81 ,0.00
8/4/1990, 21.81 ,0.00
8/5/1990, 21.81 ,0.00
8/6/1990, 21.81 ,0.00
8/7/1990, 21.81 ,0.00
8/8/1990, 21.81 ,0.00
8/9/1990, 21.81 ,0.00
8/10/1990, 21.81 ,0.00
8/11/1990, 21.81 ,0.00
8/12/1990, 21.81 ,0.00
8/13/1990, 21.81 ,0.00
8/14/1990, 21.81 ,0.00
8/15/1990, 21.81 ,0.00
8/16/1990, 21.81 ,0.00
8/17/1990, 21.81 ,0.00
8/18/1990, 21.81 ,0.00
8/19/1990, 21.81 ,0.00
8/20/1990, 21.81 ,0.00
8/21/1990, 21.81 ,0.00
8/22/1990, 21.81 ,0.00
8/23/1990, 21.81 ,0.00
8/24/1990, 21.81 ,0.00
8/25/1990, 21.81 ,0.00
8/26/1990, 21.81 ,0.00
8/27/1990, 21.81 ,0.00
8/28/1990, 21.81 ,0.00
8/29/1990, 21.81 ,0.00
8/30/1990, 21.81 ,0.00
8/31/1990, 21.81 ,0.00
9/1/1990, 21.79 ,-0.01
9/2/1990, 21.79 ,0.00
9/3/1990, 21.79 ,0.00
9/4/1990, 21.79 ,0.00
9/5/1990, 21.79 ,0.00
9/6/1990, 21.79 ,0.00
9/7/1990, 21.79 ,0.00
9/8/1990, 21.79 ,0.00
9/9/1990, 21.79 ,0.00
9/10/1990, 21.79 ,0.00
9/11/1990, 21.79 ,0.00
9/12/1990, 21.79 ,0.00
9/13/1990, 21.79 ,0.00
9/14/1990, 21.79 ,0.00
9/15/1990, 21.79 ,0.00
9/16/1990, 21.79 ,0.00
9/17/1990, 21.79 ,0.00
9/18/1990, 21.79 ,0.00
9/19/1990, 21.79 ,0.00
9/20/1990, 21.79 ,0.00
9/21/1990, 21.79 ,0.00
9/22/1990, 21.79 ,0.00
9/23/1990, 21.79 ,0.00
9/24/1990, 21.79 ,0.00
9/25/1990, 21.79 ,0.00
9/26/1990, 21.79 ,0.00
9/27/1990, 21.79 ,0.00
9/28/1990, 21.79 ,0.00
9/29/1990, 21.79 ,0.00
9/30/1990, 21.79 ,0.00
10/1/1990, 21.84 ,0.05
10/2/1990, 21.84 ,0.00
10/3/1990, 21.84 ,0.00
10/4/1990, 21.84 ,0.00
10/5/1990, 21.84 ,0.00
10/6/1990, 21.84 ,0.00
10/7/1990, 21.84 ,0.00
10/8/1990, 21.84 ,0.00
10/9/1990, 21.84 ,0.00
10/10/1990, 21.84 ,0.00
10/11/1990, 21.84 ,0.00
10/12/1990, 21.84 ,0.00
10/13/1990, 21.84 ,0.00
10/14/1990, 21.84 ,0.00
10/15/1990, 21.84 ,0.00
10/16/1990, 21.84 ,0.00
10/17/1990, 21.84 ,0.00
10/18/1990, 21.84 ,0.00
10/19/1990, 21.84 ,0.00
10/20/1990, 21.84 ,0.00
10/21/1990, 21.84 ,0.00
10/22/1990, 21.84 ,0.00
10/23/1990, 21.84 ,0.00
10/24/1990, 21.84 ,0.00
10/25/1990, 21.84 ,0.00
10/26/1990, 21.84 ,0.00
10/27/1990, 21.84 ,0.00
10/28/1990, 21.84 ,0.00
10/29/1990, 21.84 ,0.00
10/30/1990, 21.84 ,0.00
10/31/1990, 21.84 ,0.00
11/1/1990, 21.91 ,0.07
11/2/1990, 21.91 ,0.00
11/3/1990, 21.91 ,0.00
11/4/1990, 21.91 ,0.00
11/5/1990, 21.91 ,0.00
11/6/1990, 21.91 ,0.00
11/7/1990, 21.91 ,0.00
11/8/1990, 21.91 ,0.00
11/9/1990, 21.91 ,0.00
11/10/1990, 21.91 ,0.00
11/11/1990, 21.91 ,0.00
11/12/1990, 21.91 ,0.00
11/13/1990, 21.91 ,0.00
11/14/1990, 21.91 ,0.00
11/15/1990, 21.91 ,0.00
11/16/1990, 21.91 ,0.00
11/17/1990, 21.91 ,0.00
11/18/1990, 21.91 ,0.00
11/19/1990, 21.91 ,0.00
11/20/1990, 21.91 ,0.00
11/21/1990, 21.91 ,0.00
11/22/1990, 21.91 ,0.00
11/23/1990, 21.91 ,0.00
11/24/1990, 21.91 ,0.00
11/25/1990, 21.91 ,0.00
11/26/1990, 21.91 ,0.00
11/27/1990, 21.91 ,0.00
11/28/1990, 21.91 ,0.00
11/29/1990, 21.91 ,0.00
11/30/1990, 21.91 ,0.00
12/1/1990, 21.91 ,0.00
12/2/1990, 21.91 ,0.00
12/3/1990, 21.91 ,0.00
12/4/1990, 21.91 ,0.00
12/5/1990, 21.91 ,0.00
12/6/1990, 21.91 ,0.00
12/7/1990, 21.91 ,0.00
12/8/1990, 21.91 ,0.00
12/9/1990, 21.91 ,0.00
12/10/1990, 21.91 ,0.00
12/11/1990, 21.91 ,0.00
12/12/1990, 21.91 ,0.00
12/13/1990, 21.91 ,0.00
12/14/1990, 21.91 ,0.00
12/15/1990, 21.91 ,0.00
12/16/1990, 21.91 ,0.00
12/17/1990, 21.91 ,0.00
12/18/1990, 21.91 ,0.00
12/19/1990, 21.91 ,0.00
12/20/1990, 21.91 ,0.00
12/21/1990, 21.91 ,0.00
12/22/1990, 21.91 ,0.00
12/23/1990, 21.91 ,0.00
12/24/1990, 21.91 ,0.00
12/25/1990, 21.91 ,0.00
12/26/1990, 21.91 ,0.00
12/27/1990, 21.91 ,0.00
12/28/1990, 21.91 ,0.00
12/29/1990, 21.91 ,0.00
12/30/1990, 21.91 ,0.00
12/31/1990, 21.91 ,0.00
1/1/1991, 22.13 ,0.22
1/2/1991, 22.13 ,0.00
1/3/1991, 22.13 ,0.00
1/4/1991, 22.13 ,0.00
1/5/1991, 22.13 ,0.00
1/6/1991, 22.13 ,0.00
1/7/1991, 22.13 ,0.00
1/8/1991, 22.13 ,0.00
1/9/1991, 22.13 ,0.00
1/10/1991, 22.13 ,0.00
1/11/1991, 22.13 ,0.00
1/12/1991, 22.13 ,0.00
1/13/1991, 22.13 ,0.00
1/14/1991, 22.13 ,0.00
1/15/1991, 22.13 ,0.00
1/16/1991, 22.13 ,0.00
1/17/1991, 22.13 ,0.00
1/18/1991, 22.13 ,0.00
1/19/1991, 22.13 ,0.00
1/20/1991, 22.13 ,0.00
1/21/1991, 22.13 ,0.00
1/22/1991, 22.13 ,0.00
1/23/1991, 22.13 ,0.00
1/24/1991, 22.13 ,0.00
1/25/1991, 22.13 ,0.00
1/26/1991, 22.13 ,0.00
1/27/1991, 22.13 ,0.00
1/28/1991, 22.13 ,0.00
1/29/1991, 22.13 ,0.00
1/30/1991, 22.13 ,0.00
1/31/1991, 22.13 ,0.00
2/1/1991, 22.21 ,0.08
2/2/1991, 22.21 ,0.00
2/3/1991, 22.21 ,0.00
2/4/1991, 22.21 ,0.00
2/5/1991, 22.21 ,0.00
2/6/1991, 22.21 ,0.00
2/7/1991, 22.21 ,0.00
2/8/1991, 22.21 ,0.00
2/9/1991, 22.21 ,0.00
2/10/1991, 22.21 ,0.00
2/11/1991, 22.21 ,0.00
2/12/1991, 22.21 ,0.00
2/13/1991, 22.21 ,0.00
2/14/1991, 22.21 ,0.00
2/15/1991, 22.21 ,0.00
2/16/1991, 22.21 ,0.00
2/17/1991, 22.21 ,0.00
2/18/1991, 22.21 ,0.00
2/19/1991, 22.21 ,0.00
2/20/1991, 22.21 ,0.00
2/21/1991, 22.21 ,0.00
2/22/1991, 22.21 ,0.00
2/23/1991, 22.21 ,0.00
2/24/1991, 22.21 ,0.00
2/25/1991, 22.21 ,0.00
2/26/1991, 22.21 ,0.00
2/27/1991, 22.21 ,0.00
2/28/1991, 22.21 ,0.00
3/1/1991, 22.56 ,0.36
3/2/1991, 22.56 ,0.00
3/3/1991, 22.56 ,0.00
3/4/1991, 22.56 ,0.00
3/5/1991, 22.56 ,0.00
3/6/1991, 22.56 ,0.00
3/7/1991, 22.56 ,0.00
3/8/1991, 22.56 ,0.00
3/9/1991, 22.56 ,0.00
3/10/1991, 22.56 ,0.00
3/11/1991, 22.56 ,0.00
3/12/1991, 22.56 ,0.00
3/13/1991, 22.56 ,0.00
3/14/1991, 22.56 ,0.00
3/15/1991, 22.56 ,0.00
3/16/1991, 22.56 ,0.00
3/17/1991, 22.56 ,0.00
3/18/1991, 22.56 ,0.00
3/19/1991, 22.56 ,0.00
3/20/1991, 22.56 ,0.00
3/21/1991, 22.56 ,0.00
3/22/1991, 22.56 ,0.00
3/23/1991, 22.56 ,0.00
3/24/1991, 22.56 ,0.00
3/25/1991, 22.56 ,0.00
3/26/1991, 22.56 ,0.00
3/27/1991, 22.56 ,0.00
3/28/1991, 22.56 ,0.00
3/29/1991, 22.56 ,0.00
3/30/1991, 22.56 ,0.00
3/31/1991, 22.56 ,0.00
4/1/1991, 23.25 ,0.69
4/2/1991, 23.25 ,0.00
4/3/1991, 23.25 ,0.00
4/4/1991, 23.25 ,0.00
4/5/1991, 23.25 ,0.00
4/6/1991, 23.25 ,0.00
4/7/1991, 23.25 ,0.00
4/8/1991, 23.25 ,0.00
4/9/1991, 23.25 ,0.00
4/10/1991, 23.25 ,0.00
4/11/1991, 23.25 ,0.00
4/12/1991, 23.25 ,0.00
4/13/1991, 23.25 ,0.00
4/14/1991, 23.25 ,0.00
4/15/1991, 23.25 ,0.00
4/16/1991, 23.25 ,0.00
4/17/1991, 23.25 ,0.00
4/18/1991, 23.25 ,0.00
4/19/1991, 23.25 ,0.00
4/20/1991, 23.25 ,0.00
4/21/1991, 23.25 ,0.00
4/22/1991, 23.25 ,0.00
4/23/1991, 23.25 ,0.00
4/24/1991, 23.25 ,0.00
4/25/1991, 23.25 ,0.00
4/26/1991, 23.25 ,0.00
4/27/1991, 23.25 ,0.00
4/28/1991, 23.25 ,0.00
4/29/1991, 23.25 ,0.00
4/30/1991, 23.25 ,0.00
5/1/1991, 23.74 ,0.49
5/2/1991, 23.74 ,0.00
5/3/1991, 23.74 ,0.00
5/4/1991, 23.74 ,0.00
5/5/1991, 23.74 ,0.00
5/6/1991, 23.74 ,0.00
5/7/1991, 23.74 ,0.00
5/8/1991, 23.74 ,0.00
5/9/1991, 23.74 ,0.00
5/10/1991, 23.74 ,0.00
5/11/1991, 23.74 ,0.00
5/12/1991, 23.74 ,0.00
5/13/1991, 23.74 ,0.00
5/14/1991, 23.74 ,0.00
5/15/1991, 23.74 ,0.00
5/16/1991, 23.74 ,0.00
5/17/1991, 23.74 ,0.00
5/18/1991, 23.74 ,0.00
5/19/1991, 23.74 ,0.00
5/20/1991, 23.74 ,0.00
5/21/1991, 23.74 ,0.00
5/22/1991, 23.74 ,0.00
5/23/1991, 23.74 ,0.00
5/24/1991, 23.74 ,0.00
5/25/1991, 23.74 ,0.00
5/26/1991, 23.74 ,0.00
5/27/1991, 23.74 ,0.00
5/28/1991, 23.74 ,0.00
5/29/1991, 23.74 ,0.00
5/30/1991, 23.74 ,0.00
5/31/1991, 23.74 ,0.00
6/1/1991, 24.12 ,0.38
6/2/1991, 24.12 ,0.00
6/3/1991, 24.12 ,0.00
6/4/1991, 24.12 ,0.00
6/5/1991, 24.12 ,0.00
6/6/1991, 24.12 ,0.00
6/7/1991, 24.12 ,0.00
6/8/1991, 24.12 ,0.00
6/9/1991, 24.12 ,0.00
6/10/1991, 24.12 ,0.00
6/11/1991, 24.12 ,0.00
6/12/1991, 24.12 ,0.00
6/13/1991, 24.12 ,0.00
6/14/1991, 24.12 ,0.00
6/15/1991, 24.12 ,0.00
6/16/1991, 24.12 ,0.00
6/17/1991, 24.12 ,0.00
6/18/1991, 24.12 ,0.00
6/19/1991, 24.12 ,0.00
6/20/1991, 24.12 ,0.00
6/21/1991, 24.12 ,0.00
6/22/1991, 24.12 ,0.00
6/23/1991, 24.12 ,0.00
6/24/1991, 24.12 ,0.00
6/25/1991, 24.12 ,0.00
6/26/1991, 24.12 ,0.00
6/27/1991, 24.12 ,0.00
6/28/1991, 24.12 ,0.00
6/29/1991, 24.12 ,0.00
6/30/1991, 24.12 ,0.00
7/1/1991, 24.63 ,0.50
7/2/1991, 24.63 ,0.00
7/3/1991, 24.63 ,0.00
7/4/1991, 24.63 ,0.00
7/5/1991, 24.63 ,0.00
7/6/1991, 24.63 ,0.00
7/7/1991, 24.63 ,0.00
7/8/1991, 24.63 ,0.00
7/9/1991, 24.63 ,0.00
7/10/1991, 24.63 ,0.00
7/11/1991, 24.63 ,0.00
7/12/1991, 24.63 ,0.00
7/13/1991, 24.63 ,0.00
7/14/1991, 24.63 ,0.00
7/15/1991, 24.63 ,0.00
7/16/1991, 24.63 ,0.00
7/17/1991, 24.63 ,0.00
7/18/1991, 24.63 ,0.00
7/19/1991, 24.63 ,0.00
7/20/1991, 24.63 ,0.00
7/21/1991, 24.63 ,0.00
7/22/1991, 24.63 ,0.00
7/23/1991, 24.63 ,0.00
7/24/1991, 24.63 ,0.00
7/25/1991, 24.63 ,0.00
7/26/1991, 24.63 ,0.00
7/27/1991, 24.63 ,0.00
7/28/1991, 24.63 ,0.00
7/29/1991, 24.63 ,0.00
7/30/1991, 24.63 ,0.00
7/31/1991, 24.63 ,0.00
8/1/1991, 24.72 ,0.09
8/2/1991, 24.72 ,0.00
8/3/1991, 24.72 ,0.00
8/4/1991, 24.72 ,0.00
8/5/1991, 24.72 ,0.00
8/6/1991, 24.72 ,0.00
8/7/1991, 24.72 ,0.00
8/8/1991, 24.72 ,0.00
8/9/1991, 24.72 ,0.00
8/10/1991, 24.72 ,0.00
8/11/1991, 24.72 ,0.00
8/12/1991, 24.72 ,0.00
8/13/1991, 24.72 ,0.00
8/14/1991, 24.72 ,0.00
8/15/1991, 24.72 ,0.00
8/16/1991, 24.72 ,0.00
8/17/1991, 24.72 ,0.00
8/18/1991, 24.72 ,0.00
8/19/1991, 24.72 ,0.00
8/20/1991, 24.72 ,0.00
8/21/1991, 24.72 ,0.00
8/22/1991, 24.72 ,0.00
8/23/1991, 24.72 ,0.00
8/24/1991, 24.72 ,0.00
8/25/1991, 24.72 ,0.00
8/26/1991, 24.72 ,0.00
8/27/1991, 24.72 ,0.00
8/28/1991, 24.72 ,0.00
8/29/1991, 24.72 ,0.00
8/30/1991, 24.72 ,0.00
8/31/1991, 24.72 ,0.00
9/1/1991, 24.72 ,0.00
9/2/1991, 24.72 ,0.00
9/3/1991, 24.72 ,0.00
9/4/1991, 24.72 ,0.00
9/5/1991, 24.72 ,0.00
9/6/1991, 24.72 ,0.00
9/7/1991, 24.72 ,0.00
9/8/1991, 24.72 ,0.00
9/9/1991, 24.72 ,0.00
9/10/1991, 24.72 ,0.00
9/11/1991, 24.72 ,0.00
9/12/1991, 24.72 ,0.00
9/13/1991, 24.72 ,0.00
9/14/1991, 24.72 ,0.00
9/15/1991, 24.72 ,0.00
9/16/1991, 24.72 ,0.00
9/17/1991, 24.72 ,0.00
9/18/1991, 24.72 ,0.00
9/19/1991, 24.72 ,0.00
9/20/1991, 24.72 ,0.00
9/21/1991, 24.72 ,0.00
9/22/1991, 24.72 ,0.00
9/23/1991, 24.72 ,0.00
9/24/1991, 24.72 ,0.00
9/25/1991, 24.72 ,0.00
9/26/1991, 24.72 ,0.00
9/27/1991, 24.72 ,0.00
9/28/1991, 24.72 ,0.00
9/29/1991, 24.72 ,0.00
9/30/1991, 24.72 ,0.00
10/1/1991, 24.68 ,-0.04
10/2/1991, 24.68 ,0.00
10/3/1991, 24.68 ,0.00
10/4/1991, 24.68 ,0.00
10/5/1991, 24.68 ,0.00
10/6/1991, 24.68 ,0.00
10/7/1991, 24.68 ,0.00
10/8/1991, 24.68 ,0.00
10/9/1991, 24.68 ,0.00
10/10/1991, 24.68 ,0.00
10/11/1991, 24.68 ,0.00
10/12/1991, 24.68 ,0.00
10/13/1991, 24.68 ,0.00
10/14/1991, 24.68 ,0.00
10/15/1991, 24.68 ,0.00
10/16/1991, 24.68 ,0.00
10/17/1991, 24.68 ,0.00
10/18/1991, 24.68 ,0.00
10/19/1991, 24.68 ,0.00
10/20/1991, 24.68 ,0.00
10/21/1991, 24.68 ,0.00
10/22/1991, 24.68 ,0.00
10/23/1991, 24.68 ,0.00
10/24/1991, 24.68 ,0.00
10/25/1991, 24.68 ,0.00
10/26/1991, 24.68 ,0.00
10/27/1991, 24.68 ,0.00
10/28/1991, 24.68 ,0.00
10/29/1991, 24.68 ,0.00
10/30/1991, 24.68 ,0.00
10/31/1991, 24.68 ,0.00
11/1/1991, 24.77 ,0.09
11/2/1991, 24.77 ,0.00
11/3/1991, 24.77 ,0.00
11/4/1991, 24.77 ,0.00
11/5/1991, 24.77 ,0.00
11/6/1991, 24.77 ,0.00
11/7/1991, 24.77 ,0.00
11/8/1991, 24.77 ,0.00
11/9/1991, 24.77 ,0.00
11/10/1991, 24.77 ,0.00
11/11/1991, 24.77 ,0.00
11/12/1991, 24.77 ,0.00
11/13/1991, 24.77 ,0.00
11/14/1991, 24.77 ,0.00
11/15/1991, 24.77 ,0.00
11/16/1991, 24.77 ,0.00
11/17/1991, 24.77 ,0.00
11/18/1991, 24.77 ,0.00
11/19/1991, 24.77 ,0.00
11/20/1991, 24.77 ,0.00
11/21/1991, 24.77 ,0.00
11/22/1991, 24.77 ,0.00
11/23/1991, 24.77 ,0.00
11/24/1991, 24.77 ,0.00
11/25/1991, 24.77 ,0.00
11/26/1991, 24.77 ,0.00
11/27/1991, 24.77 ,0.00
11/28/1991, 24.77 ,0.00
11/29/1991, 24.77 ,0.00
11/30/1991, 24.77 ,0.00
12/1/1991, 24.79 ,0.02
12/2/1991, 24.79 ,0.00
12/3/1991, 24.79 ,0.00
12/4/1991, 24.79 ,0.00
12/5/1991, 24.79 ,0.00
12/6/1991, 24.79 ,0.00
12/7/1991, 24.79 ,0.00
12/8/1991, 24.79 ,0.00
12/9/1991, 24.79 ,0.00
12/10/1991, 24.79 ,0.00
12/11/1991, 24.79 ,0.00
12/12/1991, 24.79 ,0.00
12/13/1991, 24.79 ,0.00
12/14/1991, 24.79 ,0.00
12/15/1991, 24.79 ,0.00
12/16/1991, 24.79 ,0.00
12/17/1991, 24.79 ,0.00
12/18/1991, 24.79 ,0.00
12/19/1991, 24.79 ,0.00
12/20/1991, 24.79 ,0.00
12/21/1991, 24.79 ,0.00
12/22/1991, 24.79 ,0.00
12/23/1991, 24.79 ,0.00
12/24/1991, 24.79 ,0.00
12/25/1991, 24.79 ,0.00
12/26/1991, 24.79 ,0.00
12/27/1991, 24.79 ,0.00
12/28/1991, 24.79 ,0.00
12/29/1991, 24.79 ,0.00
12/30/1991, 24.79 ,0.00
12/31/1991, 24.79 ,0.00
1/1/1992, 24.75 ,-0.04
1/2/1992, 24.75 ,0.00
1/3/1992, 24.75 ,0.00
1/4/1992, 24.75 ,0.00
1/5/1992, 24.75 ,0.00
1/6/1992, 24.75 ,0.00
1/7/1992, 24.75 ,0.00
1/8/1992, 24.75 ,0.00
1/9/1992, 24.75 ,0.00
1/10/1992, 24.75 ,0.00
1/11/1992, 24.75 ,0.00
1/12/1992, 24.75 ,0.00
1/13/1992, 24.75 ,0.00
1/14/1992, 24.75 ,0.00
1/15/1992, 24.75 ,0.00
1/16/1992, 24.75 ,0.00
1/17/1992, 24.75 ,0.00
1/18/1992, 24.75 ,0.00
1/19/1992, 24.75 ,0.00
1/20/1992, 24.75 ,0.00
1/21/1992, 24.75 ,0.00
1/22/1992, 24.75 ,0.00
1/23/1992, 24.75 ,0.00
1/24/1992, 24.75 ,0.00
1/25/1992, 24.75 ,0.00
1/26/1992, 24.75 ,0.00
1/27/1992, 24.75 ,0.00
1/28/1992, 24.75 ,0.00
1/29/1992, 24.75 ,0.00
1/30/1992, 24.75 ,0.00
1/31/1992, 24.75 ,0.00
2/1/1992, 24.80 ,0.05
2/2/1992, 24.80 ,0.00
2/3/1992, 24.80 ,0.00
2/4/1992, 24.80 ,0.00
2/5/1992, 24.80 ,0.00
2/6/1992, 24.80 ,0.00
2/7/1992, 24.80 ,0.00
2/8/1992, 24.80 ,0.00
2/9/1992, 24.80 ,0.00
2/10/1992, 24.80 ,0.00
2/11/1992, 24.80 ,0.00
2/12/1992, 24.80 ,0.00
2/13/1992, 24.80 ,0.00
2/14/1992, 24.80 ,0.00
2/15/1992, 24.80 ,0.00
2/16/1992, 24.80 ,0.00
2/17/1992, 24.80 ,0.00
2/18/1992, 24.80 ,0.00
2/19/1992, 24.80 ,0.00
2/20/1992, 24.80 ,0.00
2/21/1992, 24.80 ,0.00
2/22/1992, 24.80 ,0.00
2/23/1992, 24.80 ,0.00
2/24/1992, 24.80 ,0.00
2/25/1992, 24.80 ,0.00
2/26/1992, 24.80 ,0.00
2/27/1992, 24.80 ,0.00
2/28/1992, 24.80 ,0.00
2/29/1992, 24.80 ,0.00
3/1/1992, 24.80 ,0.00
3/2/1992, 24.76 ,-0.04
3/3/1992, 24.79 ,0.03
3/4/1992, 24.79 ,0.00
3/5/1992, 24.79 ,0.00
3/6/1992, 24.79 ,0.00
3/7/1992, 24.79 ,0.00
3/8/1992, 24.79 ,0.00
3/9/1992, 24.79 ,0.00
3/10/1992, 24.84 ,0.05
3/11/1992, 24.84 ,0.00
3/12/1992, 24.84 ,0.00
3/13/1992, 24.84 ,0.00
3/14/1992, 24.84 ,0.00
3/15/1992, 24.84 ,0.00
3/16/1992, 24.96 ,0.12
3/17/1992, 24.96 ,0.00
3/18/1992, 24.96 ,0.00
3/19/1992, 24.96 ,0.00
3/20/1992, 24.96 ,0.00
3/21/1992, 24.96 ,0.00
3/22/1992, 24.96 ,0.00
3/23/1992, 24.96 ,0.00
3/24/1992, 24.96 ,0.00
3/25/1992, 24.96 ,0.00
3/26/1992, 25.04 ,0.08
3/27/1992, 25.04 ,0.00
3/28/1992, 25.04 ,0.00
3/29/1992, 25.04 ,0.00
3/30/1992, 25.04 ,0.00
3/31/1992, 25.04 ,0.00
4/1/1992, 25.04 ,0.00
4/2/1992, 25.04 ,0.00
4/3/1992, 25.04 ,0.00
4/4/1992, 25.04 ,0.00
4/5/1992, 25.04 ,0.00
4/6/1992, 25.04 ,0.00
4/7/1992, 25.04 ,0.00
4/8/1992, 25.04 ,0.00
4/9/1992, 25.04 ,0.00
4/10/1992, 25.04 ,0.00
4/11/1992, 25.04 ,0.00
4/12/1992, 25.04 ,0.00
4/13/1992, 25.04 ,0.00
4/14/1992, 25.04 ,0.00
4/15/1992, 25.04 ,0.00
4/16/1992, 25.11 ,0.07
4/17/1992, 25.11 ,0.00
4/18/1992, 25.11 ,0.00
4/19/1992, 25.11 ,0.00
4/20/1992, 25.11 ,0.00
4/21/1992, 25.11 ,0.00
4/22/1992, 25.11 ,0.00
4/23/1992, 25.11 ,0.00
4/24/1992, 25.11 ,0.00
4/25/1992, 25.11 ,0.00
4/26/1992, 25.11 ,0.00
4/27/1992, 25.11 ,0.00
4/28/1992, 25.11 ,0.00
4/29/1992, 25.11 ,0.00
4/30/1992, 25.11 ,0.00
5/1/1992, 25.11 ,0.00
5/2/1992, 25.11 ,0.00
5/3/1992, 25.11 ,0.00
5/4/1992, 25.11 ,0.00
5/5/1992, 25.16 ,0.05
5/6/1992, 25.16 ,0.00
5/7/1992, 25.16 ,0.00
5/8/1992, 25.16 ,0.00
5/9/1992, 25.16 ,0.00
5/10/1992, 25.16 ,0.00
5/11/1992, 25.16 ,0.00
5/12/1992, 25.16 ,0.00
5/13/1992, 25.16 ,0.00
5/14/1992, 25.16 ,0.00
5/15/1992, 25.16 ,0.00
5/16/1992, 25.16 ,0.00
5/17/1992, 25.16 ,0.00
5/18/1992, 25.16 ,0.00
5/19/1992, 25.16 ,0.00
5/20/1992, 25.16 ,0.00
5/21/1992, 25.16 ,0.00
5/22/1992, 25.16 ,0.00
5/23/1992, 25.16 ,0.00
5/24/1992, 25.16 ,0.00
5/25/1992, 25.16 ,0.00
5/26/1992, 25.16 ,0.00
5/27/1992, 25.16 ,0.00
5/28/1992, 25.16 ,0.00
5/29/1992, 25.16 ,0.00
5/30/1992, 25.16 ,0.00
5/31/1992, 25.16 ,0.00
6/1/1992, 25.16 ,0.00
6/2/1992, 25.16 ,0.00
6/3/1992, 25.16 ,0.00
6/4/1992, 25.16 ,0.00
6/5/1992, 25.16 ,0.00
6/6/1992, 25.16 ,0.00
6/7/1992, 25.16 ,0.00
6/8/1992, 25.16 ,0.00
6/9/1992, 25.19 ,0.03
6/10/1992, 25.19 ,0.00
6/11/1992, 25.19 ,0.00
6/12/1992, 25.19 ,0.00
6/13/1992, 25.19 ,0.00
6/14/1992, 25.19 ,0.00
6/15/1992, 25.19 ,0.00
6/16/1992, 25.19 ,0.00
6/17/1992, 25.19 ,0.00
6/18/1992, 25.19 ,0.00
6/19/1992, 25.19 ,0.00
6/20/1992, 25.19 ,0.00
6/21/1992, 25.19 ,0.00
6/22/1992, 25.19 ,0.00
6/23/1992, 25.19 ,0.00
6/24/1992, 25.19 ,0.00
6/25/1992, 25.19 ,0.00
6/26/1992, 25.19 ,0.00
6/27/1992, 25.19 ,0.00
6/28/1992, 25.19 ,0.00
6/29/1992, 25.19 ,0.00
6/30/1992, 25.19 ,0.00
7/1/1992, 25.19 ,0.00
7/2/1992, 25.19 ,0.00
7/3/1992, 25.19 ,0.00
7/4/1992, 25.19 ,0.00
7/5/1992, 25.19 ,0.00
7/6/1992, 25.19 ,0.00
7/7/1992, 25.19 ,0.00
7/8/1992, 25.19 ,0.00
7/9/1992, 25.19 ,0.00
7/10/1992, 25.19 ,0.00
7/11/1992, 25.19 ,0.00
7/12/1992, 25.19 ,0.00
7/13/1992, 25.19 ,0.00
7/14/1992, 25.19 ,0.00
7/15/1992, 25.19 ,0.00
7/16/1992, 25.19 ,0.00
7/17/1992, 25.19 ,0.00
7/18/1992, 25.19 ,0.00
7/19/1992, 25.19 ,0.00
7/20/1992, 25.19 ,0.00
7/21/1992, 25.19 ,0.00
7/22/1992, 25.19 ,0.00
7/23/1992, 25.19 ,0.00
7/24/1992, 25.19 ,0.00
7/25/1992, 25.19 ,0.00
7/26/1992, 25.19 ,0.00
7/27/1992, 25.19 ,0.00
7/28/1992, 25.19 ,0.00
7/29/1992, 25.19 ,0.00
7/30/1992, 25.19 ,0.00
7/31/1992, 25.19 ,0.00
8/1/1992, 25.19 ,0.00
8/2/1992, 25.19 ,0.00
8/3/1992, 25.19 ,0.00
8/4/1992, 25.19 ,0.00
8/5/1992, 25.19 ,0.00
8/6/1992, 25.19 ,0.00
8/7/1992, 25.19 ,0.00
8/8/1992, 25.19 ,0.00
8/9/1992, 25.19 ,0.00
8/10/1992, 25.19 ,0.00
8/11/1992, 25.19 ,0.00
8/12/1992, 25.19 ,0.00
8/13/1992, 25.19 ,0.00
8/14/1992, 25.19 ,0.00
8/15/1992, 25.19 ,0.00
8/16/1992, 25.19 ,0.00
8/17/1992, 25.19 ,0.00
8/18/1992, 25.19 ,0.00
8/19/1992, 25.19 ,0.00
8/20/1992, 25.19 ,0.00
8/21/1992, 25.19 ,0.00
8/22/1992, 25.19 ,0.00
8/23/1992, 25.19 ,0.00
8/24/1992, 25.19 ,0.00
8/25/1992, 25.19 ,0.00
8/26/1992, 25.19 ,0.00
8/27/1992, 25.19 ,0.00
8/28/1992, 25.19 ,0.00
8/29/1992, 25.19 ,0.00
8/30/1992, 25.19 ,0.00
8/31/1992, 25.19 ,0.00
9/1/1992, 25.19 ,0.00
9/2/1992, 25.19 ,0.00
9/3/1992, 25.19 ,0.00
9/4/1992, 25.19 ,0.00
9/5/1992, 25.19 ,0.00
9/6/1992, 25.19 ,0.00
9/7/1992, 25.19 ,0.00
9/8/1992, 25.19 ,0.00
9/9/1992, 25.19 ,0.00
9/10/1992, 25.19 ,0.00
9/11/1992, 25.19 ,0.00
9/12/1992, 25.19 ,0.00
9/13/1992, 25.19 ,0.00
9/14/1992, 25.19 ,0.00
9/15/1992, 25.19 ,0.00
9/16/1992, 25.19 ,0.00
9/17/1992, 25.19 ,0.00
9/18/1992, 25.19 ,0.00
9/19/1992, 25.19 ,0.00
9/20/1992, 25.19 ,0.00
9/21/1992, 25.19 ,0.00
9/22/1992, 25.19 ,0.00
9/23/1992, 25.19 ,0.00
9/24/1992, 25.19 ,0.00
9/25/1992, 25.19 ,0.00
9/26/1992, 25.19 ,0.00
9/27/1992, 25.19 ,0.00
9/28/1992, 25.19 ,0.00
9/29/1992, 25.19 ,0.00
9/30/1992, 25.19 ,0.00
10/1/1992, 25.19 ,0.00
10/2/1992, 25.19 ,0.00
10/3/1992, 25.19 ,0.00
10/4/1992, 25.19 ,0.00
10/5/1992, 25.19 ,0.00
10/6/1992, 25.19 ,0.00
10/7/1992, 25.19 ,0.00
10/8/1992, 25.19 ,0.00
10/9/1992, 25.19 ,0.00
10/10/1992, 25.19 ,0.00
10/11/1992, 25.19 ,0.00
10/12/1992, 25.19 ,0.00
10/13/1992, 25.19 ,0.00
10/14/1992, 25.19 ,0.00
10/15/1992, 25.19 ,0.00
10/16/1992, 25.19 ,0.00
10/17/1992, 25.19 ,0.00
10/18/1992, 25.19 ,0.00
10/19/1992, 25.19 ,0.00
10/20/1992, 25.19 ,0.00
10/21/1992, 25.19 ,0.00
10/22/1992, 25.19 ,0.00
10/23/1992, 25.19 ,0.00
10/24/1992, 25.19 ,0.00
10/25/1992, 25.19 ,0.00
10/26/1992, 25.19 ,0.00
10/27/1992, 25.19 ,0.00
10/28/1992, 25.19 ,0.00
10/29/1992, 25.19 ,0.00
10/30/1992, 25.19 ,0.00
10/31/1992, 25.19 ,0.00
11/1/1992, 25.19 ,0.00
11/2/1992, 25.19 ,0.00
11/3/1992, 25.19 ,0.00
11/4/1992, 25.19 ,0.00
11/5/1992, 25.19 ,0.00
11/6/1992, 25.19 ,0.00
11/7/1992, 25.19 ,0.00
11/8/1992, 25.19 ,0.00
11/9/1992, 25.19 ,0.00
11/10/1992, 25.19 ,0.00
11/11/1992, 25.19 ,0.00
11/12/1992, 25.19 ,0.00
11/13/1992, 25.19 ,0.00
11/14/1992, 25.19 ,0.00
11/15/1992, 25.19 ,0.00
11/16/1992, 25.19 ,0.00
11/17/1992, 25.19 ,0.00
11/18/1992, 25.19 ,0.00
11/19/1992, 25.19 ,0.00
11/20/1992, 25.19 ,0.00
11/21/1992, 25.19 ,0.00
11/22/1992, 25.19 ,0.00
11/23/1992, 25.19 ,0.00
11/24/1992, 25.19 ,0.00
11/25/1992, 25.19 ,0.00
11/26/1992, 25.19 ,0.00
11/27/1992, 25.19 ,0.00
11/28/1992, 25.19 ,0.00
11/29/1992, 25.19 ,0.00
11/30/1992, 25.19 ,0.00
12/1/1992, 25.19 ,0.00
12/2/1992, 25.19 ,0.00
12/3/1992, 25.19 ,0.00
12/4/1992, 25.19 ,0.00
12/5/1992, 25.19 ,0.00
12/6/1992, 25.19 ,0.00
12/7/1992, 25.19 ,0.00
12/8/1992, 25.19 ,0.00
12/9/1992, 25.19 ,0.00
12/10/1992, 25.19 ,0.00
12/11/1992, 25.19 ,0.00
12/12/1992, 25.19 ,0.00
12/13/1992, 25.19 ,0.00
12/14/1992, 25.19 ,0.00
12/15/1992, 25.19 ,0.00
12/16/1992, 25.19 ,0.00
12/17/1992, 25.19 ,0.00
12/18/1992, 25.19 ,0.00
12/19/1992, 25.19 ,0.00
12/20/1992, 25.19 ,0.00
12/21/1992, 25.19 ,0.00
12/22/1992, 25.19 ,0.00
12/23/1992, 25.19 ,0.00
12/24/1992, 25.19 ,0.00
12/25/1992, 25.19 ,0.00
12/26/1992, 25.19 ,0.00
12/27/1992, 25.19 ,0.00
12/28/1992, 25.19 ,0.00
12/29/1992, 25.19 ,0.00
12/30/1992, 25.19 ,0.00
12/31/1992, 25.19 ,0.00
1/1/1993, 25.19 ,0.00
1/2/1993, 25.19 ,0.00
1/3/1993, 25.19 ,0.00
1/4/1993, 25.19 ,0.00
1/5/1993, 25.19 ,0.00
1/6/1993, 25.19 ,0.00
1/7/1993, 25.19 ,0.00
1/8/1993, 25.19 ,0.00
1/9/1993, 25.19 ,0.00
1/10/1993, 25.19 ,0.00
1/11/1993, 25.19 ,0.00
1/12/1993, 25.19 ,0.00
1/13/1993, 25.19 ,0.00
1/14/1993, 25.19 ,0.00
1/15/1993, 25.19 ,0.00
1/16/1993, 25.19 ,0.00
1/17/1993, 25.19 ,0.00
1/18/1993, 25.19 ,0.00
1/19/1993, 25.19 ,0.00
1/20/1993, 25.19 ,0.00
1/21/1993, 25.19 ,0.00
1/22/1993, 25.19 ,0.00
1/23/1993, 25.19 ,0.00
1/24/1993, 25.19 ,0.00
1/25/1993, 25.19 ,0.00
1/26/1993, 25.19 ,0.00
1/27/1993, 25.19 ,0.00
1/28/1993, 25.19 ,0.00
1/29/1993, 25.19 ,0.00
1/30/1993, 25.19 ,0.00
1/31/1993, 25.19 ,0.00
2/1/1993, 25.19 ,0.00
2/2/1993, 25.19 ,0.00
2/3/1993, 25.19 ,0.00
2/4/1993, 25.19 ,0.00
2/5/1993, 25.19 ,0.00
2/6/1993, 25.19 ,0.00
2/7/1993, 25.19 ,0.00
2/8/1993, 25.19 ,0.00
2/9/1993, 25.19 ,0.00
2/10/1993, 25.19 ,0.00
2/11/1993, 25.19 ,0.00
2/12/1993, 25.19 ,0.00
2/13/1993, 25.19 ,0.00
2/14/1993, 25.19 ,0.00
2/15/1993, 25.19 ,0.00
2/16/1993, 25.19 ,0.00
2/17/1993, 25.19 ,0.00
2/18/1993, 25.19 ,0.00
2/19/1993, 25.19 ,0.00
2/20/1993, 25.19 ,0.00
2/21/1993, 25.19 ,0.00
2/22/1993, 25.19 ,0.00
2/23/1993, 25.19 ,0.00
2/24/1993, 25.19 ,0.00
2/25/1993, 26.32 ,1.13
2/26/1993, 26.32 ,0.00
2/27/1993, 26.32 ,0.00
2/28/1993, 26.32 ,0.00
3/1/1993, 26.32 ,0.00
3/2/1993, 26.37 ,0.05
3/3/1993, 26.42 ,0.05
3/4/1993, 26.42 ,0.00
3/5/1993, 26.42 ,0.00
3/6/1993, 26.42 ,0.00
3/7/1993, 26.42 ,0.00
3/8/1993, 26.42 ,0.00
3/9/1993, 26.50 ,0.08
3/10/1993, 26.50 ,0.00
3/11/1993, 26.57 ,0.07
3/12/1993, 26.57 ,0.00
3/13/1993, 26.57 ,0.00
3/14/1993, 26.57 ,0.00
3/15/1993, 26.67 ,0.10
3/16/1993, 26.67 ,0.00
3/17/1993, 26.72 ,0.05
3/18/1993, 26.72 ,0.00
3/19/1993, 26.72 ,0.00
3/20/1993, 26.72 ,0.00
3/21/1993, 26.72 ,0.00
3/22/1993, 26.72 ,0.00
3/23/1993, 26.72 ,0.00
3/24/1993, 26.72 ,0.00
3/25/1993, 26.72 ,0.00
3/26/1993, 26.72 ,0.00
3/27/1993, 26.72 ,0.00
3/28/1993, 26.72 ,0.00
3/29/1993, 26.72 ,0.00
3/30/1993, 26.72 ,0.00
3/31/1993, 26.72 ,0.00
4/1/1993, 26.72 ,0.00
4/2/1993, 26.72 ,0.00
4/3/1993, 26.72 ,0.00
4/4/1993, 26.72 ,0.00
4/5/1993, 26.72 ,0.00
4/6/1993, 26.72 ,0.00
4/7/1993, 26.72 ,0.00
4/8/1993, 26.72 ,0.00
4/9/1993, 26.72 ,0.00
4/10/1993, 26.72 ,0.00
4/11/1993, 26.72 ,0.00
4/12/1993, 26.72 ,0.00
4/13/1993, 26.77 ,0.05
4/14/1993, 26.77 ,0.00
4/15/1993, 26.77 ,0.00
4/16/1993, 26.77 ,0.00
4/17/1993, 26.77 ,0.00
4/18/1993, 26.77 ,0.00
4/19/1993, 26.77 ,0.00
4/20/1993, 26.77 ,0.00
4/21/1993, 26.77 ,0.00
4/22/1993, 26.77 ,0.00
4/23/1993, 26.77 ,0.00
4/24/1993, 26.77 ,0.00
4/25/1993, 26.77 ,0.00
4/26/1993, 26.67 ,-0.10
4/27/1993, 26.67 ,0.00
4/28/1993, 26.67 ,0.00
4/29/1993, 26.67 ,0.00
4/30/1993, 26.67 ,0.00
5/1/1993, 26.67 ,0.00
5/2/1993, 26.67 ,0.00
5/3/1993, 26.67 ,0.00
5/4/1993, 26.67 ,0.00
5/5/1993, 26.67 ,0.00
5/6/1993, 26.67 ,0.00
5/7/1993, 26.67 ,0.00
5/8/1993, 26.67 ,0.00
5/9/1993, 26.67 ,0.00
5/10/1993, 26.67 ,0.00
5/11/1993, 26.67 ,0.00
5/12/1993, 26.74 ,0.07
5/13/1993, 26.74 ,0.00
5/14/1993, 26.74 ,0.00
5/15/1993, 26.74 ,0.00
5/16/1993, 26.74 ,0.00
5/17/1993, 26.77 ,0.03
5/18/1993, 26.77 ,0.00
5/19/1993, 26.77 ,0.00
5/20/1993, 26.83 ,0.06
5/21/1993, 26.83 ,0.00
5/22/1993, 26.83 ,0.00
5/23/1993, 26.83 ,0.00
5/24/1993, 26.83 ,0.00
5/25/1993, 26.83 ,0.00
5/26/1993, 26.91 ,0.08
5/27/1993, 26.91 ,0.00
5/28/1993, 26.91 ,0.00
5/29/1993, 26.91 ,0.00
5/30/1993, 26.91 ,0.00
5/31/1993, 26.91 ,0.00
6/1/1993, 26.91 ,0.00
6/2/1993, 26.91 ,0.00
6/3/1993, 26.91 ,0.00
6/4/1993, 26.91 ,0.00
6/5/1993, 26.91 ,0.00
6/6/1993, 26.91 ,0.00
6/7/1993, 26.95 ,0.04
6/8/1993, 27.01 ,0.06
6/9/1993, 27.01 ,0.00
6/10/1993, 27.01 ,0.00
6/11/1993, 27.01 ,0.00
6/12/1993, 27.01 ,0.00
6/13/1993, 27.01 ,0.00
6/14/1993, 27.01 ,0.00
6/15/1993, 27.01 ,0.00
6/16/1993, 27.01 ,0.00
6/17/1993, 27.07 ,0.06
6/18/1993, 27.07 ,0.00
6/19/1993, 27.07 ,0.00
6/20/1993, 27.07 ,0.00
6/21/1993, 27.07 ,0.00
6/22/1993, 27.11 ,0.04
6/23/1993, 27.11 ,0.00
6/24/1993, 27.11 ,0.00
6/25/1993, 27.11 ,0.00
6/26/1993, 27.11 ,0.00
6/27/1993, 27.11 ,0.00
6/28/1993, 27.13 ,0.02
6/29/1993, 27.13 ,0.00
6/30/1993, 27.13 ,0.00
7/1/1993, 27.13 ,0.00
7/2/1993, 27.13 ,0.00
7/3/1993, 27.13 ,0.00
7/4/1993, 27.13 ,0.00
7/5/1993, 27.13 ,0.00
7/6/1993, 27.13 ,0.00
7/7/1993, 27.13 ,0.00
7/8/1993, 27.13 ,0.00
7/9/1993, 27.13 ,0.00
7/10/1993, 27.13 ,0.00
7/11/1993, 27.13 ,0.00
7/12/1993, 27.17 ,0.04
7/13/1993, 27.17 ,0.00
7/14/1993, 27.17 ,0.00
7/15/1993, 28.12 ,0.95
7/16/1993, 28.12 ,0.00
7/17/1993, 28.12 ,0.00
7/18/1993, 28.12 ,0.00
7/19/1993, 28.12 ,0.00
7/20/1993, 28.12 ,0.00
7/21/1993, 28.12 ,0.00
7/22/1993, 29.82 ,1.70
7/23/1993, 29.82 ,0.00
7/24/1993, 29.82 ,0.00
7/25/1993, 29.82 ,0.00
7/26/1993, 29.82 ,0.00
7/27/1993, 29.82 ,0.00
7/28/1993, 29.82 ,0.00
7/29/1993, 29.82 ,0.00
7/30/1993, 29.82 ,0.00
7/31/1993, 29.82 ,0.00
8/1/1993, 29.82 ,0.00
8/2/1993, 29.82 ,0.00
8/3/1993, 29.82 ,0.00
8/4/1993, 29.82 ,0.00
8/5/1993, 29.82 ,0.00
8/6/1993, 29.82 ,0.00
8/7/1993, 29.82 ,0.00
8/8/1993, 29.82 ,0.00
8/9/1993, 29.82 ,0.00
8/10/1993, 29.82 ,0.00
8/11/1993, 29.82 ,0.00
8/12/1993, 29.82 ,0.00
8/13/1993, 29.82 ,0.00
8/14/1993, 29.82 ,0.00
8/15/1993, 29.82 ,0.00
8/16/1993, 29.82 ,0.00
8/17/1993, 29.82 ,0.00
8/18/1993, 29.82 ,0.00
8/19/1993, 29.82 ,0.00
8/20/1993, 29.82 ,0.00
8/21/1993, 29.82 ,0.00
8/22/1993, 29.82 ,0.00
8/23/1993, 29.82 ,0.00
8/24/1993, 29.82 ,0.00
8/25/1993, 29.82 ,0.00
8/26/1993, 29.82 ,0.00
8/27/1993, 29.82 ,0.00
8/28/1993, 29.82 ,0.00
8/29/1993, 29.82 ,0.00
8/30/1993, 29.82 ,0.00
8/31/1993, 29.82 ,0.00
9/1/1993, 29.82 ,0.00
9/2/1993, 29.82 ,0.00
9/3/1993, 29.82 ,0.00
9/4/1993, 29.82 ,0.00
9/5/1993, 29.82 ,0.00
9/6/1993, 29.82 ,0.00
9/7/1993, 29.82 ,0.00
9/8/1993, 29.82 ,0.00
9/9/1993, 29.82 ,0.00
9/10/1993, 29.82 ,0.00
9/11/1993, 29.82 ,0.00
9/12/1993, 29.82 ,0.00
9/13/1993, 29.82 ,0.00
9/14/1993, 29.82 ,0.00
9/15/1993, 29.82 ,0.00
9/16/1993, 29.82 ,0.00
9/17/1993, 29.82 ,0.00
9/18/1993, 29.82 ,0.00
9/19/1993, 29.82 ,0.00
9/20/1993, 29.82 ,0.00
9/21/1993, 29.82 ,0.00
9/22/1993, 29.82 ,0.00
9/23/1993, 29.82 ,0.00
9/24/1993, 29.82 ,0.00
9/25/1993, 29.82 ,0.00
9/26/1993, 29.82 ,0.00
9/27/1993, 29.82 ,0.00
9/28/1993, 29.82 ,0.00
9/29/1993, 29.82 ,0.00
9/30/1993, 29.82 ,0.00
10/1/1993, 29.82 ,0.00
10/2/1993, 29.82 ,0.00
10/3/1993, 29.82 ,0.00
10/4/1993, 29.82 ,0.00
10/5/1993, 29.82 ,0.00
10/6/1993, 29.82 ,0.00
10/7/1993, 29.82 ,0.00
10/8/1993, 29.82 ,0.00
10/9/1993, 29.82 ,0.00
10/10/1993, 29.82 ,0.00
10/11/1993, 30.02 ,0.20
10/12/1993, 30.02 ,0.00
10/13/1993, 30.02 ,0.00
10/14/1993, 30.02 ,0.00
10/15/1993, 30.02 ,0.00
10/16/1993, 30.02 ,0.00
10/17/1993, 30.02 ,0.00
10/18/1993, 30.02 ,0.00
10/19/1993, 30.02 ,0.00
10/20/1993, 30.02 ,0.00
10/21/1993, 30.02 ,0.00
10/22/1993, 30.02 ,0.00
10/23/1993, 30.02 ,0.00
10/24/1993, 30.02 ,0.00
10/25/1993, 30.02 ,0.00
10/26/1993, 30.02 ,0.00
10/27/1993, 30.02 ,0.00
10/28/1993, 30.02 ,0.00
10/29/1993, 30.02 ,0.00
10/30/1993, 30.02 ,0.00
10/31/1993, 30.02 ,0.00
11/1/1993, 30.02 ,0.00
11/2/1993, 30.02 ,0.00
11/3/1993, 30.02 ,0.00
11/4/1993, 30.02 ,0.00
11/5/1993, 30.02 ,0.00
11/6/1993, 30.02 ,0.00
11/7/1993, 30.02 ,0.00
11/8/1993, 30.02 ,0.00
11/9/1993, 30.02 ,0.00
11/10/1993, 30.02 ,0.00
11/11/1993, 30.02 ,0.00
11/12/1993, 30.02 ,0.00
11/13/1993, 30.02 ,0.00
11/14/1993, 30.02 ,0.00
11/15/1993, 30.02 ,0.00
11/16/1993, 30.02 ,0.00
11/17/1993, 30.02 ,0.00
11/18/1993, 30.02 ,0.00
11/19/1993, 30.02 ,0.00
11/20/1993, 30.02 ,0.00
11/21/1993, 30.02 ,0.00
11/22/1993, 30.02 ,0.00
11/23/1993, 30.02 ,0.00
11/24/1993, 30.02 ,0.00
11/25/1993, 30.02 ,0.00
11/26/1993, 30.02 ,0.00
11/27/1993, 30.02 ,0.00
11/28/1993, 30.02 ,0.00
11/29/1993, 30.02 ,0.00
11/30/1993, 30.02 ,0.00
12/1/1993, 30.02 ,0.00
12/2/1993, 30.02 ,0.00
12/3/1993, 30.02 ,0.00
12/4/1993, 30.02 ,0.00
12/5/1993, 30.02 ,0.00
12/6/1993, 30.02 ,0.00
12/7/1993, 30.04 ,0.02
12/8/1993, 30.04 ,0.00
12/9/1993, 30.04 ,0.00
12/10/1993, 30.04 ,0.00
12/11/1993, 30.04 ,0.00
12/12/1993, 30.04 ,0.00
12/13/1993, 30.04 ,0.00
12/14/1993, 30.04 ,0.00
12/15/1993, 30.07 ,0.03
12/16/1993, 30.07 ,0.00
12/17/1993, 30.07 ,0.00
12/18/1993, 30.07 ,0.00
12/19/1993, 30.07 ,0.00
12/20/1993, 30.07 ,0.00
12/21/1993, 30.07 ,0.00
12/22/1993, 30.07 ,0.00
12/23/1993, 30.09 ,0.02
12/24/1993, 30.09 ,0.00
12/25/1993, 30.09 ,0.00
12/26/1993, 30.09 ,0.00
12/27/1993, 30.09 ,0.00
12/28/1993, 30.09 ,0.00
12/29/1993, 30.09 ,0.00
12/30/1993, 30.09 ,0.00
12/31/1993, 30.09 ,0.00
1/1/1994, 30.09 ,0.00
1/2/1994, 30.09 ,0.00
1/3/1994, 30.12 ,0.03
1/4/1994, 30.12 ,0.00
1/5/1994, 30.12 ,0.00
1/6/1994, 30.16 ,0.04
1/7/1994, 30.16 ,0.00
1/8/1994, 30.16 ,0.00
1/9/1994, 30.16 ,0.00
1/10/1994, 30.16 ,0.00
1/11/1994, 30.16 ,0.00
1/12/1994, 30.16 ,0.00
1/13/1994, 30.20 ,0.04
1/14/1994, 30.20 ,0.00
1/15/1994, 30.20 ,0.00
1/16/1994, 30.20 ,0.00
1/17/1994, 30.20 ,0.00
1/18/1994, 30.20 ,0.00
1/19/1994, 30.20 ,0.00
1/20/1994, 30.20 ,0.00
1/21/1994, 30.20 ,0.00
1/22/1994, 30.20 ,0.00
1/23/1994, 30.20 ,0.00
1/24/1994, 30.20 ,0.00
1/25/1994, 30.23 ,0.03
1/26/1994, 30.23 ,0.00
1/27/1994, 30.23 ,0.00
1/28/1994, 30.23 ,0.00
1/29/1994, 30.23 ,0.00
1/30/1994, 30.23 ,0.00
1/31/1994, 30.23 ,0.00
2/1/1994, 30.23 ,0.00
2/2/1994, 30.27 ,0.04
2/3/1994, 30.27 ,0.00
2/4/1994, 30.27 ,0.00
2/5/1994, 30.27 ,0.00
2/6/1994, 30.27 ,0.00
2/7/1994, 30.27 ,0.00
2/8/1994, 30.32 ,0.05
2/9/1994, 30.32 ,0.00
2/10/1994, 30.32 ,0.00
2/11/1994, 30.32 ,0.00
2/12/1994, 30.32 ,0.00
2/13/1994, 30.32 ,0.00
2/14/1994, 30.35 ,0.03
2/15/1994, 30.35 ,0.00
2/16/1994, 30.39 ,0.04
2/17/1994, 30.35 ,-0.04
2/18/1994, 30.35 ,0.00
2/19/1994, 30.35 ,0.00
2/20/1994, 30.35 ,0.00
2/21/1994, 30.35 ,0.00
2/22/1994, 30.35 ,0.00
2/23/1994, 30.44 ,0.09
2/24/1994, 30.44 ,0.00
2/25/1994, 30.44 ,0.00
2/26/1994, 30.44 ,0.00
2/27/1994, 30.44 ,0.00
2/28/1994, 30.44 ,0.00
3/1/1994, 30.44 ,0.00
3/2/1994, 30.44 ,0.00
3/3/1994, 30.47 ,0.03
3/4/1994, 30.47 ,0.00
3/5/1994, 30.47 ,0.00
3/6/1994, 30.47 ,0.00
3/7/1994, 30.47 ,0.00
3/8/1994, 30.47 ,0.00
3/9/1994, 30.47 ,0.00
3/10/1994, 30.47 ,0.00
3/11/1994, 30.47 ,0.00
3/12/1994, 30.47 ,0.00
3/13/1994, 30.47 ,0.00
3/14/1994, 30.47 ,0.00
3/15/1994, 30.47 ,0.00
3/16/1994, 30.47 ,0.00
3/17/1994, 30.47 ,0.00
3/18/1994, 30.47 ,0.00
3/19/1994, 30.47 ,0.00
3/20/1994, 30.47 ,0.00
3/21/1994, 30.47 ,0.00
3/22/1994, 30.47 ,0.00
3/23/1994, 30.47 ,0.00
3/24/1994, 30.47 ,0.00
3/25/1994, 30.47 ,0.00
3/26/1994, 30.47 ,0.00
3/27/1994, 30.47 ,0.00
3/28/1994, 30.47 ,0.00
3/29/1994, 30.47 ,0.00
3/30/1994, 30.47 ,0.00
3/31/1994, 30.47 ,0.00
4/1/1994, 30.47 ,0.00
4/2/1994, 30.47 ,0.00
4/3/1994, 30.47 ,0.00
4/4/1994, 30.47 ,0.00
4/5/1994, 30.47 ,0.00
4/6/1994, 30.47 ,0.00
4/7/1994, 30.52 ,0.05
4/8/1994, 30.52 ,0.00
4/9/1994, 30.52 ,0.00
4/10/1994, 30.52 ,0.00
4/11/1994, 30.52 ,0.00
4/12/1994, 30.52 ,0.00
4/13/1994, 30.52 ,0.00
4/14/1994, 30.52 ,0.00
4/15/1994, 30.52 ,0.00
4/16/1994, 30.52 ,0.00
4/17/1994, 30.52 ,0.00
4/18/1994, 30.47 ,-0.05
4/19/1994, 30.52 ,0.05
4/20/1994, 30.52 ,0.00
4/21/1994, 30.52 ,0.00
4/22/1994, 30.52 ,0.00
4/23/1994, 30.52 ,0.00
4/24/1994, 30.52 ,0.00
4/25/1994, 30.52 ,0.00
4/26/1994, 30.52 ,0.00
4/27/1994, 30.52 ,0.00
4/28/1994, 30.52 ,0.00
4/29/1994, 30.52 ,0.00
4/30/1994, 30.52 ,0.00
5/1/1994, 30.52 ,0.00
5/2/1994, 30.52 ,0.00
5/3/1994, 30.52 ,0.00
5/4/1994, 30.52 ,0.00
5/5/1994, 30.52 ,0.00
5/6/1994, 30.52 ,0.00
5/7/1994, 30.52 ,0.00
5/8/1994, 30.52 ,0.00
5/9/1994, 30.55 ,0.03
5/10/1994, 30.55 ,0.00
5/11/1994, 30.55 ,0.00
5/12/1994, 30.58 ,0.03
5/13/1994, 30.58 ,0.00
5/14/1994, 30.58 ,0.00
5/15/1994, 30.58 ,0.00
5/16/1994, 30.58 ,0.00
5/17/1994, 30.58 ,0.00
5/18/1994, 30.58 ,0.00
5/19/1994, 30.62 ,0.04
5/20/1994, 30.62 ,0.00
5/21/1994, 30.62 ,0.00
5/22/1994, 30.62 ,0.00
5/23/1994, 30.62 ,0.00
5/24/1994, 30.62 ,0.00
5/25/1994, 30.62 ,0.00
5/26/1994, 30.62 ,0.00
5/27/1994, 30.62 ,0.00
5/28/1994, 30.62 ,0.00
5/29/1994, 30.62 ,0.00
5/30/1994, 30.62 ,0.00
5/31/1994, 30.62 ,0.00
6/1/1994, 30.62 ,0.00
6/2/1994, 30.62 ,0.00
6/3/1994, 30.62 ,0.00
6/4/1994, 30.62 ,0.00
6/5/1994, 30.62 ,0.00
6/6/1994, 30.62 ,0.00
6/7/1994, 30.62 ,0.00
6/8/1994, 30.62 ,0.00
6/9/1994, 30.62 ,0.00
6/10/1994, 30.62 ,0.00
6/11/1994, 30.62 ,0.00
6/12/1994, 30.62 ,0.00
6/13/1994, 30.62 ,0.00
6/14/1994, 30.62 ,0.00
6/15/1994, 30.62 ,0.00
6/16/1994, 30.62 ,0.00
6/17/1994, 30.62 ,0.00
6/18/1994, 30.62 ,0.00
6/19/1994, 30.62 ,0.00
6/20/1994, 30.62 ,0.00
6/21/1994, 30.62 ,0.00
6/22/1994, 30.62 ,0.00
6/23/1994, 30.62 ,0.00
6/24/1994, 30.62 ,0.00
6/25/1994, 30.62 ,0.00
6/26/1994, 30.62 ,0.00
6/27/1994, 30.62 ,0.00
6/28/1994, 30.62 ,0.00
6/29/1994, 30.62 ,0.00
6/30/1994, 30.58 ,-0.04
7/1/1994, 30.58 ,0.00
7/2/1994, 30.58 ,0.00
7/3/1994, 30.58 ,0.00
7/4/1994, 30.58 ,0.00
7/5/1994, 30.58 ,0.00
7/6/1994, 30.56 ,-0.02
7/7/1994, 30.56 ,0.00
7/8/1994, 30.56 ,0.00
7/9/1994, 30.56 ,0.00
7/10/1994, 30.56 ,0.00
7/11/1994, 30.56 ,0.00
7/12/1994, 30.56 ,0.00
7/13/1994, 30.56 ,0.00
7/14/1994, 30.56 ,0.00
7/15/1994, 30.56 ,0.00
7/16/1994, 30.56 ,0.00
7/17/1994, 30.56 ,0.00
7/18/1994, 30.56 ,0.00
7/19/1994, 30.56 ,0.00
7/20/1994, 30.56 ,0.00
7/21/1994, 30.56 ,0.00
7/22/1994, 30.56 ,0.00
7/23/1994, 30.56 ,0.00
7/24/1994, 30.56 ,0.00
7/25/1994, 30.56 ,0.00
7/26/1994, 30.56 ,0.00
7/27/1994, 30.56 ,0.00
7/28/1994, 30.56 ,0.00
7/29/1994, 30.56 ,0.00
7/30/1994, 30.56 ,0.00
7/31/1994, 30.56 ,0.00
8/1/1994, 30.56 ,0.00
8/2/1994, 30.56 ,0.00
8/3/1994, 30.56 ,0.00
8/4/1994, 30.56 ,0.00
8/5/1994, 30.56 ,0.00
8/6/1994, 30.56 ,0.00
8/7/1994, 30.56 ,0.00
8/8/1994, 30.56 ,0.00
8/9/1994, 30.56 ,0.00
8/10/1994, 30.56 ,0.00
8/11/1994, 30.56 ,0.00
8/12/1994, 30.56 ,0.00
8/13/1994, 30.56 ,0.00
8/14/1994, 30.56 ,0.00
8/15/1994, 30.56 ,0.00
8/16/1994, 30.56 ,0.00
8/17/1994, 30.56 ,0.00
8/18/1994, 30.56 ,0.00
8/19/1994, 30.56 ,0.00
8/20/1994, 30.56 ,0.00
8/21/1994, 30.56 ,0.00
8/22/1994, 30.56 ,0.00
8/23/1994, 30.56 ,0.00
8/24/1994, 30.56 ,0.00
8/25/1994, 30.56 ,0.00
8/26/1994, 30.56 ,0.00
8/27/1994, 30.56 ,0.00
8/28/1994, 30.56 ,0.00
8/29/1994, 30.56 ,0.00
8/30/1994, 30.56 ,0.00
8/31/1994, 30.62 ,0.06
9/1/1994, 30.62 ,0.00
9/2/1994, 30.62 ,0.00
9/3/1994, 30.62 ,0.00
9/4/1994, 30.62 ,0.00
9/5/1994, 30.62 ,0.00
9/6/1994, 30.62 ,0.00
9/7/1994, 30.62 ,0.00
9/8/1994, 30.62 ,0.00
9/9/1994, 30.62 ,0.00
9/10/1994, 30.62 ,0.00
9/11/1994, 30.62 ,0.00
9/12/1994, 30.62 ,0.00
9/13/1994, 30.62 ,0.00
9/14/1994, 30.62 ,0.00
9/15/1994, 30.62 ,0.00
9/16/1994, 30.62 ,0.00
9/17/1994, 30.62 ,0.00
9/18/1994, 30.62 ,0.00
9/19/1994, 30.62 ,0.00
9/20/1994, 30.62 ,0.00
9/21/1994, 30.62 ,0.00
9/22/1994, 30.62 ,0.00
9/23/1994, 30.62 ,0.00
9/24/1994, 30.62 ,0.00
9/25/1994, 30.62 ,0.00
9/26/1994, 30.62 ,0.00
9/27/1994, 30.62 ,0.00
9/28/1994, 30.62 ,0.00
9/29/1994, 30.62 ,0.00
9/30/1994, 30.62 ,0.00
10/1/1994, 30.62 ,0.00
10/2/1994, 30.62 ,0.00
10/3/1994, 30.62 ,0.00
10/4/1994, 30.62 ,0.00
10/5/1994, 30.62 ,0.00
10/6/1994, 30.62 ,0.00
10/7/1994, 30.62 ,0.00
10/8/1994, 30.62 ,0.00
10/9/1994, 30.62 ,0.00
10/10/1994, 30.62 ,0.00
10/11/1994, 30.62 ,0.00
10/12/1994, 30.62 ,0.00
10/13/1994, 30.62 ,0.00
10/14/1994, 30.62 ,0.00
10/15/1994, 30.62 ,0.00
10/16/1994, 30.62 ,0.00
10/17/1994, 30.62 ,0.00
10/18/1994, 30.62 ,0.00
10/19/1994, 30.62 ,0.00
10/20/1994, 30.62 ,0.00
10/21/1994, 30.62 ,0.00
10/22/1994, 30.62 ,0.00
10/23/1994, 30.62 ,0.00
10/24/1994, 30.62 ,0.00
10/25/1994, 30.62 ,0.00
10/26/1994, 30.62 ,0.00
10/27/1994, 30.62 ,0.00
10/28/1994, 30.62 ,0.00
10/29/1994, 30.62 ,0.00
10/30/1994, 30.62 ,0.00
10/31/1994, 30.62 ,0.00
11/1/1994, 30.62 ,0.00
11/2/1994, 30.62 ,0.00
11/3/1994, 30.62 ,0.00
11/4/1994, 30.62 ,0.00
11/5/1994, 30.62 ,0.00
11/6/1994, 30.62 ,0.00
11/7/1994, 30.62 ,0.00
11/8/1994, 30.62 ,0.00
11/9/1994, 30.62 ,0.00
11/10/1994, 30.62 ,0.00
11/11/1994, 30.62 ,0.00
11/12/1994, 30.62 ,0.00
11/13/1994, 30.62 ,0.00
11/14/1994, 30.62 ,0.00
11/15/1994, 30.62 ,0.00
11/16/1994, 30.62 ,0.00
11/17/1994, 30.62 ,0.00
11/18/1994, 30.62 ,0.00
11/19/1994, 30.62 ,0.00
11/20/1994, 30.62 ,0.00
11/21/1994, 30.62 ,0.00
11/22/1994, 30.62 ,0.00
11/23/1994, 30.62 ,0.00
11/24/1994, 30.62 ,0.00
11/25/1994, 30.62 ,0.00
11/26/1994, 30.62 ,0.00
11/27/1994, 30.62 ,0.00
11/28/1994, 30.62 ,0.00
11/29/1994, 30.62 ,0.00
11/30/1994, 30.62 ,0.00
12/1/1994, 30.67 ,0.05
12/2/1994, 30.67 ,0.00
12/3/1994, 30.67 ,0.00
12/4/1994, 30.67 ,0.00
12/5/1994, 30.67 ,0.00
12/6/1994, 30.73 ,0.06
12/7/1994, 30.73 ,0.00
12/8/1994, 30.73 ,0.00
12/9/1994, 30.73 ,0.00
12/10/1994, 30.73 ,0.00
12/11/1994, 30.73 ,0.00
12/12/1994, 30.73 ,0.00
12/13/1994, 30.73 ,0.00
12/14/1994, 30.73 ,0.00
12/15/1994, 30.73 ,0.00
12/16/1994, 30.73 ,0.00
12/17/1994, 30.73 ,0.00
12/18/1994, 30.73 ,0.00
12/19/1994, 30.73 ,0.00
12/20/1994, 30.73 ,0.00
12/21/1994, 30.73 ,0.00
12/22/1994, 30.73 ,0.00
12/23/1994, 30.73 ,0.00
12/24/1994, 30.73 ,0.00
12/25/1994, 30.73 ,0.00
12/26/1994, 30.73 ,0.00
12/27/1994, 30.73 ,0.00
12/28/1994, 30.77 ,0.04
12/29/1994, 30.77 ,0.00
12/30/1994, 30.77 ,0.00
12/31/1994, 30.77 ,0.00
1/1/1995, 30.77 ,0.00
1/2/1995, 30.77 ,0.00
1/3/1995, 30.77 ,0.00
1/4/1995, 30.77 ,0.00
1/5/1995, 30.77 ,0.00
1/6/1995, 30.77 ,0.00
1/7/1995, 30.77 ,0.00
1/8/1995, 30.77 ,0.00
1/9/1995, 30.77 ,0.00
1/10/1995, 30.83 ,0.06
1/11/1995, 30.83 ,0.00
1/12/1995, 30.83 ,0.00
1/13/1995, 30.83 ,0.00
1/14/1995, 30.83 ,0.00
1/15/1995, 30.83 ,0.00
1/16/1995, 30.83 ,0.00
1/17/1995, 30.83 ,0.00
1/18/1995, 30.83 ,0.00
1/19/1995, 30.83 ,0.00
1/20/1995, 30.83 ,0.00
1/21/1995, 30.83 ,0.00
1/22/1995, 30.83 ,0.00
1/23/1995, 30.83 ,0.00
1/24/1995, 30.83 ,0.00
1/25/1995, 30.83 ,0.00
1/26/1995, 30.83 ,0.00
1/27/1995, 30.83 ,0.00
1/28/1995, 30.83 ,0.00
1/29/1995, 30.83 ,0.00
1/30/1995, 30.83 ,0.00
1/31/1995, 30.83 ,0.00
2/1/1995, 30.83 ,0.00
2/2/1995, 30.83 ,0.00
2/3/1995, 30.83 ,0.00
2/4/1995, 30.83 ,0.00
2/5/1995, 30.83 ,0.00
2/6/1995, 30.83 ,0.00
2/7/1995, 30.83 ,0.00
2/8/1995, 30.87 ,0.04
2/9/1995, 30.87 ,0.00
2/10/1995, 30.87 ,0.00
2/11/1995, 30.87 ,0.00
2/12/1995, 30.87 ,0.00
2/13/1995, 30.87 ,0.00
2/14/1995, 30.87 ,0.00
2/15/1995, 30.87 ,0.00
2/16/1995, 30.87 ,0.00
2/17/1995, 30.87 ,0.00
2/18/1995, 30.87 ,0.00
2/19/1995, 30.87 ,0.00
2/20/1995, 30.87 ,0.00
2/21/1995, 30.87 ,0.00
2/22/1995, 30.87 ,0.00
2/23/1995, 30.87 ,0.00
2/24/1995, 30.87 ,0.00
2/25/1995, 30.87 ,0.00
2/26/1995, 30.87 ,0.00
2/27/1995, 30.87 ,0.00
2/28/1995, 30.85 ,-0.02
3/1/1995, 30.85 ,0.00
3/2/1995, 30.85 ,0.00
3/3/1995, 30.85 ,0.00
3/4/1995, 30.85 ,0.00
3/5/1995, 30.85 ,0.00
3/6/1995, 30.85 ,0.00
3/7/1995, 30.85 ,0.00
3/8/1995, 30.85 ,0.00
3/9/1995, 30.85 ,0.00
3/10/1995, 30.85 ,0.00
3/11/1995, 30.85 ,0.00
3/12/1995, 30.85 ,0.00
3/13/1995, 30.85 ,0.00
3/14/1995, 30.85 ,0.00
3/15/1995, 30.85 ,0.00
3/16/1995, 30.85 ,0.00
3/17/1995, 30.85 ,0.00
3/18/1995, 30.85 ,0.00
3/19/1995, 30.85 ,0.00
3/20/1995, 30.85 ,0.00
3/21/1995, 30.85 ,0.00
3/22/1995, 30.85 ,0.00
3/23/1995, 30.85 ,0.00
3/24/1995, 30.85 ,0.00
3/25/1995, 30.85 ,0.00
3/26/1995, 30.85 ,0.00
3/27/1995, 30.85 ,0.00
3/28/1995, 30.85 ,0.00
3/29/1995, 30.85 ,0.00
3/30/1995, 30.85 ,0.00
3/31/1995, 30.85 ,0.00
4/1/1995, 30.85 ,0.00
4/2/1995, 30.85 ,0.00
4/3/1995, 30.85 ,0.00
4/4/1995, 30.85 ,0.00
4/5/1995, 30.85 ,0.00
4/6/1995, 30.85 ,0.00
4/7/1995, 30.85 ,0.00
4/8/1995, 30.85 ,0.00
4/9/1995, 30.85 ,0.00
4/10/1995, 30.85 ,0.00
4/11/1995, 30.85 ,0.00
4/12/1995, 30.85 ,0.00
4/13/1995, 30.85 ,0.00
4/14/1995, 30.85 ,0.00
4/15/1995, 30.85 ,0.00
4/16/1995, 30.85 ,0.00
4/17/1995, 30.85 ,0.00
4/18/1995, 30.85 ,0.00
4/19/1995, 30.85 ,0.00
4/20/1995, 30.83 ,-0.02
4/21/1995, 30.83 ,0.00
4/22/1995, 30.83 ,0.00
4/23/1995, 30.83 ,0.00
4/24/1995, 30.83 ,0.00
4/25/1995, 30.83 ,0.00
4/26/1995, 30.83 ,0.00
4/27/1995, 30.83 ,0.00
4/28/1995, 30.83 ,0.00
4/29/1995, 30.83 ,0.00
4/30/1995, 30.83 ,0.00
5/1/1995, 30.83 ,0.00
5/2/1995, 30.83 ,0.00
5/3/1995, 30.83 ,0.00
5/4/1995, 30.83 ,0.00
5/5/1995, 30.83 ,0.00
5/6/1995, 30.83 ,0.00
5/7/1995, 30.83 ,0.00
5/8/1995, 30.83 ,0.00
5/9/1995, 30.83 ,0.00
5/10/1995, 30.83 ,0.00
5/11/1995, 30.83 ,0.00
5/12/1995, 30.83 ,0.00
5/13/1995, 30.83 ,0.00
5/14/1995, 30.83 ,0.00
5/15/1995, 30.83 ,0.00
5/16/1995, 30.89 ,0.06
5/17/1995, 30.89 ,0.00
5/18/1995, 30.89 ,0.00
5/19/1995, 30.89 ,0.00
5/20/1995, 30.89 ,0.00
5/21/1995, 30.89 ,0.00
5/22/1995, 30.89 ,0.00
5/23/1995, 30.94 ,0.05
5/24/1995, 30.94 ,0.00
5/25/1995, 30.94 ,0.00
5/26/1995, 30.94 ,0.00
5/27/1995, 30.94 ,0.00
5/28/1995, 30.94 ,0.00
5/29/1995, 30.94 ,0.00
5/30/1995, 30.94 ,0.00
5/31/1995, 30.94 ,0.00
6/1/1995, 30.94 ,0.00
6/2/1995, 30.94 ,0.00
6/3/1995, 30.94 ,0.00
6/4/1995, 30.94 ,0.00
6/5/1995, 30.94 ,0.00
6/6/1995, 30.94 ,0.00
6/7/1995, 30.94 ,0.00
6/8/1995, 30.94 ,0.00
6/9/1995, 30.94 ,0.00
6/10/1995, 30.94 ,0.00
6/11/1995, 30.94 ,0.00
6/12/1995, 30.94 ,0.00
6/13/1995, 30.94 ,0.00
6/14/1995, 30.94 ,0.00
6/15/1995, 30.94 ,0.00
6/16/1995, 30.94 ,0.00
6/17/1995, 30.94 ,0.00
6/18/1995, 30.94 ,0.00
6/19/1995, 30.94 ,0.00
6/20/1995, 30.94 ,0.00
6/21/1995, 30.94 ,0.00
6/22/1995, 30.94 ,0.00
6/23/1995, 30.94 ,0.00
6/24/1995, 30.94 ,0.00
6/25/1995, 30.94 ,0.00
6/26/1995, 30.94 ,0.00
6/27/1995, 30.94 ,0.00
6/28/1995, 30.98 ,0.04
6/29/1995, 30.98 ,0.00
6/30/1995, 30.98 ,0.00
7/1/1995, 30.98 ,0.00
7/2/1995, 30.98 ,0.00
7/3/1995, 30.98 ,0.00
7/4/1995, 30.98 ,0.00
7/5/1995, 31.04 ,0.06
7/6/1995, 31.04 ,0.00
7/7/1995, 31.04 ,0.00
7/8/1995, 31.04 ,0.00
7/9/1995, 31.04 ,0.00
7/10/1995, 31.04 ,0.00
7/11/1995, 31.04 ,0.00
7/12/1995, 31.09 ,0.05
7/13/1995, 31.09 ,0.00
7/14/1995, 31.09 ,0.00
7/15/1995, 31.09 ,0.00
7/16/1995, 31.09 ,0.00
7/17/1995, 31.09 ,0.00
7/18/1995, 31.16 ,0.07
7/19/1995, 31.16 ,0.00
7/20/1995, 31.16 ,0.00
7/21/1995, 31.16 ,0.00
7/22/1995, 31.16 ,0.00
7/23/1995, 31.16 ,0.00
7/24/1995, 31.16 ,0.00
7/25/1995, 31.16 ,0.00
7/26/1995, 31.16 ,0.00
7/27/1995, 31.16 ,0.00
7/28/1995, 31.16 ,0.00
7/29/1995, 31.16 ,0.00
7/30/1995, 31.16 ,0.00
7/31/1995, 31.16 ,0.00
8/1/1995, 31.16 ,0.00
8/2/1995, 31.16 ,0.00
8/3/1995, 31.16 ,0.00
8/4/1995, 31.16 ,0.00
8/5/1995, 31.16 ,0.00
8/6/1995, 31.16 ,0.00
8/7/1995, 31.16 ,0.00
8/8/1995, 31.22 ,0.06
8/9/1995, 31.22 ,0.00
8/10/1995, 31.22 ,0.00
8/11/1995, 31.22 ,0.00
8/12/1995, 31.22 ,0.00
8/13/1995, 31.22 ,0.00
8/14/1995, 31.22 ,0.00
8/15/1995, 31.29 ,0.07
8/16/1995, 31.29 ,0.00
8/17/1995, 31.29 ,0.00
8/18/1995, 31.29 ,0.00
8/19/1995, 31.29 ,0.00
8/20/1995, 31.29 ,0.00
8/21/1995, 31.29 ,0.00
8/22/1995, 31.29 ,0.00
8/23/1995, 31.29 ,0.00
8/24/1995, 31.29 ,0.00
8/25/1995, 31.29 ,0.00
8/26/1995, 31.29 ,0.00
8/27/1995, 31.29 ,0.00
8/28/1995, 31.29 ,0.00
8/29/1995, 31.29 ,0.00
8/30/1995, 31.29 ,0.00
8/31/1995, 31.29 ,0.00
9/1/1995, 31.29 ,0.00
9/2/1995, 31.29 ,0.00
9/3/1995, 31.29 ,0.00
9/4/1995, 31.29 ,0.00
9/5/1995, 31.29 ,0.00
9/6/1995, 31.29 ,0.00
9/7/1995, 31.29 ,0.00
9/8/1995, 31.29 ,0.00
9/9/1995, 31.29 ,0.00
9/10/1995, 31.29 ,0.00
9/11/1995, 31.29 ,0.00
9/12/1995, 31.29 ,0.00
9/13/1995, 31.37 ,0.08
9/14/1995, 31.37 ,0.00
9/15/1995, 31.37 ,0.00
9/16/1995, 31.37 ,0.00
9/17/1995, 31.37 ,0.00
9/18/1995, 31.46 ,0.09
9/19/1995, 31.46 ,0.00
9/20/1995, 31.46 ,0.00
9/21/1995, 31.46 ,0.00
9/22/1995, 31.46 ,0.00
9/23/1995, 31.46 ,0.00
9/24/1995, 31.46 ,0.00
9/25/1995, 31.52 ,0.06
9/26/1995, 31.52 ,0.00
9/27/1995, 31.52 ,0.00
9/28/1995, 31.52 ,0.00
9/29/1995, 31.52 ,0.00
9/30/1995, 31.52 ,0.00
10/1/1995, 31.52 ,0.00
10/2/1995, 31.52 ,0.00
10/3/1995, 31.59 ,0.07
10/4/1995, 31.59 ,0.00
10/5/1995, 31.59 ,0.00
10/6/1995, 31.59 ,0.00
10/7/1995, 31.59 ,0.00
10/8/1995, 31.59 ,0.00
10/9/1995, 31.59 ,0.00
10/10/1995, 31.59 ,0.00
10/11/1995, 31.59 ,0.00
10/12/1995, 31.59 ,0.00
10/13/1995, 31.59 ,0.00
10/14/1995, 31.59 ,0.00
10/15/1995, 31.59 ,0.00
10/16/1995, 31.65 ,0.06
10/17/1995, 31.76 ,0.11
10/18/1995, 31.73 ,-0.03
10/19/1995, 31.84 ,0.11
10/20/1995, 31.73 ,-0.11
10/21/1995, 31.73 ,0.00
10/22/1995, 31.73 ,0.00
10/23/1995, 31.82 ,0.09
10/24/1995, 31.82 ,0.00
10/25/1995, 31.82 ,0.00
10/26/1995, 31.82 ,0.00
10/27/1995, 31.82 ,0.00
10/28/1995, 31.82 ,0.00
10/29/1995, 31.82 ,0.00
10/30/1995, 34.22 ,2.40
10/31/1995, 34.22 ,0.00
11/1/1995, 34.22 ,0.00
11/2/1995, 34.22 ,0.00
11/3/1995, 34.22 ,0.00
11/4/1995, 34.22 ,0.00
11/5/1995, 34.22 ,0.00
11/6/1995, 34.22 ,0.00
11/7/1995, 34.22 ,0.00
11/8/1995, 34.22 ,0.00
11/9/1995, 34.22 ,0.00
11/10/1995, 34.22 ,0.00
11/11/1995, 34.22 ,0.00
11/12/1995, 34.22 ,0.00
11/13/1995, 34.22 ,0.00
11/14/1995, 34.22 ,0.00
11/15/1995, 34.22 ,0.00
11/16/1995, 34.22 ,0.00
11/17/1995, 34.22 ,0.00
11/18/1995, 34.22 ,0.00
11/19/1995, 34.22 ,0.00
11/20/1995, 34.22 ,0.00
11/21/1995, 34.22 ,0.00
11/22/1995, 34.22 ,0.00
11/23/1995, 34.22 ,0.00
11/24/1995, 34.22 ,0.00
11/25/1995, 34.22 ,0.00
11/26/1995, 34.22 ,0.00
11/27/1995, 34.22 ,0.00
11/28/1995, 34.22 ,0.00
11/29/1995, 34.22 ,0.00
11/30/1995, 34.22 ,0.00
12/1/1995, 34.22 ,0.00
12/2/1995, 34.22 ,0.00
12/3/1995, 34.22 ,0.00
12/4/1995, 34.22 ,0.00
12/5/1995, 34.22 ,0.00
12/6/1995, 34.22 ,0.00
12/7/1995, 34.22 ,0.00
12/8/1995, 34.22 ,0.00
12/9/1995, 34.22 ,0.00
12/10/1995, 34.22 ,0.00
12/11/1995, 34.22 ,0.00
12/12/1995, 34.22 ,0.00
12/13/1995, 34.22 ,0.00
12/14/1995, 34.22 ,0.00
12/15/1995, 34.22 ,0.00
12/16/1995, 34.22 ,0.00
12/17/1995, 34.22 ,0.00
12/18/1995, 34.22 ,0.00
12/19/1995, 34.22 ,0.00
12/20/1995, 34.22 ,0.00
12/21/1995, 34.22 ,0.00
12/22/1995, 34.22 ,0.00
12/23/1995, 34.22 ,0.00
12/24/1995, 34.22 ,0.00
12/25/1995, 34.22 ,0.00
12/26/1995, 34.22 ,0.00
12/27/1995, 34.22 ,0.00
12/28/1995, 34.22 ,0.00
12/29/1995, 34.22 ,0.00
12/30/1995, 34.22 ,0.00
12/31/1995, 34.22 ,0.00
1/1/1996, 34.22 ,0.00
1/2/1996, 34.22 ,0.00
1/3/1996, 34.22 ,0.00
1/4/1996, 34.22 ,0.00
1/5/1996, 34.22 ,0.00
1/6/1996, 34.22 ,0.00
1/7/1996, 34.22 ,0.00
1/8/1996, 34.22 ,0.00
1/9/1996, 34.22 ,0.00
1/10/1996, 34.22 ,0.00
1/11/1996, 34.22 ,0.00
1/12/1996, 34.22 ,0.00
1/13/1996, 34.22 ,0.00
1/14/1996, 34.22 ,0.00
1/15/1996, 34.22 ,0.00
1/16/1996, 34.22 ,0.00
1/17/1996, 34.22 ,0.00
1/18/1996, 34.22 ,0.00
1/19/1996, 34.22 ,0.00
1/20/1996, 34.22 ,0.00
1/21/1996, 34.22 ,0.00
1/22/1996, 34.22 ,0.00
1/23/1996, 34.22 ,0.00
1/24/1996, 34.22 ,0.00
1/25/1996, 34.22 ,0.00
1/26/1996, 34.22 ,0.00
1/27/1996, 34.22 ,0.00
1/28/1996, 34.22 ,0.00
1/29/1996, 34.22 ,0.00
1/30/1996, 34.22 ,0.00
1/31/1996, 34.30 ,0.08
2/1/1996, 34.30 ,0.00
2/2/1996, 34.30 ,0.00
2/3/1996, 34.30 ,0.00
2/4/1996, 34.30 ,0.00
2/5/1996, 34.30 ,0.00
2/6/1996, 34.30 ,0.00
2/7/1996, 34.30 ,0.00
2/8/1996, 34.30 ,0.00
2/9/1996, 34.30 ,0.00
2/10/1996, 34.30 ,0.00
2/11/1996, 34.30 ,0.00
2/12/1996, 34.30 ,0.00
2/13/1996, 34.30 ,0.00
2/14/1996, 34.30 ,0.00
2/15/1996, 34.30 ,0.00
2/16/1996, 34.30 ,0.00
2/17/1996, 34.30 ,0.00
2/18/1996, 34.30 ,0.00
2/19/1996, 34.30 ,0.00
2/20/1996, 34.30 ,0.00
2/21/1996, 34.30 ,0.00
2/22/1996, 34.30 ,0.00
2/23/1996, 34.30 ,0.00
2/24/1996, 34.30 ,0.00
2/25/1996, 34.30 ,0.00
2/26/1996, 34.37 ,0.07
2/27/1996, 34.37 ,0.00
2/28/1996, 34.37 ,0.00
2/29/1996, 34.37 ,0.00
3/1/1996, 34.37 ,0.00
3/2/1996, 34.37 ,0.00
3/3/1996, 34.37 ,0.00
3/4/1996, 34.37 ,0.00
3/5/1996, 34.37 ,0.00
3/6/1996, 34.37 ,0.00
3/7/1996, 34.43 ,0.06
3/8/1996, 34.43 ,0.00
3/9/1996, 34.43 ,0.00
3/10/1996, 34.43 ,0.00
3/11/1996, 34.43 ,0.00
3/12/1996, 34.43 ,0.00
3/13/1996, 34.49 ,0.06
3/14/1996, 34.49 ,0.00
3/15/1996, 34.49 ,0.00
3/16/1996, 34.49 ,0.00
3/17/1996, 34.49 ,0.00
3/18/1996, 34.49 ,0.00
3/19/1996, 34.49 ,0.00
3/20/1996, 34.49 ,0.00
3/21/1996, 34.49 ,0.00
3/22/1996, 34.49 ,0.00
3/23/1996, 34.49 ,0.00
3/24/1996, 34.49 ,0.00
3/25/1996, 34.49 ,0.00
3/26/1996, 34.49 ,0.00
3/27/1996, 34.49 ,0.00
3/28/1996, 34.49 ,0.00
3/29/1996, 34.49 ,0.00
3/30/1996, 34.49 ,0.00
3/31/1996, 34.49 ,0.00
4/1/1996, 34.49 ,0.00
4/2/1996, 34.49 ,0.00
4/3/1996, 34.55 ,0.06
4/4/1996, 34.55 ,0.00
4/5/1996, 34.55 ,0.00
4/6/1996, 34.55 ,0.00
4/7/1996, 34.55 ,0.00
4/8/1996, 34.55 ,0.00
4/9/1996, 34.55 ,0.00
4/10/1996, 34.55 ,0.00
4/11/1996, 34.55 ,0.00
4/12/1996, 34.55 ,0.00
4/13/1996, 34.55 ,0.00
4/14/1996, 34.55 ,0.00
4/15/1996, 34.63 ,0.08
4/16/1996, 34.63 ,0.00
4/17/1996, 34.63 ,0.00
4/18/1996, 34.63 ,0.00
4/19/1996, 34.63 ,0.00
4/20/1996, 34.63 ,0.00
4/21/1996, 34.63 ,0.00
4/22/1996, 34.63 ,0.00
4/23/1996, 34.63 ,0.00
4/24/1996, 34.63 ,0.00
4/25/1996, 34.72 ,0.09
4/26/1996, 34.72 ,0.00
4/27/1996, 34.72 ,0.00
4/28/1996, 34.72 ,0.00
4/29/1996, 34.72 ,0.00
4/30/1996, 34.72 ,0.00
5/1/1996, 34.72 ,0.00
5/2/1996, 34.72 ,0.00
5/3/1996, 34.72 ,0.00
5/4/1996, 34.72 ,0.00
5/5/1996, 34.72 ,0.00
5/6/1996, 34.72 ,0.00
5/7/1996, 34.72 ,0.00
5/8/1996, 34.72 ,0.00
5/9/1996, 34.72 ,0.00
5/10/1996, 34.72 ,0.00
5/11/1996, 34.72 ,0.00
5/12/1996, 34.72 ,0.00
5/13/1996, 34.72 ,0.00
5/14/1996, 34.72 ,0.00
5/15/1996, 34.72 ,0.00
5/16/1996, 34.72 ,0.00
5/17/1996, 34.72 ,0.00
5/18/1996, 34.72 ,0.00
5/19/1996, 34.72 ,0.00
5/20/1996, 34.72 ,0.00
5/21/1996, 34.72 ,0.00
5/22/1996, 34.72 ,0.00
5/23/1996, 34.72 ,0.00
5/24/1996, 34.72 ,0.00
5/25/1996, 34.72 ,0.00
5/26/1996, 34.72 ,0.00
5/27/1996, 34.80 ,0.08
5/28/1996, 34.80 ,0.00
5/29/1996, 34.80 ,0.00
5/30/1996, 34.80 ,0.00
5/31/1996, 34.80 ,0.00
6/1/1996, 34.80 ,0.00
6/2/1996, 34.80 ,0.00
6/3/1996, 34.80 ,0.00
6/4/1996, 34.87 ,0.07
6/5/1996, 34.87 ,0.00
6/6/1996, 34.87 ,0.00
6/7/1996, 34.87 ,0.00
6/8/1996, 34.87 ,0.00
6/9/1996, 34.87 ,0.00
6/10/1996, 34.96 ,0.09
6/11/1996, 34.96 ,0.00
6/12/1996, 34.96 ,0.00
6/13/1996, 34.96 ,0.00
6/14/1996, 34.96 ,0.00
6/15/1996, 34.96 ,0.00
6/16/1996, 34.96 ,0.00
6/17/1996, 34.96 ,0.00
6/18/1996, 34.96 ,0.00
6/19/1996, 34.96 ,0.00
6/20/1996, 34.96 ,0.00
6/21/1996, 34.96 ,0.00
6/22/1996, 34.96 ,0.00
6/23/1996, 34.96 ,0.00
6/24/1996, 34.96 ,0.00
6/25/1996, 34.96 ,0.00
6/26/1996, 34.96 ,0.00
6/27/1996, 35.01 ,0.05
6/28/1996, 35.01 ,0.00
6/29/1996, 35.01 ,0.00
6/30/1996, 35.01 ,0.00
7/1/1996, 35.06 ,0.05
7/2/1996, 35.06 ,0.00
7/3/1996, 35.06 ,0.00
7/4/1996, 35.06 ,0.00
7/5/1996, 35.06 ,0.00
7/6/1996, 35.06 ,0.00
7/7/1996, 35.06 ,0.00
7/8/1996, 35.06 ,0.00
7/9/1996, 35.13 ,0.07
7/10/1996, 35.13 ,0.00
7/11/1996, 35.13 ,0.00
7/12/1996, 35.13 ,0.00
7/13/1996, 35.13 ,0.00
7/14/1996, 35.13 ,0.00
7/15/1996, 35.13 ,0.00
7/16/1996, 35.21 ,0.08
7/17/1996, 35.21 ,0.00
7/18/1996, 35.21 ,0.00
7/19/1996, 35.21 ,0.00
7/20/1996, 35.21 ,0.00
7/21/1996, 35.21 ,0.00
7/22/1996, 35.21 ,0.00
7/23/1996, 35.21 ,0.00
7/24/1996, 35.28 ,0.07
7/25/1996, 35.28 ,0.00
7/26/1996, 35.28 ,0.00
7/27/1996, 35.28 ,0.00
7/28/1996, 35.28 ,0.00
7/29/1996, 35.28 ,0.00
7/30/1996, 35.28 ,0.00
7/31/1996, 35.28 ,0.00
8/1/1996, 35.37 ,0.09
8/2/1996, 35.37 ,0.00
8/3/1996, 35.37 ,0.00
8/4/1996, 35.37 ,0.00
8/5/1996, 35.37 ,0.00
8/6/1996, 35.37 ,0.00
8/7/1996, 35.37 ,0.00
8/8/1996, 35.37 ,0.00
8/9/1996, 35.37 ,0.00
8/10/1996, 35.37 ,0.00
8/11/1996, 35.37 ,0.00
8/12/1996, 35.37 ,0.00
8/13/1996, 35.49 ,0.12
8/14/1996, 35.49 ,0.00
8/15/1996, 35.49 ,0.00
8/16/1996, 35.49 ,0.00
8/17/1996, 35.49 ,0.00
8/18/1996, 35.49 ,0.00
8/19/1996, 35.49 ,0.00
8/20/1996, 35.49 ,0.00
8/21/1996, 35.49 ,0.00
8/22/1996, 35.49 ,0.00
8/23/1996, 35.49 ,0.00
8/24/1996, 35.49 ,0.00
8/25/1996, 35.49 ,0.00
8/26/1996, 35.49 ,0.00
8/27/1996, 35.49 ,0.00
8/28/1996, 35.49 ,0.00
8/29/1996, 35.58 ,0.09
8/30/1996, 35.58 ,0.00
8/31/1996, 35.58 ,0.00
9/1/1996, 35.58 ,0.00
9/2/1996, 35.58 ,0.00
9/3/1996, 35.58 ,0.00
9/4/1996, 35.58 ,0.00
9/5/1996, 35.58 ,0.00
9/6/1996, 35.58 ,0.00
9/7/1996, 35.58 ,0.00
9/8/1996, 35.58 ,0.00
9/9/1996, 35.58 ,0.00
9/10/1996, 36.93 ,1.35
9/11/1996, 36.93 ,0.00
9/12/1996, 36.93 ,0.00
9/13/1996, 36.93 ,0.00
9/14/1996, 36.93 ,0.00
9/15/1996, 36.93 ,0.00
9/16/1996, 36.93 ,0.00
9/17/1996, 36.93 ,0.00
9/18/1996, 36.93 ,0.00
9/19/1996, 36.93 ,0.00
9/20/1996, 36.93 ,0.00
9/21/1996, 36.93 ,0.00
9/22/1996, 36.93 ,0.00
9/23/1996, 36.93 ,0.00
9/24/1996, 36.93 ,0.00
9/25/1996, 36.93 ,0.00
9/26/1996, 36.93 ,0.00
9/27/1996, 36.93 ,0.00
9/28/1996, 36.93 ,0.00
9/29/1996, 36.93 ,0.00
9/30/1996, 36.93 ,0.00
10/1/1996, 36.93 ,0.00
10/2/1996, 36.93 ,0.00
10/3/1996, 36.93 ,0.00
10/4/1996, 36.93 ,0.00
10/5/1996, 36.93 ,0.00
10/6/1996, 36.93 ,0.00
10/7/1996, 36.93 ,0.00
10/8/1996, 36.93 ,0.00
10/9/1996, 36.93 ,0.00
10/10/1996, 36.93 ,0.00
10/11/1996, 36.93 ,0.00
10/12/1996, 36.93 ,0.00
10/13/1996, 36.93 ,0.00
10/14/1996, 36.93 ,0.00
10/15/1996, 36.93 ,0.00
10/16/1996, 36.93 ,0.00
10/17/1996, 36.93 ,0.00
10/18/1996, 36.93 ,0.00
10/19/1996, 36.93 ,0.00
10/20/1996, 36.93 ,0.00
10/21/1996, 36.93 ,0.00
10/22/1996, 40.08 ,3.15
10/23/1996, 40.08 ,0.00
10/24/1996, 40.08 ,0.00
10/25/1996, 40.08 ,0.00
10/26/1996, 40.08 ,0.00
10/27/1996, 40.08 ,0.00
10/28/1996, 40.08 ,0.00
10/29/1996, 40.08 ,0.00
10/30/1996, 40.08 ,0.00
10/31/1996, 40.08 ,0.00
11/1/1996, 40.08 ,0.00
11/2/1996, 40.08 ,0.00
11/3/1996, 40.08 ,0.00
11/4/1996, 40.08 ,0.00
11/5/1996, 40.08 ,0.00
11/6/1996, 40.08 ,0.00
11/7/1996, 40.08 ,0.00
11/8/1996, 40.08 ,0.00
11/9/1996, 40.08 ,0.00
11/10/1996, 40.08 ,0.00
11/11/1996, 40.08 ,0.00
11/12/1996, 40.08 ,0.00
11/13/1996, 40.08 ,0.00
11/14/1996, 40.08 ,0.00
11/15/1996, 40.08 ,0.00
11/16/1996, 40.08 ,0.00
11/17/1996, 40.08 ,0.00
11/18/1996, 40.08 ,0.00
11/19/1996, 40.08 ,0.00
11/20/1996, 40.08 ,0.00
11/21/1996, 40.08 ,0.00
11/22/1996, 40.08 ,0.00
11/23/1996, 40.08 ,0.00
11/24/1996, 40.08 ,0.00
11/25/1996, 40.08 ,0.00
11/26/1996, 40.08 ,0.00
11/27/1996, 40.08 ,0.00
11/28/1996, 40.08 ,0.00
11/29/1996, 40.08 ,0.00
11/30/1996, 40.08 ,0.00
12/1/1996, 40.08 ,0.00
12/2/1996, 40.08 ,0.00
12/3/1996, 40.08 ,0.00
12/4/1996, 40.08 ,0.00
12/5/1996, 40.08 ,0.00
12/6/1996, 40.08 ,0.00
12/7/1996, 40.08 ,0.00
12/8/1996, 40.08 ,0.00
12/9/1996, 40.08 ,0.00
12/10/1996, 40.08 ,0.00
12/11/1996, 40.08 ,0.00
12/12/1996, 40.08 ,0.00
12/13/1996, 40.08 ,0.00
12/14/1996, 40.08 ,0.00
12/15/1996, 40.08 ,0.00
12/16/1996, 40.08 ,0.00
12/17/1996, 40.08 ,0.00
12/18/1996, 40.08 ,0.00
12/19/1996, 40.08 ,0.00
12/20/1996, 40.08 ,0.00
12/21/1996, 40.08 ,0.00
12/22/1996, 40.08 ,0.00
12/23/1996, 40.08 ,0.00
12/24/1996, 40.08 ,0.00
12/25/1996, 40.08 ,0.00
12/26/1996, 40.08 ,0.00
12/27/1996, 40.08 ,0.00
12/28/1996, 40.08 ,0.00
12/29/1996, 40.08 ,0.00
12/30/1996, 40.08 ,0.00
12/31/1996, 40.08 ,0.00
1/1/1997, 40.08 ,0.00
1/2/1997, 40.08 ,0.00
1/3/1997, 40.08 ,0.00
1/4/1997, 40.08 ,0.00
1/5/1997, 40.08 ,0.00
1/6/1997, 40.08 ,0.00
1/7/1997, 40.08 ,0.00
1/8/1997, 40.08 ,0.00
1/9/1997, 40.08 ,0.00
1/10/1997, 40.08 ,0.00
1/11/1997, 40.08 ,0.00
1/12/1997, 40.08 ,0.00
1/13/1997, 40.08 ,0.00
1/14/1997, 40.08 ,0.00
1/15/1997, 40.08 ,0.00
1/16/1997, 40.08 ,0.00
1/17/1997, 40.08 ,0.00
1/18/1997, 40.08 ,0.00
1/19/1997, 40.08 ,0.00
1/20/1997, 40.08 ,0.00
1/21/1997, 40.08 ,0.00
1/22/1997, 40.08 ,0.00
1/23/1997, 40.08 ,0.00
1/24/1997, 40.08 ,0.00
1/25/1997, 40.08 ,0.00
1/26/1997, 40.08 ,0.00
1/27/1997, 40.08 ,0.00
1/28/1997, 40.08 ,0.00
1/29/1997, 40.07 ,-0.01
1/30/1997, 40.08 ,0.01
1/31/1997, 40.08 ,0.00
2/1/1997, 40.08 ,0.00
2/2/1997, 40.08 ,0.00
2/3/1997, 40.08 ,0.00
2/4/1997, 40.08 ,0.00
2/5/1997, 40.00 ,-0.08
2/6/1997, 40.08 ,0.08
2/7/1997, 40.08 ,0.00
2/8/1997, 40.08 ,0.00
2/9/1997, 40.08 ,0.00
2/10/1997, 40.08 ,0.00
2/11/1997, 40.08 ,0.00
2/12/1997, 40.08 ,0.00
2/13/1997, 40.08 ,0.00
2/14/1997, 40.08 ,0.00
2/15/1997, 40.08 ,0.00
2/16/1997, 40.08 ,0.00
2/17/1997, 40.08 ,0.00
2/18/1997, 40.08 ,0.00
2/19/1997, 40.08 ,0.00
2/20/1997, 40.08 ,0.00
2/21/1997, 40.08 ,0.00
2/22/1997, 40.08 ,0.00
2/23/1997, 40.08 ,0.00
2/24/1997, 40.08 ,0.00
2/25/1997, 40.08 ,0.00
2/26/1997, 40.08 ,0.00
2/27/1997, 40.08 ,0.00
2/28/1997, 40.08 ,0.00
3/1/1997, 40.08 ,0.00
3/2/1997, 40.08 ,0.00
3/3/1997, 40.08 ,0.00
3/4/1997, 40.08 ,0.00
3/5/1997, 40.08 ,0.00
3/6/1997, 40.08 ,0.00
3/7/1997, 40.08 ,0.00
3/8/1997, 40.08 ,0.00
3/9/1997, 40.08 ,0.00
3/10/1997, 40.08 ,0.00
3/11/1997, 40.08 ,0.00
3/12/1997, 40.08 ,0.00
3/13/1997, 40.08 ,0.00
3/14/1997, 40.08 ,0.00
3/15/1997, 40.08 ,0.00
3/16/1997, 40.08 ,0.00
3/17/1997, 40.08 ,0.00
3/18/1997, 40.08 ,0.00
3/19/1997, 40.08 ,0.00
3/20/1997, 40.08 ,0.00
3/21/1997, 40.08 ,0.00
3/22/1997, 40.08 ,0.00
3/23/1997, 40.08 ,0.00
3/24/1997, 40.08 ,0.00
3/25/1997, 40.08 ,0.00
3/26/1997, 40.08 ,0.00
3/27/1997, 40.08 ,0.00
3/28/1997, 40.08 ,0.00
3/29/1997, 40.08 ,0.00
3/30/1997, 40.08 ,0.00
3/31/1997, 40.08 ,0.00
4/1/1997, 40.08 ,0.00
4/2/1997, 40.08 ,0.00
4/3/1997, 40.08 ,0.00
4/4/1997, 40.08 ,0.00
4/5/1997, 40.08 ,0.00
4/6/1997, 40.08 ,0.00
4/7/1997, 40.08 ,0.00
4/8/1997, 40.08 ,0.00
4/9/1997, 40.08 ,0.00
4/10/1997, 40.08 ,0.00
4/11/1997, 40.08 ,0.00
4/12/1997, 40.08 ,0.00
4/13/1997, 40.08 ,0.00
4/14/1997, 40.08 ,0.00
4/15/1997, 40.08 ,0.00
4/16/1997, 40.08 ,0.00
4/17/1997, 40.08 ,0.00
4/18/1997, 40.08 ,0.00
4/19/1997, 40.08 ,0.00
4/20/1997, 40.08 ,0.00
4/21/1997, 40.08 ,0.00
4/22/1997, 40.08 ,0.00
4/23/1997, 40.20 ,0.12
4/24/1997, 40.20 ,0.00
4/25/1997, 40.20 ,0.00
4/26/1997, 40.20 ,0.00
4/27/1997, 40.20 ,0.00
4/28/1997, 40.20 ,0.00
4/29/1997, 40.20 ,0.00
4/30/1997, 40.20 ,0.00
5/1/1997, 40.20 ,0.00
5/2/1997, 40.20 ,0.00
5/3/1997, 40.20 ,0.00
5/4/1997, 40.20 ,0.00
5/5/1997, 40.20 ,0.00
5/6/1997, 40.29 ,0.09
5/7/1997, 40.29 ,0.00
5/8/1997, 40.29 ,0.00
5/9/1997, 40.29 ,0.00
5/10/1997, 40.29 ,0.00
5/11/1997, 40.29 ,0.00
5/12/1997, 40.29 ,0.00
5/13/1997, 40.29 ,0.00
5/14/1997, 40.29 ,0.00
5/15/1997, 40.29 ,0.00
5/16/1997, 40.29 ,0.00
5/17/1997, 40.29 ,0.00
5/18/1997, 40.29 ,0.00
5/19/1997, 40.29 ,0.00
5/20/1997, 40.29 ,0.00
5/21/1997, 40.29 ,0.00
5/22/1997, 40.29 ,0.00
5/23/1997, 40.35 ,0.06
5/24/1997, 40.35 ,0.00
5/25/1997, 40.35 ,0.00
5/26/1997, 40.35 ,0.00
5/27/1997, 40.35 ,0.00
5/28/1997, 40.35 ,0.00
5/29/1997, 40.28 ,-0.07
5/30/1997, 40.35 ,0.07
5/31/1997, 40.35 ,0.00
6/1/1997, 40.35 ,0.00
6/2/1997, 40.34 ,-0.01
6/3/1997, 40.35 ,0.01
6/4/1997, 40.35 ,0.00
6/5/1997, 40.35 ,0.00
6/6/1997, 40.35 ,0.00
6/7/1997, 40.35 ,0.00
6/8/1997, 40.35 ,0.00
6/9/1997, 40.35 ,0.00
6/10/1997, 40.35 ,0.00
6/11/1997, 40.35 ,0.00
6/12/1997, 40.35 ,0.00
6/13/1997, 40.35 ,0.00
6/14/1997, 40.35 ,0.00
6/15/1997, 40.35 ,0.00
6/16/1997, 40.35 ,0.00
6/17/1997, 40.35 ,0.00
6/18/1997, 40.35 ,0.00
6/19/1997, 40.35 ,0.00
6/20/1997, 40.35 ,0.00
6/21/1997, 40.35 ,0.00
6/22/1997, 40.35 ,0.00
6/23/1997, 40.35 ,0.00
6/24/1997, 40.35 ,0.00
6/25/1997, 40.35 ,0.00
6/26/1997, 40.35 ,0.00
6/27/1997, 40.35 ,0.00
6/28/1997, 40.35 ,0.00
6/29/1997, 40.35 ,0.00
6/30/1997, 40.42 ,0.07
7/1/1997, 40.42 ,0.00
7/2/1997, 40.42 ,0.00
7/3/1997, 40.42 ,0.00
7/4/1997, 40.42 ,0.00
7/5/1997, 40.42 ,0.00
7/6/1997, 40.42 ,0.00
7/7/1997, 40.40 ,-0.02
7/8/1997, 40.42 ,0.02
7/9/1997, 40.42 ,0.00
7/10/1997, 40.42 ,0.00
7/11/1997, 40.48 ,0.06
7/12/1997, 40.48 ,0.00
7/13/1997, 40.48 ,0.00
7/14/1997, 40.48 ,0.00
7/15/1997, 40.48 ,0.00
7/16/1997, 40.48 ,0.00
7/17/1997, 40.48 ,0.00
7/18/1997, 40.48 ,0.00
7/19/1997, 40.48 ,0.00
7/20/1997, 40.48 ,0.00
7/21/1997, 40.48 ,0.00
7/22/1997, 40.45 ,-0.03
7/23/1997, 40.48 ,0.03
7/24/1997, 40.48 ,0.00
7/25/1997, 40.48 ,0.00
7/26/1997, 40.48 ,0.00
7/27/1997, 40.48 ,0.00
7/28/1997, 40.48 ,0.00
7/29/1997, 40.48 ,0.00
7/30/1997, 40.48 ,0.00
7/31/1997, 40.48 ,0.00
8/1/1997, 40.48 ,0.00
8/2/1997, 40.48 ,0.00
8/3/1997, 40.48 ,0.00
8/4/1997, 40.48 ,0.00
8/5/1997, 40.48 ,0.00
8/6/1997, 40.48 ,0.00
8/7/1997, 40.48 ,0.00
8/8/1997, 40.48 ,0.00
8/9/1997, 40.48 ,0.00
8/10/1997, 40.48 ,0.00
8/11/1997, 40.48 ,0.00
8/12/1997, 40.48 ,0.00
8/13/1997, 40.48 ,0.00
8/14/1997, 40.48 ,0.00
8/15/1997, 40.48 ,0.00
8/16/1997, 40.48 ,0.00
8/17/1997, 40.48 ,0.00
8/18/1997, 40.48 ,0.00
8/19/1997, 40.48 ,0.00
8/20/1997, 40.48 ,0.00
8/21/1997, 40.48 ,0.00
8/22/1997, 40.48 ,0.00
8/23/1997, 40.48 ,0.00
8/24/1997, 40.48 ,0.00
8/25/1997, 40.48 ,0.00
8/26/1997, 40.48 ,0.00
8/27/1997, 40.48 ,0.00
8/28/1997, 40.48 ,0.00
8/29/1997, 40.48 ,0.00
8/30/1997, 40.48 ,0.00
8/31/1997, 40.48 ,0.00
9/1/1997, 40.48 ,0.00
9/2/1997, 40.48 ,0.00
9/3/1997, 40.80 ,0.32
9/4/1997, 40.48 ,-0.32
9/5/1997, 40.48 ,0.00
9/6/1997, 40.48 ,0.00
9/7/1997, 40.48 ,0.00
9/8/1997, 40.48 ,0.00
9/9/1997, 40.48 ,0.00
9/10/1997, 40.48 ,0.00
9/11/1997, 40.48 ,0.00
9/12/1997, 40.48 ,0.00
9/13/1997, 40.48 ,0.00
9/14/1997, 40.48 ,0.00
9/15/1997, 40.48 ,0.00
9/16/1997, 40.46 ,-0.02
9/17/1997, 40.48 ,0.02
9/18/1997, 40.48 ,0.00
9/19/1997, 40.48 ,0.00
9/20/1997, 40.48 ,0.00
9/21/1997, 40.48 ,0.00
9/22/1997, 40.48 ,0.00
9/23/1997, 40.48 ,0.00
9/24/1997, 40.48 ,0.00
9/25/1997, 40.48 ,0.00
9/26/1997, 40.48 ,0.00
9/27/1997, 40.48 ,0.00
9/28/1997, 40.48 ,0.00
9/29/1997, 40.48 ,0.00
9/30/1997, 40.48 ,0.00
10/1/1997, 40.48 ,0.00
10/2/1997, 40.48 ,0.00
10/3/1997, 40.48 ,0.00
10/4/1997, 40.48 ,0.00
10/5/1997, 40.48 ,0.00
10/6/1997, 40.48 ,0.00
10/7/1997, 40.48 ,0.00
10/8/1997, 40.48 ,0.00
10/9/1997, 40.48 ,0.00
10/10/1997, 40.48 ,0.00
10/11/1997, 40.48 ,0.00
10/12/1997, 40.48 ,0.00
10/13/1997, 40.48 ,0.00
10/14/1997, 40.48 ,0.00
10/15/1997, 44.01 ,3.53
10/16/1997, 44.01 ,0.00
10/17/1997, 44.01 ,0.00
10/18/1997, 44.01 ,0.00
10/19/1997, 44.01 ,0.00
10/20/1997, 44.01 ,0.00
10/21/1997, 44.01 ,0.00
10/22/1997, 44.01 ,0.00
10/23/1997, 44.01 ,0.00
10/24/1997, 44.01 ,0.00
10/25/1997, 44.01 ,0.00
10/26/1997, 44.01 ,0.00
10/27/1997, 44.01 ,0.00
10/28/1997, 44.01 ,0.00
10/29/1997, 44.01 ,0.00
10/30/1997, 44.01 ,0.00
10/31/1997, 44.01 ,0.00
11/1/1997, 44.01 ,0.00
11/2/1997, 44.01 ,0.00
11/3/1997, 44.01 ,0.00
11/4/1997, 44.01 ,0.00
11/5/1997, 44.01 ,0.00
11/6/1997, 44.01 ,0.00
11/7/1997, 44.01 ,0.00
11/8/1997, 44.01 ,0.00
11/9/1997, 44.01 ,0.00
11/10/1997, 44.01 ,0.00
11/11/1997, 44.01 ,0.00
11/12/1997, 44.01 ,0.00
11/13/1997, 44.01 ,0.00
11/14/1997, 44.01 ,0.00
11/15/1997, 44.01 ,0.00
11/16/1997, 44.01 ,0.00
11/17/1997, 44.01 ,0.00
11/18/1997, 44.01 ,0.00
11/19/1997, 44.01 ,0.00
11/20/1997, 44.01 ,0.00
11/21/1997, 44.01 ,0.00
11/22/1997, 44.01 ,0.00
11/23/1997, 44.01 ,0.00
11/24/1997, 44.01 ,0.00
11/25/1997, 44.01 ,0.00
11/26/1997, 44.01 ,0.00
11/27/1997, 44.01 ,0.00
11/28/1997, 44.01 ,0.00
11/29/1997, 44.01 ,0.00
11/30/1997, 44.01 ,0.00
12/1/1997, 44.01 ,0.00
12/2/1997, 44.01 ,0.00
12/3/1997, 44.01 ,0.00
12/4/1997, 44.01 ,0.00
12/5/1997, 44.01 ,0.00
12/6/1997, 44.01 ,0.00
12/7/1997, 44.01 ,0.00
12/8/1997, 44.01 ,0.00
12/9/1997, 44.01 ,0.00
12/10/1997, 44.01 ,0.00
12/11/1997, 44.01 ,0.00
12/12/1997, 44.01 ,0.00
12/13/1997, 44.01 ,0.00
12/14/1997, 44.01 ,0.00
12/15/1997, 44.01 ,0.00
12/16/1997, 44.01 ,0.00
12/17/1997, 44.01 ,0.00
12/18/1997, 44.01 ,0.00
12/19/1997, 44.01 ,0.00
12/20/1997, 44.01 ,0.00
12/21/1997, 44.01 ,0.00
12/22/1997, 44.01 ,0.00
12/23/1997, 44.01 ,0.00
12/24/1997, 44.01 ,0.00
12/25/1997, 44.01 ,0.00
12/26/1997, 44.01 ,0.00
12/27/1997, 44.01 ,0.00
12/28/1997, 44.01 ,0.00
12/29/1997, 44.01 ,0.00
12/30/1997, 44.01 ,0.00
12/31/1997, 44.01 ,0.00
1/1/1998, 44.01 ,0.00
1/2/1998, 44.01 ,0.00
1/3/1998, 44.01 ,0.00
1/4/1998, 44.01 ,0.00
1/5/1998, 44.01 ,0.00
1/6/1998, 44.01 ,0.00
1/7/1998, 44.01 ,0.00
1/8/1998, 44.01 ,0.00
1/9/1998, 44.01 ,0.00
1/10/1998, 44.01 ,0.00
1/11/1998, 44.01 ,0.00
1/12/1998, 44.01 ,0.00
1/13/1998, 44.01 ,0.00
1/14/1998, 44.01 ,0.00
1/15/1998, 44.01 ,0.00
1/16/1998, 44.01 ,0.00
1/17/1998, 44.01 ,0.00
1/18/1998, 44.01 ,0.00
1/19/1998, 44.01 ,0.00
1/20/1998, 44.01 ,0.00
1/21/1998, 44.01 ,0.00
1/22/1998, 44.01 ,0.00
1/23/1998, 44.01 ,0.00
1/24/1998, 44.01 ,0.00
1/25/1998, 44.01 ,0.00
1/26/1998, 44.01 ,0.00
1/27/1998, 44.01 ,0.00
1/28/1998, 44.01 ,0.00
1/29/1998, 44.01 ,0.00
1/30/1998, 44.01 ,0.00
1/31/1998, 44.01 ,0.00
2/1/1998, 44.01 ,0.00
2/2/1998, 44.01 ,0.00
2/3/1998, 44.01 ,0.00
2/4/1998, 44.01 ,0.00
2/5/1998, 44.01 ,0.00
2/6/1998, 44.01 ,0.00
2/7/1998, 44.01 ,0.00
2/8/1998, 44.01 ,0.00
2/9/1998, 44.01 ,0.00
2/10/1998, 44.01 ,0.00
2/11/1998, 44.01 ,0.00
2/12/1998, 44.01 ,0.00
2/13/1998, 44.01 ,0.00
2/14/1998, 44.01 ,0.00
2/15/1998, 44.01 ,0.00
2/16/1998, 44.01 ,0.00
2/17/1998, 44.01 ,0.00
2/18/1998, 44.01 ,0.00
2/19/1998, 44.01 ,0.00
2/20/1998, 44.01 ,0.00
2/21/1998, 44.01 ,0.00
2/22/1998, 44.01 ,0.00
2/23/1998, 44.01 ,0.00
2/24/1998, 44.01 ,0.00
2/25/1998, 44.01 ,0.00
2/26/1998, 44.01 ,0.00
2/27/1998, 44.01 ,0.00
2/28/1998, 44.01 ,0.00
3/1/1998, 44.01 ,0.00
3/2/1998, 44.01 ,0.00
3/3/1998, 44.01 ,0.00
3/4/1998, 44.01 ,0.00
3/5/1998, 44.01 ,0.00
3/6/1998, 44.01 ,0.00
3/7/1998, 44.01 ,0.00
3/8/1998, 44.01 ,0.00
3/9/1998, 44.01 ,0.00
3/10/1998, 44.01 ,0.00
3/11/1998, 44.01 ,0.00
3/12/1998, 44.01 ,0.00
3/13/1998, 44.01 ,0.00
3/14/1998, 44.01 ,0.00
3/15/1998, 44.01 ,0.00
3/16/1998, 44.01 ,0.00
3/17/1998, 44.01 ,0.00
3/18/1998, 44.01 ,0.00
3/19/1998, 44.01 ,0.00
3/20/1998, 44.01 ,0.00
3/21/1998, 44.01 ,0.00
3/22/1998, 44.01 ,0.00
3/23/1998, 44.30 ,0.29
3/24/1998, 44.35 ,0.05
3/25/1998, 44.23 ,-0.12
3/26/1998, 44.28 ,0.05
3/27/1998, 44.11 ,-0.17
3/28/1998, 44.11 ,0.00
3/29/1998, 44.11 ,0.00
3/30/1998, 44.15 ,0.04
3/31/1998, 44.16 ,0.01
4/1/1998, 44.23 ,0.07
4/2/1998, 44.26 ,0.03
4/3/1998, 44.41 ,0.15
4/4/1998, 44.41 ,0.00
4/5/1998, 44.41 ,0.00
4/6/1998, 44.43 ,0.02
4/7/1998, 44.43 ,0.00
4/8/1998, 44.43 ,0.00
4/9/1998, 44.43 ,0.00
4/10/1998, 44.40 ,-0.03
4/11/1998, 44.40 ,0.00
4/12/1998, 44.40 ,0.00
4/13/1998, 44.46 ,0.06
4/14/1998, 44.42 ,-0.04
4/15/1998, 44.40 ,-0.02
4/16/1998, 44.32 ,-0.08
4/17/1998, 44.28 ,-0.04
4/18/1998, 44.28 ,0.00
4/19/1998, 44.28 ,0.00
4/20/1998, 44.26 ,-0.02
4/21/1998, 44.24 ,-0.02
4/22/1998, 44.18 ,-0.06
4/23/1998, 44.13 ,-0.05
4/24/1998, 44.08 ,-0.05
4/25/1998, 44.08 ,0.00
4/26/1998, 44.08 ,0.00
4/27/1998, 44.05 ,-0.03
4/28/1998, 44.05 ,0.00
4/29/1998, 44.05 ,0.00
4/30/1998, 44.05 ,0.00
5/1/1998, 44.05 ,0.00
5/2/1998, 44.05 ,0.00
5/3/1998, 44.05 ,0.00
5/4/1998, 44.05 ,0.00
5/5/1998, 44.05 ,0.00
5/6/1998, 44.05 ,0.00
5/7/1998, 44.05 ,0.00
5/8/1998, 44.06 ,0.01
5/9/1998, 44.06 ,0.00
5/10/1998, 44.06 ,0.00
5/11/1998, 44.05 ,-0.01
5/12/1998, 44.05 ,0.00
5/13/1998, 44.06 ,0.01
5/14/1998, 44.06 ,0.00
5/15/1998, 44.12 ,0.06
5/16/1998, 44.12 ,0.00
5/17/1998, 44.12 ,0.00
5/18/1998, 44.18 ,0.06
5/19/1998, 44.17 ,-0.01
5/20/1998, 44.16 ,-0.01
5/21/1998, 44.13 ,-0.03
5/22/1998, 44.05 ,-0.08
5/23/1998, 44.05 ,0.00
5/24/1998, 44.05 ,0.00
5/25/1998, 44.10 ,0.05
5/26/1998, 44.16 ,0.06
5/27/1998, 44.21 ,0.05
5/28/1998, 44.15 ,-0.06
5/29/1998, 44.40 ,0.25
5/30/1998, 44.40 ,0.00
5/31/1998, 44.40 ,0.00
6/1/1998, 44.46 ,0.06
6/2/1998, 44.47 ,0.01
6/3/1998, 44.35 ,-0.12
6/4/1998, 44.46 ,0.11
6/5/1998, 44.46 ,0.00
6/6/1998, 44.46 ,0.00
6/7/1998, 44.46 ,0.00
6/8/1998, 44.45 ,-0.01
6/9/1998, 44.35 ,-0.10
6/10/1998, 44.25 ,-0.10
6/11/1998, 44.46 ,0.21
6/12/1998, 44.47 ,0.01
6/13/1998, 44.47 ,0.00
6/14/1998, 44.47 ,0.00
6/15/1998, 44.45 ,-0.02
6/16/1998, 44.40 ,-0.05
6/17/1998, 44.43 ,0.03
6/18/1998, 44.30 ,-0.13
6/19/1998, 44.25 ,-0.05
6/20/1998, 44.25 ,0.00
6/21/1998, 44.25 ,0.00
6/22/1998, 44.30 ,0.05
6/23/1998, 44.44 ,0.14
6/24/1998, 44.30 ,-0.14
6/25/1998, 44.40 ,0.10
6/26/1998, 44.47 ,0.07
6/27/1998, 44.47 ,0.00
6/28/1998, 44.47 ,0.00
6/29/1998, 46.05 ,1.58
6/30/1998, 46.08 ,0.03
7/1/1998, 46.08 ,0.00
7/2/1998, 46.25 ,0.17
7/3/1998, 46.35 ,0.10
7/4/1998, 46.35 ,0.00
7/5/1998, 46.35 ,0.00
7/6/1998, 46.41 ,0.06
7/7/1998, 46.20 ,-0.21
7/8/1998, 46.41 ,0.21
7/9/1998, 46.45 ,0.04
7/10/1998, 46.45 ,0.00
7/11/1998, 46.45 ,0.00
7/12/1998, 46.45 ,0.00
7/13/1998, 46.41 ,-0.04
7/14/1998, 46.44 ,0.03
7/15/1998, 46.40 ,-0.04
7/16/1998, 46.30 ,-0.10
7/17/1998, 46.45 ,0.15
7/18/1998, 46.45 ,0.00
7/19/1998, 46.45 ,0.00
7/20/1998, 46.40 ,-0.05
7/21/1998, 47.50 ,1.10
7/22/1998, 47.25 ,-0.25
7/23/1998, 50.50 ,3.25
7/24/1998, 50.75 ,0.25
7/25/1998, 50.75 ,0.00
7/26/1998, 50.75 ,0.00
7/27/1998, 50.40 ,-0.35
7/28/1998, 52.25 ,1.85
7/29/1998, 52.40 ,0.15
7/30/1998, 52.25 ,-0.15
7/31/1998, 52.40 ,0.15
8/1/1998, 52.40 ,0.00
8/2/1998, 52.40 ,0.00
8/3/1998, 52.85 ,0.45
8/4/1998, 53.30 ,0.45
8/5/1998, 53.55 ,0.25
8/6/1998, 53.75 ,0.20
8/7/1998, 54.00 ,0.25
8/8/1998, 54.00 ,0.00
8/9/1998, 54.00 ,0.00
8/10/1998, 54.05 ,0.05
8/11/1998, 53.25 ,-0.80
8/12/1998, 53.35 ,0.10
8/13/1998, 53.40 ,0.05
8/14/1998, 53.40 ,0.00
8/15/1998, 53.40 ,0.00
8/16/1998, 53.40 ,0.00
8/17/1998, 53.45 ,0.05
8/18/1998, 53.35 ,-0.10
8/19/1998, 53.45 ,0.10
8/20/1998, 53.45 ,0.00
8/21/1998, 53.75 ,0.30
8/22/1998, 53.75 ,0.00
8/23/1998, 53.75 ,0.00
8/24/1998, 54.00 ,0.25
8/25/1998, 53.90 ,-0.10
8/26/1998, 53.95 ,0.05
8/27/1998, 53.85 ,-0.10
8/28/1998, 53.90 ,0.05
8/29/1998, 53.90 ,0.00
8/30/1998, 53.90 ,0.00
8/31/1998, 53.85 ,-0.05
9/1/1998, 53.95 ,0.10
9/2/1998, 53.80 ,-0.15
9/3/1998, 53.65 ,-0.15
9/4/1998, 53.70 ,0.05
9/5/1998, 53.70 ,0.00
9/6/1998, 53.70 ,0.00
9/7/1998, 53.75 ,0.05
9/8/1998, 53.90 ,0.15
9/9/1998, 54.25 ,0.35
9/10/1998, 53.85 ,-0.40
9/11/1998, 53.80 ,-0.05
9/12/1998, 53.80 ,0.00
9/13/1998, 53.80 ,0.00
9/14/1998, 54.05 ,0.25
9/15/1998, 53.85 ,-0.20
9/16/1998, 53.90 ,0.05
9/17/1998, 53.90 ,0.00
9/18/1998, 54.00 ,0.10
9/19/1998, 54.00 ,0.00
9/20/1998, 54.00 ,0.00
9/21/1998, 53.95 ,-0.05
9/22/1998, 53.99 ,0.04
9/23/1998, 53.97 ,-0.02
9/24/1998, 54.05 ,0.08
9/25/1998, 53.98 ,-0.07
9/26/1998, 53.98 ,0.00
9/27/1998, 53.98 ,0.00
9/28/1998, 54.02 ,0.04
9/29/1998, 54.07 ,0.05
9/30/1998, 54.12 ,0.05
10/1/1998, 54.10 ,-0.02
10/2/1998, 54.05 ,-0.05
10/3/1998, 54.05 ,0.00
10/4/1998, 54.05 ,0.00
10/5/1998, 54.15 ,0.10
10/6/1998, 54.14 ,-0.01
10/7/1998, 54.14 ,0.00
10/8/1998, 54.17 ,0.03
10/9/1998, 54.15 ,-0.02
10/10/1998, 54.15 ,0.00
10/11/1998, 54.15 ,0.00
10/12/1998, 54.16 ,0.01
10/13/1998, 54.15 ,-0.01
10/14/1998, 54.22 ,0.07
10/15/1998, 54.19 ,-0.03
10/16/1998, 54.25 ,0.06
10/17/1998, 54.25 ,0.00
10/18/1998, 54.25 ,0.00
10/19/1998, 54.56 ,0.31
10/20/1998, 54.57 ,0.01
10/21/1998, 54.76 ,0.19
10/22/1998, 55.05 ,0.29
10/23/1998, 55.20 ,0.15
10/24/1998, 55.20 ,0.00
10/25/1998, 55.20 ,0.00
10/26/1998, 55.38 ,0.18
10/27/1998, 55.40 ,0.02
10/28/1998, 55.42 ,0.02
10/29/1998, 55.50 ,0.08
10/30/1998, 55.65 ,0.15
10/31/1998, 55.65 ,0.00
11/1/1998, 55.65 ,0.00
11/2/1998, 56.10 ,0.45
11/3/1998, 56.20 ,0.10
11/4/1998, 56.60 ,0.40
11/5/1998, 56.85 ,0.25
11/6/1998, 57.15 ,0.30
11/7/1998, 57.15 ,0.00
11/8/1998, 57.15 ,0.00
11/9/1998, 57.15 ,0.00
11/10/1998, 57.30 ,0.15
11/11/1998, 57.35 ,0.05
11/12/1998, 57.20 ,-0.15
11/13/1998, 56.90 ,-0.30
11/14/1998, 56.90 ,0.00
11/15/1998, 56.90 ,0.00
11/16/1998, 54.65 ,-2.25
11/17/1998, 54.00 ,-0.65
11/18/1998, 54.40 ,0.40
11/19/1998, 54.30 ,-0.10
11/20/1998, 54.50 ,0.20
11/21/1998, 54.50 ,0.00
11/22/1998, 54.50 ,0.00
11/23/1998, 53.92 ,-0.58
11/24/1998, 53.85 ,-0.07
11/25/1998, 54.10 ,0.25
11/26/1998, 54.15 ,0.05
11/27/1998, 54.15 ,0.00
11/28/1998, 54.15 ,0.00
11/29/1998, 54.15 ,0.00
11/30/1998, 53.85 ,-0.30
12/1/1998, 53.75 ,-0.10
12/2/1998, 53.80 ,0.05
12/3/1998, 53.95 ,0.15
12/4/1998, 54.05 ,0.10
12/5/1998, 54.05 ,0.00
12/6/1998, 54.05 ,0.00
12/7/1998, 54.35 ,0.30
12/8/1998, 54.15 ,-0.20
12/9/1998, 54.06 ,-0.09
12/10/1998, 53.70 ,-0.36
12/11/1998, 53.90 ,0.20
12/12/1998, 53.90 ,0.00
12/13/1998, 53.90 ,0.00
12/14/1998, 51.70 ,-2.20
12/15/1998, 51.96 ,0.26
12/16/1998, 52.07 ,0.11
12/17/1998, 52.24 ,0.17
12/18/1998, 52.20 ,-0.04
12/19/1998, 52.20 ,0.00
12/20/1998, 52.20 ,0.00
12/21/1998, 52.16 ,-0.04
12/22/1998, 50.45 ,-1.71
12/23/1998, 52.15 ,1.70
12/24/1998, 51.70 ,-0.45
12/25/1998, 51.70 ,0.00
12/26/1998, 51.70 ,0.00
12/27/1998, 51.70 ,0.00
12/28/1998, 51.50 ,-0.20
12/29/1998, 51.60 ,0.10
12/30/1998, 50.60 ,-1.00
12/31/1998, 49.70 ,-0.90
1/1/1999, 49.70 ,0.00
1/2/1999, 49.70 ,0.00
1/3/1999, 49.70 ,0.00
1/4/1999, 51.10 ,1.40
1/5/1999, 50.89 ,-0.21
1/6/1999, 50.94 ,0.05
1/7/1999, 50.70 ,-0.24
1/8/1999, 49.75 ,-0.95
1/9/1999, 49.75 ,0.00
1/10/1999, 49.75 ,0.00
1/11/1999, 50.95 ,1.20
1/12/1999, 50.35 ,-0.60
1/13/1999, 50.86 ,0.51
1/14/1999, 50.95 ,0.09
1/15/1999, 50.70 ,-0.25
1/16/1999, 50.70 ,0.00
1/17/1999, 50.70 ,0.00
1/18/1999, 50.72 ,0.02
1/19/1999, 50.72 ,0.00
1/20/1999, 50.72 ,0.00
1/21/1999, 50.46 ,-0.26
1/22/1999, 50.45 ,-0.01
1/23/1999, 50.45 ,0.00
1/24/1999, 50.45 ,0.00
1/25/1999, 50.92 ,0.47
1/26/1999, 51.23 ,0.31
1/27/1999, 51.16 ,-0.07
1/28/1999, 51.14 ,-0.02
1/29/1999, 50.97 ,-0.17
1/30/1999, 50.97 ,0.00
1/31/1999, 50.97 ,0.00
2/1/1999, 51.08 ,0.11
2/2/1999, 51.26 ,0.18
2/3/1999, 51.30 ,0.04
2/4/1999, 51.48 ,0.18
2/5/1999, 51.65 ,0.17
2/6/1999, 51.65 ,0.00
2/7/1999, 51.65 ,0.00
2/8/1999, 49.85 ,-1.80
2/9/1999, 50.62 ,0.77
2/10/1999, 50.95 ,0.33
2/11/1999, 51.30 ,0.35
2/12/1999, 51.00 ,-0.30
2/13/1999, 51.00 ,0.00
2/14/1999, 51.00 ,0.00
2/15/1999, 51.04 ,0.04
2/16/1999, 51.14 ,0.10
2/17/1999, 51.18 ,0.04
2/18/1999, 51.25 ,0.07
2/19/1999, 51.24 ,-0.01
2/20/1999, 51.24 ,0.00
2/21/1999, 51.24 ,0.00
2/22/1999, 51.23 ,-0.01
2/23/1999, 51.15 ,-0.08
2/24/1999, 51.10 ,-0.05
2/25/1999, 51.20 ,0.10
2/26/1999, 51.20 ,0.00
2/27/1999, 51.20 ,0.00
2/28/1999, 51.20 ,0.00
3/1/1999, 51.33 ,0.13
3/2/1999, 51.21 ,-0.12
3/3/1999, 51.10 ,-0.11
3/4/1999, 50.83 ,-0.27
3/5/1999, 50.80 ,-0.03
3/6/1999, 50.80 ,0.00
3/7/1999, 50.80 ,0.00
3/8/1999, 50.85 ,0.05
3/9/1999, 49.40 ,-1.45
3/10/1999, 49.40 ,0.00
3/11/1999, 49.50 ,0.10
3/12/1999, 49.70 ,0.20
3/13/1999, 49.70 ,0.00
3/14/1999, 49.70 ,0.00
3/15/1999, 50.25 ,0.55
3/16/1999, 50.45 ,0.20
3/17/1999, 50.45 ,0.00
3/18/1999, 49.80 ,-0.65
3/19/1999, 49.95 ,0.15
3/20/1999, 49.95 ,0.00
3/21/1999, 49.95 ,0.00
3/22/1999, 50.36 ,0.41
3/23/1999, 50.42 ,0.06
3/24/1999, 50.55 ,0.13
3/25/1999, 50.35 ,-0.20
3/26/1999, 50.16 ,-0.19
3/27/1999, 50.16 ,0.00
3/28/1999, 50.16 ,0.00
3/29/1999, 50.16 ,0.00
3/30/1999, 50.16 ,0.00
3/31/1999, 49.90 ,-0.26
4/1/1999, 50.32 ,0.42
4/2/1999, 50.43 ,0.11
4/3/1999, 50.43 ,0.00
4/4/1999, 50.43 ,0.00
4/5/1999, 50.30 ,-0.13
4/6/1999, 50.37 ,0.07
4/7/1999, 50.60 ,0.23
4/8/1999, 50.65 ,0.05
4/9/1999, 50.60 ,-0.05
4/10/1999, 50.60 ,0.00
4/11/1999, 50.60 ,0.00
4/12/1999, 50.68 ,0.08
4/13/1999, 50.68 ,0.00
4/14/1999, 50.69 ,0.01
4/15/1999, 50.25 ,-0.44
4/16/1999, 50.40 ,0.15
4/17/1999, 50.40 ,0.00
4/18/1999, 50.40 ,0.00
4/19/1999, 50.54 ,0.14
4/20/1999, 50.50 ,-0.04
4/21/1999, 50.58 ,0.08
4/22/1999, 50.63 ,0.05
4/23/1999, 50.67 ,0.04
4/24/1999, 50.67 ,0.00
4/25/1999, 50.67 ,0.00
4/26/1999, 50.30 ,-0.37
4/27/1999, 50.10 ,-0.20
4/28/1999, 50.58 ,0.48
4/29/1999, 50.60 ,0.02
4/30/1999, 50.69 ,0.09
5/1/1999, 50.69 ,0.00
5/2/1999, 50.69 ,0.00
5/3/1999, 50.69 ,0.00
5/4/1999, 50.79 ,0.10
5/5/1999, 50.94 ,0.15
5/6/1999, 50.95 ,0.01
5/7/1999, 50.67 ,-0.28
5/8/1999, 50.67 ,0.00
5/9/1999, 50.67 ,0.00
5/10/1999, 50.65 ,-0.02
5/11/1999, 50.77 ,0.12
5/12/1999, 50.87 ,0.10
5/13/1999, 50.85 ,-0.02
5/14/1999, 50.85 ,0.00
5/15/1999, 50.85 ,0.00
5/16/1999, 50.85 ,0.00
5/17/1999, 50.97 ,0.12
5/18/1999, 50.30 ,-0.67
5/19/1999, 50.90 ,0.60
5/20/1999, 50.97 ,0.07
5/21/1999, 52.50 ,1.53
5/22/1999, 52.50 ,0.00
5/23/1999, 52.50 ,0.00
5/24/1999, 51.70 ,-0.80
5/25/1999, 51.70 ,0.00
5/26/1999, 51.85 ,0.15
5/27/1999, 51.66 ,-0.19
5/28/1999, 51.62 ,-0.04
5/29/1999, 51.62 ,0.00
5/30/1999, 51.62 ,0.00
5/31/1999, 51.90 ,0.28
6/1/1999, 51.85 ,-0.05
6/2/1999, 51.90 ,0.05
6/3/1999, 51.95 ,0.05
6/4/1999, 51.65 ,-0.30
6/5/1999, 51.65 ,0.00
6/6/1999, 51.65 ,0.00
6/7/1999, 51.60 ,-0.05
6/8/1999, 51.67 ,0.07
6/9/1999, 51.71 ,0.04
6/10/1999, 51.65 ,-0.06
6/11/1999, 51.74 ,0.09
6/12/1999, 51.74 ,0.00
6/13/1999, 51.74 ,0.00
6/14/1999, 51.85 ,0.11
6/15/1999, 51.83 ,-0.02
6/16/1999, 51.82 ,-0.01
6/17/1999, 51.80 ,-0.02
6/18/1999, 51.83 ,0.03
6/19/1999, 51.83 ,0.00
6/20/1999, 51.83 ,0.00
6/21/1999, 51.87 ,0.04
6/22/1999, 51.83 ,-0.04
6/23/1999, 51.50 ,-0.33
6/24/1999, 51.50 ,0.00
6/25/1999, 51.32 ,-0.18
6/26/1999, 51.32 ,0.00
6/27/1999, 51.32 ,0.00
6/28/1999, 51.25 ,-0.07
6/29/1999, 51.40 ,0.15
6/30/1999, 51.55 ,0.15
7/1/1999, 51.62 ,0.07
7/2/1999, 51.35 ,-0.27
7/3/1999, 51.35 ,0.00
7/4/1999, 51.35 ,0.00
7/5/1999, 51.45 ,0.10
7/6/1999, 51.55 ,0.10
7/7/1999, 51.25 ,-0.30
7/8/1999, 51.39 ,0.14
7/9/1999, 51.40 ,0.01
7/10/1999, 51.40 ,0.00
7/11/1999, 51.40 ,0.00
7/12/1999, 51.60 ,0.20
7/13/1999, 51.75 ,0.15
7/14/1999, 51.78 ,0.03
7/15/1999, 51.75 ,-0.03
7/16/1999, 51.75 ,0.00
7/17/1999, 51.75 ,0.00
7/18/1999, 51.75 ,0.00
7/19/1999, 51.80 ,0.05
7/20/1999, 51.75 ,-0.05
7/21/1999, 51.34 ,-0.41
7/22/1999, 51.15 ,-0.19
7/23/1999, 51.27 ,0.12
7/24/1999, 51.27 ,0.00
7/25/1999, 51.27 ,0.00
7/26/1999, 51.33 ,0.06
7/27/1999, 51.40 ,0.07
7/28/1999, 51.40 ,0.00
7/29/1999, 51.25 ,-0.15
7/30/1999, 51.20 ,-0.05
7/31/1999, 51.20 ,0.00
8/1/1999, 51.20 ,0.00
8/2/1999, 51.30 ,0.10
8/3/1999, 51.51 ,0.21
8/4/1999, 51.35 ,-0.16
8/5/1999, 51.35 ,0.00
8/6/1999, 51.36 ,0.01
8/7/1999, 51.36 ,0.00
8/8/1999, 51.36 ,0.00
8/9/1999, 51.58 ,0.22
8/10/1999, 51.56 ,-0.02
8/11/1999, 51.69 ,0.13
8/12/1999, 51.57 ,-0.12
8/13/1999, 51.25 ,-0.32
8/14/1999, 51.25 ,0.00
8/15/1999, 51.25 ,0.00
8/16/1999, 51.65 ,0.40
8/17/1999, 51.65 ,0.00
8/18/1999, 51.75 ,0.10
8/19/1999, 51.76 ,0.01
8/20/1999, 51.75 ,-0.01
8/21/1999, 51.75 ,0.00
8/22/1999, 51.75 ,0.00
8/23/1999, 51.69 ,-0.06
8/24/1999, 51.77 ,0.08
8/25/1999, 51.75 ,-0.02
8/26/1999, 51.71 ,-0.04
8/27/1999, 51.80 ,0.09
8/28/1999, 51.80 ,0.00
8/29/1999, 51.80 ,0.00
8/30/1999, 51.82 ,0.02
8/31/1999, 51.85 ,0.03
9/1/1999, 51.84 ,-0.01
9/2/1999, 51.80 ,-0.04
9/3/1999, 51.65 ,-0.15
9/4/1999, 51.65 ,0.00
9/5/1999, 51.65 ,0.00
9/6/1999, 51.50 ,-0.15
9/7/1999, 51.55 ,0.05
9/8/1999, 51.60 ,0.05
9/9/1999, 51.50 ,-0.10
9/10/1999, 51.60 ,0.10
9/11/1999, 51.60 ,0.00
9/12/1999, 51.60 ,0.00
9/13/1999, 51.78 ,0.18
9/14/1999, 51.78 ,0.00
9/15/1999, 51.86 ,0.08
9/16/1999, 51.73 ,-0.13
9/17/1999, 51.76 ,0.03
9/18/1999, 51.76 ,0.00
9/19/1999, 51.76 ,0.00
9/20/1999, 51.78 ,0.02
9/21/1999, 51.78 ,0.00
9/22/1999, 51.79 ,0.01
9/23/1999, 51.80 ,0.01
9/24/1999, 51.75 ,-0.05
9/25/1999, 51.75 ,0.00
9/26/1999, 51.75 ,0.00
9/27/1999, 51.78 ,0.03
9/28/1999, 51.80 ,0.02
9/29/1999, 51.79 ,-0.01
9/30/1999, 51.77 ,-0.02
10/1/1999, 51.65 ,-0.12
10/2/1999, 51.65 ,0.00
10/3/1999, 51.65 ,0.00
10/4/1999, 51.82 ,0.17
10/5/1999, 51.81 ,-0.01
10/6/1999, 51.81 ,0.00
10/7/1999, 51.81 ,0.00
10/8/1999, 51.81 ,0.00
10/9/1999, 51.81 ,0.00
10/10/1999, 51.81 ,0.00
10/11/1999, 51.81 ,0.00
10/12/1999, 51.87 ,0.06
10/13/1999, 51.87 ,0.00
10/14/1999, 51.86 ,-0.01
10/15/1999, 51.89 ,0.03
10/16/1999, 51.89 ,0.00
10/17/1999, 51.89 ,0.00
10/18/1999, 51.88 ,-0.01
10/19/1999, 51.90 ,0.02
10/20/1999, 51.85 ,-0.05
10/21/1999, 51.85 ,0.00
10/22/1999, 51.82 ,-0.03
10/23/1999, 51.82 ,0.00
10/24/1999, 51.82 ,0.00
10/25/1999, 51.84 ,0.02
10/26/1999, 51.77 ,-0.07
10/27/1999, 51.74 ,-0.03
10/28/1999, 51.77 ,0.03
10/29/1999, 51.88 ,0.11
10/30/1999, 51.88 ,0.00
10/31/1999, 51.88 ,0.00
11/1/1999, 51.89 ,0.01
11/2/1999, 51.89 ,0.00
11/3/1999, 51.90 ,0.01
11/4/1999, 51.89 ,-0.01
11/5/1999, 51.88 ,-0.01
11/6/1999, 51.88 ,0.00
11/7/1999, 51.88 ,0.00
11/8/1999, 51.89 ,0.01
11/9/1999, 51.50 ,-0.39
11/10/1999, 51.88 ,0.38
11/11/1999, 51.89 ,0.01
11/12/1999, 51.87 ,-0.02
11/13/1999, 51.87 ,0.00
11/14/1999, 51.87 ,0.00
11/15/1999, 51.89 ,0.02
11/16/1999, 51.89 ,0.00
11/17/1999, 51.89 ,0.00
11/18/1999, 51.87 ,-0.02
11/19/1999, 51.70 ,-0.17
11/20/1999, 51.70 ,0.00
11/21/1999, 51.70 ,0.00
11/22/1999, 51.85 ,0.15
11/23/1999, 51.85 ,0.00
11/24/1999, 51.87 ,0.02
11/25/1999, 51.80 ,-0.07
11/26/1999, 51.88 ,0.08
11/27/1999, 51.88 ,0.00
11/28/1999, 51.88 ,0.00
11/29/1999, 51.87 ,-0.01
11/30/1999, 51.75 ,-0.12
12/1/1999, 51.70 ,-0.05
12/2/1999, 51.88 ,0.18
12/3/1999, 51.90 ,0.02
12/4/1999, 51.90 ,0.00
12/5/1999, 51.90 ,0.00
12/6/1999, 51.75 ,-0.15
12/7/1999, 51.89 ,0.14
12/8/1999, 51.90 ,0.01
12/9/1999, 51.89 ,-0.01
12/10/1999, 51.89 ,0.00
12/11/1999, 51.89 ,0.00
12/12/1999, 51.89 ,0.00
12/13/1999, 51.89 ,0.00
12/14/1999, 51.65 ,-0.24
12/15/1999, 51.70 ,0.05
12/16/1999, 51.70 ,0.00
12/17/1999, 51.75 ,0.05
12/18/1999, 51.75 ,0.00
12/19/1999, 51.75 ,0.00
12/20/1999, 51.70 ,-0.05
12/21/1999, 51.75 ,0.05
12/22/1999, 51.88 ,0.13
12/23/1999, 51.90 ,0.02
12/24/1999, 51.70 ,-0.20
12/25/1999, 51.70 ,0.00
12/26/1999, 51.70 ,0.00
12/27/1999, 51.75 ,0.05
12/28/1999, 51.70 ,-0.05
12/29/1999, 51.88 ,0.18
12/30/1999, 51.60 ,-0.28
12/31/1999, 51.79 ,0.19
1/1/2000, 51.79 ,0.00
1/2/2000, 51.79 ,0.00
1/3/2000, 51.88 ,0.09
1/4/2000, 51.70 ,-0.18
1/5/2000, 51.80 ,0.10
1/6/2000, 51.75 ,-0.05
1/7/2000, 51.89 ,0.14
1/8/2000, 51.89 ,0.00
1/9/2000, 51.89 ,0.00
1/10/2000, 51.70 ,-0.19
1/11/2000, 51.90 ,0.20
1/12/2000, 51.89 ,-0.01
1/13/2000, 51.70 ,-0.19
1/14/2000, 51.90 ,0.20
1/15/2000, 51.90 ,0.00
1/16/2000, 51.90 ,0.00
1/17/2000, 51.88 ,-0.02
1/18/2000, 51.85 ,-0.03
1/19/2000, 51.75 ,-0.10
1/20/2000, 51.70 ,-0.05
1/21/2000, 51.70 ,0.00
1/22/2000, 51.70 ,0.00
1/23/2000, 51.70 ,0.00
1/24/2000, 51.75 ,0.05
1/25/2000, 51.70 ,-0.05
1/26/2000, 51.75 ,0.05
1/27/2000, 51.70 ,-0.05
1/28/2000, 51.89 ,0.19
1/29/2000, 51.89 ,0.00
1/30/2000, 51.89 ,0.00
1/31/2000, 51.86 ,-0.03
2/1/2000, 51.85 ,-0.01
2/2/2000, 51.89 ,0.04
2/3/2000, 51.88 ,-0.01
2/4/2000, 51.89 ,0.01
2/5/2000, 51.89 ,0.00
2/6/2000, 51.89 ,0.00
2/7/2000, 51.75 ,-0.14
2/8/2000, 51.85 ,0.10
2/9/2000, 51.70 ,-0.15
2/10/2000, 51.89 ,0.19
2/11/2000, 51.75 ,-0.14
2/12/2000, 51.75 ,0.00
2/13/2000, 51.75 ,0.00
2/14/2000, 51.87 ,0.12
2/15/2000, 51.89 ,0.02
2/16/2000, 51.89 ,0.00
2/17/2000, 51.88 ,-0.01
2/18/2000, 51.89 ,0.01
2/19/2000, 51.89 ,0.00
2/20/2000, 51.89 ,0.00
2/21/2000, 51.89 ,0.00
2/22/2000, 51.89 ,0.00
2/23/2000, 51.65 ,-0.24
2/24/2000, 51.88 ,0.23
2/25/2000, 51.75 ,-0.13
2/26/2000, 51.75 ,0.00
2/27/2000, 51.75 ,0.00
2/28/2000, 51.75 ,0.00
2/29/2000, 51.70 ,-0.05
3/1/2000, 51.75 ,0.05
3/2/2000, 51.60 ,-0.15
3/3/2000, 51.65 ,0.05
3/4/2000, 51.65 ,0.00
3/5/2000, 51.65 ,0.00
3/6/2000, 51.88 ,0.23
3/7/2000, 51.70 ,-0.18
3/8/2000, 51.75 ,0.05
3/9/2000, 51.70 ,-0.05
3/10/2000, 51.60 ,-0.10
3/11/2000, 51.60 ,0.00
3/12/2000, 51.60 ,0.00
3/13/2000, 51.60 ,0.00
3/14/2000, 51.65 ,0.05
3/15/2000, 51.70 ,0.05
3/16/2000, 51.90 ,0.20
3/17/2000, 51.75 ,-0.15
3/18/2000, 51.75 ,0.00
3/19/2000, 51.75 ,0.00
3/20/2000, 51.70 ,-0.05
3/21/2000, 51.75 ,0.05
3/22/2000, 51.80 ,0.05
3/23/2000, 51.80 ,0.00
3/24/2000, 51.75 ,-0.05
3/25/2000, 51.75 ,0.00
3/26/2000, 51.75 ,0.00
3/27/2000, 51.70 ,-0.05
3/28/2000, 51.75 ,0.05
3/29/2000, 51.80 ,0.05
3/30/2000, 51.75 ,-0.05
3/31/2000, 51.70 ,-0.05
4/1/2000, 51.70 ,0.00
4/2/2000, 51.70 ,0.00
4/3/2000, 51.90 ,0.20
4/4/2000, 51.87 ,-0.03
4/5/2000, 51.70 ,-0.17
4/6/2000, 51.75 ,0.05
4/7/2000, 51.70 ,-0.05
4/8/2000, 51.70 ,0.00
4/9/2000, 51.70 ,0.00
4/10/2000, 51.75 ,0.05
4/11/2000, 51.90 ,0.15
4/12/2000, 51.75 ,-0.15
4/13/2000, 51.70 ,-0.05
4/14/2000, 51.75 ,0.05
4/15/2000, 51.75 ,0.00
4/16/2000, 51.75 ,0.00
4/17/2000, 51.70 ,-0.05
4/18/2000, 51.55 ,-0.15
4/19/2000, 51.89 ,0.34
4/20/2000, 51.90 ,0.01
4/21/2000, 51.80 ,-0.10
4/22/2000, 51.80 ,0.00
4/23/2000, 51.80 ,0.00
4/24/2000, 51.88 ,0.08
4/25/2000, 51.75 ,-0.13
4/26/2000, 51.88 ,0.13
4/27/2000, 51.75 ,-0.13
4/28/2000, 51.70 ,-0.05
4/29/2000, 51.70 ,0.00
4/30/2000, 51.70 ,0.00
5/1/2000, 51.65 ,-0.05
5/2/2000, 51.65 ,0.00
5/3/2000, 51.89 ,0.24
5/4/2000, 51.75 ,-0.14
5/5/2000, 51.70 ,-0.05
5/6/2000, 51.70 ,0.00
5/7/2000, 51.70 ,0.00
5/8/2000, 51.70 ,0.00
5/9/2000, 51.70 ,0.00
5/10/2000, 51.70 ,0.00
5/11/2000, 51.60 ,-0.10
5/12/2000, 51.85 ,0.25
5/13/2000, 51.85 ,0.00
5/14/2000, 51.85 ,0.00
5/15/2000, 51.86 ,0.01
5/16/2000, 51.90 ,0.04
5/17/2000, 51.70 ,-0.20
5/18/2000, 51.90 ,0.20
5/19/2000, 51.89 ,-0.01
5/20/2000, 51.89 ,0.00
5/21/2000, 51.89 ,0.00
5/22/2000, 51.90 ,0.01
5/23/2000, 51.70 ,-0.20
5/24/2000, 51.88 ,0.18
5/25/2000, 51.90 ,0.02
5/26/2000, 51.90 ,0.00
5/27/2000, 51.90 ,0.00
5/28/2000, 51.90 ,0.00
5/29/2000, 51.90 ,0.00
5/30/2000, 51.75 ,-0.15
5/31/2000, 51.65 ,-0.10
6/1/2000, 52.07 ,0.42
6/2/2000, 52.05 ,-0.02
6/3/2000, 52.05 ,0.00
6/4/2000, 52.05 ,0.00
6/5/2000, 51.80 ,-0.25
6/6/2000, 51.80 ,0.00
6/7/2000, 51.75 ,-0.05
6/8/2000, 52.03 ,0.28
6/9/2000, 51.75 ,-0.28
6/10/2000, 51.75 ,0.00
6/11/2000, 51.75 ,0.00
6/12/2000, 52.00 ,0.25
6/13/2000, 51.99 ,-0.01
6/14/2000, 52.02 ,0.03
6/15/2000, 51.80 ,-0.22
6/16/2000, 51.70 ,-0.10
6/17/2000, 51.70 ,0.00
6/18/2000, 51.70 ,0.00
6/19/2000, 52.00 ,0.30
6/20/2000, 51.99 ,-0.01
6/21/2000, 52.03 ,0.04
6/22/2000, 52.00 ,-0.03
6/23/2000, 52.00 ,0.00
6/24/2000, 52.00 ,0.00
6/25/2000, 52.00 ,0.00
6/26/2000, 52.00 ,0.00
6/27/2000, 52.05 ,0.05
6/28/2000, 52.00 ,-0.05
6/29/2000, 52.05 ,0.05
6/30/2000, 52.15 ,0.10
7/1/2000, 52.15 ,0.00
7/2/2000, 52.15 ,0.00
7/3/2000, 52.29 ,0.14
7/4/2000, 52.30 ,0.01
7/5/2000, 52.30 ,0.00
7/6/2000, 52.30 ,0.00
7/7/2000, 52.30 ,0.00
7/8/2000, 52.30 ,0.00
7/9/2000, 52.30 ,0.00
7/10/2000, 52.30 ,0.00
7/11/2000, 52.30 ,0.00
7/12/2000, 52.30 ,0.00
7/13/2000, 52.30 ,0.00
7/14/2000, 52.30 ,0.00
7/15/2000, 52.30 ,0.00
7/16/2000, 52.30 ,0.00
7/17/2000, 52.30 ,0.00
7/18/2000, 52.30 ,0.00
7/19/2000, 52.30 ,0.00
7/20/2000, 52.30 ,0.00
7/21/2000, 52.73 ,0.43
7/22/2000, 52.73 ,0.00
7/23/2000, 52.73 ,0.00
7/24/2000, 52.98 ,0.25
7/25/2000, 53.12 ,0.14
7/26/2000, 53.36 ,0.24
7/27/2000, 53.39 ,0.03
7/28/2000, 53.37 ,-0.02
7/29/2000, 53.37 ,0.00
7/30/2000, 53.37 ,0.00
7/31/2000, 53.38 ,0.01
8/1/2000, 53.33 ,-0.05
8/2/2000, 53.32 ,-0.01
8/3/2000, 53.27 ,-0.05
8/4/2000, 53.19 ,-0.08
8/5/2000, 53.19 ,0.00
8/6/2000, 53.19 ,0.00
8/7/2000, 53.26 ,0.07
8/8/2000, 53.32 ,0.06
8/9/2000, 53.36 ,0.04
8/10/2000, 53.38 ,0.02
8/11/2000, 53.40 ,0.02
8/12/2000, 53.40 ,0.00
8/13/2000, 53.40 ,0.00
8/14/2000, 53.40 ,0.00
8/15/2000, 53.51 ,0.11
8/16/2000, 53.77 ,0.26
8/17/2000, 53.84 ,0.07
8/18/2000, 54.19 ,0.35
8/19/2000, 54.19 ,0.00
8/20/2000, 54.19 ,0.00
8/21/2000, 54.96 ,0.77
8/22/2000, 54.69 ,-0.27
8/23/2000, 54.75 ,0.06
8/24/2000, 54.81 ,0.06
8/25/2000, 54.88 ,0.07
8/26/2000, 54.88 ,0.00
8/27/2000, 54.88 ,0.00
8/28/2000, 54.86 ,-0.02
8/29/2000, 54.84 ,-0.02
8/30/2000, 54.86 ,0.02
8/31/2000, 54.70 ,-0.16
9/1/2000, 54.72 ,0.02
9/2/2000, 54.72 ,0.00
9/3/2000, 54.72 ,0.00
9/4/2000, 54.75 ,0.03
9/5/2000, 54.70 ,-0.05
9/6/2000, 54.72 ,0.02
9/7/2000, 54.74 ,0.02
9/8/2000, 54.72 ,-0.02
9/9/2000, 54.72 ,0.00
9/10/2000, 54.72 ,0.00
9/11/2000, 54.71 ,-0.01
9/12/2000, 54.61 ,-0.10
9/13/2000, 54.68 ,0.07
9/14/2000, 54.70 ,0.02
9/15/2000, 54.85 ,0.15
9/16/2000, 54.85 ,0.00
9/17/2000, 54.85 ,0.00
9/18/2000, 55.38 ,0.53
9/19/2000, 57.79 ,2.41
9/20/2000, 57.91 ,0.12
9/21/2000, 57.90 ,-0.01
9/22/2000, 57.85 ,-0.05
9/23/2000, 57.85 ,0.00
9/24/2000, 57.85 ,0.00
9/25/2000, 57.83 ,-0.02
9/26/2000, 58.12 ,0.29
9/27/2000, 58.12 ,0.00
9/28/2000, 58.31 ,0.19
9/29/2000, 58.38 ,0.07
9/30/2000, 58.38 ,0.00
10/1/2000, 58.38 ,0.00
10/2/2000, 58.49 ,0.11
10/3/2000, 59.38 ,0.89
10/4/2000, 59.75 ,0.37
10/5/2000, 59.88 ,0.13
10/6/2000, 59.80 ,-0.08
10/7/2000, 59.80 ,0.00
10/8/2000, 59.80 ,0.00
10/9/2000, 58.73 ,-1.07
10/10/2000, 58.72 ,-0.01
10/11/2000, 58.76 ,0.04
10/12/2000, 58.56 ,-0.20
10/13/2000, 58.60 ,0.04
10/14/2000, 58.60 ,0.00
10/15/2000, 58.60 ,0.00
10/16/2000, 58.65 ,0.05
10/17/2000, 58.36 ,-0.29
10/18/2000, 57.76 ,-0.60
10/19/2000, 57.33 ,-0.43
10/20/2000, 56.30 ,-1.03
10/21/2000, 56.30 ,0.00
10/22/2000, 56.30 ,0.00
10/23/2000, 56.68 ,0.38
10/24/2000, 57.63 ,0.95
10/25/2000, 57.94 ,0.31
10/26/2000, 57.54 ,-0.40
10/27/2000, 56.70 ,-0.84
10/28/2000, 56.70 ,0.00
10/29/2000, 56.70 ,0.00
10/30/2000, 57.34 ,0.64
10/31/2000, 57.48 ,0.14
11/1/2000, 57.37 ,-0.11
11/2/2000, 56.87 ,-0.50
11/3/2000, 56.76 ,-0.11
11/4/2000, 56.76 ,0.00
11/5/2000, 56.76 ,0.00
11/6/2000, 56.39 ,-0.37
11/7/2000, 56.32 ,-0.07
11/8/2000, 56.07 ,-0.25
11/9/2000, 56.07 ,0.00
11/10/2000, 56.04 ,-0.03
11/11/2000, 56.04 ,0.00
11/12/2000, 56.04 ,0.00
11/13/2000, 56.31 ,0.27
11/14/2000, 56.36 ,0.05
11/15/2000, 56.57 ,0.21
11/16/2000, 57.13 ,0.56
11/17/2000, 56.93 ,-0.20
11/18/2000, 56.93 ,0.00
11/19/2000, 56.93 ,0.00
11/20/2000, 57.03 ,0.10
11/21/2000, 57.16 ,0.13
11/22/2000, 57.29 ,0.13
11/23/2000, 57.42 ,0.13
11/24/2000, 57.70 ,0.28
11/25/2000, 57.70 ,0.00
11/26/2000, 57.70 ,0.00
11/27/2000, 58.05 ,0.35
11/28/2000, 58.05 ,0.00
11/29/2000, 58.07 ,0.02
11/30/2000, 58.04 ,-0.03
12/1/2000, 57.85 ,-0.19
12/2/2000, 57.85 ,0.00
12/3/2000, 57.85 ,0.00
12/4/2000, 57.58 ,-0.27
12/5/2000, 57.72 ,0.14
12/6/2000, 57.72 ,0.00
12/7/2000, 57.90 ,0.18
12/8/2000, 57.82 ,-0.08
12/9/2000, 57.82 ,0.00
12/10/2000, 57.82 ,0.00
12/11/2000, 57.82 ,0.00
12/12/2000, 57.97 ,0.15
12/13/2000, 58.25 ,0.28
12/14/2000, 58.29 ,0.04
12/15/2000, 58.26 ,-0.03
12/16/2000, 58.26 ,0.00
12/17/2000, 58.26 ,0.00
12/18/2000, 58.47 ,0.21
12/19/2000, 58.13 ,-0.34
12/20/2000, 58.04 ,-0.09
12/21/2000, 58.07 ,0.03
12/22/2000, 58.06 ,-0.01
12/23/2000, 58.06 ,0.00
12/24/2000, 58.06 ,0.00
12/25/2000, 58.06 ,0.00
12/26/2000, 58.04 ,-0.02
12/27/2000, 58.04 ,0.00
12/28/2000, 58.04 ,0.00
12/29/2000, 58.04 ,0.00
12/30/2000, 58.04 ,0.00
12/31/2000, 58.04 ,0.00
1/1/2001, 58.04 ,0.00
1/2/2001, 58.79 ,0.75
1/3/2001, 58.45 ,-0.34
1/4/2001, 58.85 ,0.40
1/5/2001, 59.15 ,0.30
1/6/2001, 59.15 ,0.00
1/7/2001, 59.15 ,0.00
1/8/2001, 59.43 ,0.28
1/9/2001, 59.06 ,-0.37
1/10/2001, 58.92 ,-0.14
1/11/2001, 58.81 ,-0.11
1/12/2001, 58.82 ,0.01
1/13/2001, 58.82 ,0.00
1/14/2001, 58.82 ,0.00
1/15/2001, 59.34 ,0.52
1/16/2001, 59.40 ,0.06
1/17/2001, 59.24 ,-0.16
1/18/2001, 59.09 ,-0.15
1/19/2001, 59.15 ,0.06
1/20/2001, 59.15 ,0.00
1/21/2001, 59.15 ,0.00
1/22/2001, 59.15 ,0.00
1/23/2001, 59.17 ,0.02
1/24/2001, 59.15 ,-0.02
1/25/2001, 59.18 ,0.03
1/26/2001, 59.09 ,-0.09
1/27/2001, 59.09 ,0.00
1/28/2001, 59.09 ,0.00
1/29/2001, 59.17 ,0.08
1/30/2001, 59.29 ,0.12
1/31/2001, 59.32 ,0.03
2/1/2001, 59.30 ,-0.02
2/2/2001, 59.26 ,-0.04
2/3/2001, 59.26 ,0.00
2/4/2001, 59.26 ,0.00
2/5/2001, 59.26 ,0.00
2/6/2001, 59.23 ,-0.03
2/7/2001, 59.21 ,-0.02
2/8/2001, 59.23 ,0.02
2/9/2001, 59.22 ,-0.01
2/10/2001, 59.22 ,0.00
2/11/2001, 59.22 ,0.00
2/12/2001, 59.24 ,0.02
2/13/2001, 59.29 ,0.05
2/14/2001, 59.32 ,0.03
2/15/2001, 59.41 ,0.09
2/16/2001, 59.51 ,0.10
2/17/2001, 59.51 ,0.00
2/18/2001, 59.51 ,0.00
2/19/2001, 59.76 ,0.25
2/20/2001, 60.17 ,0.41
2/21/2001, 60.14 ,-0.03
2/22/2001, 60.25 ,0.11
2/23/2001, 60.29 ,0.04
2/24/2001, 60.29 ,0.00
2/25/2001, 60.29 ,0.00
2/26/2001, 60.31 ,0.02
2/27/2001, 60.38 ,0.07
2/28/2001, 60.37 ,-0.01
3/1/2001, 60.21 ,-0.16
3/2/2001, 60.37 ,0.16
3/3/2001, 60.37 ,0.00
3/4/2001, 60.37 ,0.00
3/5/2001, 60.37 ,0.00
3/6/2001, 60.37 ,0.00
3/7/2001, 60.37 ,0.00
3/8/2001, 60.35 ,-0.02
3/9/2001, 60.23 ,-0.12
3/10/2001, 60.23 ,0.00
3/11/2001, 60.23 ,0.00
3/12/2001, 60.25 ,0.02
3/13/2001, 60.28 ,0.03
3/14/2001, 60.34 ,0.06
3/15/2001, 60.45 ,0.11
3/16/2001, 60.44 ,-0.01
3/17/2001, 60.44 ,0.00
3/18/2001, 60.44 ,0.00
3/19/2001, 60.50 ,0.06
3/20/2001, 60.67 ,0.17
3/21/2001, 60.78 ,0.11
3/22/2001, 60.82 ,0.04
3/23/2001, 60.82 ,0.00
3/24/2001, 60.82 ,0.00
3/25/2001, 60.82 ,0.00
3/26/2001, 60.79 ,-0.03
3/27/2001, 60.81 ,0.02
3/28/2001, 60.81 ,0.00
3/29/2001, 60.89 ,0.08
3/30/2001, 60.88 ,-0.01
3/31/2001, 60.88 ,0.00
4/1/2001, 60.88 ,0.00
4/2/2001, 61.30 ,0.42
4/3/2001, 61.56 ,0.26
4/4/2001, 61.56 ,0.00
4/5/2001, 61.56 ,0.00
4/6/2001, 61.76 ,0.20
4/7/2001, 61.76 ,0.00
4/8/2001, 61.76 ,0.00
4/9/2001, 61.43 ,-0.33
4/10/2001, 60.45 ,-0.98
4/11/2001, 59.81 ,-0.64
4/12/2001, 60.30 ,0.49
4/13/2001, 59.98 ,-0.32
4/14/2001, 59.98 ,0.00
4/15/2001, 59.98 ,0.00
4/16/2001, 60.76 ,0.78
4/17/2001, 61.26 ,0.50
4/18/2001, 61.38 ,0.12
4/19/2001, 61.40 ,0.02
4/20/2001, 61.19 ,-0.21
4/21/2001, 61.19 ,0.00
4/22/2001, 61.19 ,0.00
4/23/2001, 61.17 ,-0.02
4/24/2001, 61.37 ,0.20
4/25/2001, 61.28 ,-0.09
4/26/2001, 61.21 ,-0.07
4/27/2001, 61.21 ,0.00
4/28/2001, 61.21 ,0.00
4/29/2001, 61.21 ,0.00
4/30/2001, 61.23 ,0.02
5/1/2001, 61.23 ,0.00
5/2/2001, 61.45 ,0.22
5/3/2001, 61.40 ,-0.05
5/4/2001, 61.34 ,-0.06
5/5/2001, 61.34 ,0.00
5/6/2001, 61.34 ,0.00
5/7/2001, 61.31 ,-0.03
5/8/2001, 61.34 ,0.03
5/9/2001, 61.24 ,-0.10
5/10/2001, 61.28 ,0.04
5/11/2001, 61.30 ,0.02
5/12/2001, 61.30 ,0.00
5/13/2001, 61.30 ,0.00
5/14/2001, 61.46 ,0.16
5/15/2001, 61.59 ,0.13
5/16/2001, 61.52 ,-0.07
5/17/2001, 61.54 ,0.02
5/18/2001, 61.67 ,0.13
5/19/2001, 61.67 ,0.00
5/20/2001, 61.67 ,0.00
5/21/2001, 61.88 ,0.21
5/22/2001, 62.13 ,0.25
5/23/2001, 62.36 ,0.23
5/24/2001, 62.52 ,0.16
5/25/2001, 62.53 ,0.01
5/26/2001, 62.53 ,0.00
5/27/2001, 62.53 ,0.00
5/28/2001, 62.77 ,0.24
5/29/2001, 63.10 ,0.33
5/30/2001, 63.12 ,0.02
5/31/2001, 63.32 ,0.20
6/1/2001, 63.72 ,0.40
6/2/2001, 63.72 ,0.00
6/3/2001, 63.72 ,0.00
6/4/2001, 64.21 ,0.49
6/5/2001, 64.21 ,0.00
6/6/2001, 63.06 ,-1.15
6/7/2001, 62.36 ,-0.70
6/8/2001, 62.61 ,0.25
6/9/2001, 62.61 ,0.00
6/10/2001, 62.61 ,0.00
6/11/2001, 63.18 ,0.57
6/12/2001, 63.15 ,-0.03
6/13/2001, 62.92 ,-0.23
6/14/2001, 62.95 ,0.03
6/15/2001, 63.22 ,0.27
6/16/2001, 63.22 ,0.00
6/17/2001, 63.22 ,0.00
6/18/2001, 63.71 ,0.49
6/19/2001, 63.76 ,0.05
6/20/2001, 63.73 ,-0.03
6/21/2001, 63.66 ,-0.07
6/22/2001, 63.44 ,-0.22
6/23/2001, 63.44 ,0.00
6/24/2001, 63.44 ,0.00
6/25/2001, 63.54 ,0.10
6/26/2001, 63.66 ,0.12
6/27/2001, 63.85 ,0.19
6/28/2001, 63.91 ,0.06
6/29/2001, 64.04 ,0.13
6/30/2001, 64.04 ,0.00
7/1/2001, 64.04 ,0.00
7/2/2001, 64.04 ,0.00
7/3/2001, 64.15 ,0.11
7/4/2001, 63.89 ,-0.26
7/5/2001, 64.14 ,0.25
7/6/2001, 64.08 ,-0.06
7/7/2001, 64.08 ,0.00
7/8/2001, 64.08 ,0.00
7/9/2001, 64.02 ,-0.06
7/10/2001, 64.01 ,-0.01
7/11/2001, 64.30 ,0.29
7/12/2001, 63.97 ,-0.33
7/13/2001, 63.97 ,0.00
7/14/2001, 63.97 ,0.00
7/15/2001, 63.97 ,0.00
7/16/2001, 64.19 ,0.22
7/17/2001, 64.13 ,-0.06
7/18/2001, 64.22 ,0.09
7/19/2001, 64.17 ,-0.05
7/20/2001, 64.06 ,-0.11
7/21/2001, 64.06 ,0.00
7/22/2001, 64.06 ,0.00
7/23/2001, 63.95 ,-0.11
7/24/2001, 64.03 ,0.08
7/25/2001, 64.11 ,0.08
7/26/2001, 63.96 ,-0.15
7/27/2001, 64.03 ,0.07
7/28/2001, 64.03 ,0.00
7/29/2001, 64.03 ,0.00
7/30/2001, 64.15 ,0.12
7/31/2001, 64.08 ,-0.07
8/1/2001, 64.15 ,0.07
8/2/2001, 64.14 ,-0.01
8/3/2001, 64.18 ,0.04
8/4/2001, 64.18 ,0.00
8/5/2001, 64.18 ,0.00
8/6/2001, 64.23 ,0.05
8/7/2001, 64.25 ,0.02
8/8/2001, 64.25 ,0.00
8/9/2001, 64.06 ,-0.19
8/10/2001, 63.97 ,-0.09
8/11/2001, 63.97 ,0.00
8/12/2001, 63.97 ,0.00
8/13/2001, 64.08 ,0.11
8/14/2001, 64.08 ,0.00
8/15/2001, 64.01 ,-0.07
8/16/2001, 64.11 ,0.10
8/17/2001, 64.12 ,0.01
8/18/2001, 64.12 ,0.00
8/19/2001, 64.12 ,0.00
8/20/2001, 64.16 ,0.04
8/21/2001, 64.13 ,-0.03
8/22/2001, 64.12 ,-0.01
8/23/2001, 64.14 ,0.02
8/24/2001, 64.17 ,0.03
8/25/2001, 64.17 ,0.00
8/26/2001, 64.17 ,0.00
8/27/2001, 63.97 ,-0.20
8/28/2001, 63.97 ,0.00
8/29/2001, 64.05 ,0.08
8/30/2001, 64.05 ,0.00
8/31/2001, 64.06 ,0.01
9/1/2001, 64.06 ,0.00
9/2/2001, 64.06 ,0.00
9/3/2001, 64.07 ,0.01
9/4/2001, 64.11 ,0.04
9/5/2001, 64.12 ,0.01
9/6/2001, 64.06 ,-0.06
9/7/2001, 64.01 ,-0.05
9/8/2001, 64.01 ,0.00
9/9/2001, 64.01 ,0.00
9/10/2001, 63.99 ,-0.02
9/11/2001, 64.02 ,0.03
9/12/2001, 63.97 ,-0.05
9/13/2001, 64.09 ,0.12
9/14/2001, 64.11 ,0.02
9/15/2001, 64.11 ,0.00
9/16/2001, 64.11 ,0.00
9/17/2001, 64.17 ,0.06
9/18/2001, 64.26 ,0.09
9/19/2001, 64.27 ,0.01
9/20/2001, 64.31 ,0.04
9/21/2001, 64.44 ,0.13
9/22/2001, 64.44 ,0.00
9/23/2001, 64.44 ,0.00
9/24/2001, 64.23 ,-0.21
9/25/2001, 64.28 ,0.05
9/26/2001, 64.22 ,-0.06
9/27/2001, 64.21 ,-0.01
9/28/2001, 63.98 ,-0.23
9/29/2001, 63.98 ,0.00
9/30/2001, 63.98 ,0.00
10/1/2001, 63.46 ,-0.52
10/2/2001, 62.45 ,-1.01
10/3/2001, 62.54 ,0.09
10/4/2001, 62.73 ,0.19
10/5/2001, 62.74 ,0.01
10/6/2001, 62.74 ,0.00
10/7/2001, 62.74 ,0.00
10/8/2001, 62.82 ,0.08
10/9/2001, 62.66 ,-0.16
10/10/2001, 62.36 ,-0.30
10/11/2001, 62.09 ,-0.27
10/12/2001, 62.10 ,0.01
10/13/2001, 62.10 ,0.00
10/14/2001, 62.10 ,0.00
10/15/2001, 62.08 ,-0.02
10/16/2001, 62.08 ,0.00
10/17/2001, 62.10 ,0.02
10/18/2001, 62.14 ,0.04
10/19/2001, 62.15 ,0.01
10/20/2001, 62.15 ,0.00
10/21/2001, 62.15 ,0.00
10/22/2001, 61.88 ,-0.27
10/23/2001, 61.76 ,-0.12
10/24/2001, 61.75 ,-0.01
10/25/2001, 61.74 ,-0.01
10/26/2001, 61.69 ,-0.05
10/27/2001, 61.69 ,0.00
10/28/2001, 61.69 ,0.00
10/29/2001, 61.61 ,-0.08
10/30/2001, 61.48 ,-0.13
10/31/2001, 61.47 ,-0.01
11/1/2001, 61.53 ,0.06
11/2/2001, 61.39 ,-0.14
11/3/2001, 61.39 ,0.00
11/4/2001, 61.39 ,0.00
11/5/2001, 61.27 ,-0.12
11/6/2001, 61.26 ,-0.01
11/7/2001, 61.17 ,-0.09
11/8/2001, 61.18 ,0.01
11/9/2001, 61.18 ,0.00
11/10/2001, 61.18 ,0.00
11/11/2001, 61.18 ,0.00
11/12/2001, 61.17 ,-0.01
11/13/2001, 61.27 ,0.10
11/14/2001, 61.23 ,-0.04
11/15/2001, 61.21 ,-0.02
11/16/2001, 61.17 ,-0.04
11/17/2001, 61.17 ,0.00
11/18/2001, 61.17 ,0.00
11/19/2001, 61.15 ,-0.02
11/20/2001, 61.18 ,0.03
11/21/2001, 61.00 ,-0.18
11/22/2001, 60.83 ,-0.17
11/23/2001, 60.84 ,0.01
11/24/2001, 60.84 ,0.00
11/25/2001, 60.84 ,0.00
11/26/2001, 60.91 ,0.07
11/27/2001, 60.89 ,-0.02
11/28/2001, 60.91 ,0.02
11/29/2001, 60.90 ,-0.01
11/30/2001, 60.75 ,-0.15
12/1/2001, 60.75 ,0.00
12/2/2001, 60.75 ,0.00
12/3/2001, 60.88 ,0.13
12/4/2001, 60.88 ,0.00
12/5/2001, 60.89 ,0.01
12/6/2001, 60.66 ,-0.23
12/7/2001, 60.59 ,-0.07
12/8/2001, 60.59 ,0.00
12/9/2001, 60.59 ,0.00
12/10/2001, 60.69 ,0.10
12/11/2001, 60.77 ,0.08
12/12/2001, 60.77 ,0.00
12/13/2001, 60.81 ,0.04
12/14/2001, 60.78 ,-0.03
12/15/2001, 60.78 ,0.00
12/16/2001, 60.78 ,0.00
12/17/2001, 60.78 ,0.00
12/18/2001, 60.78 ,0.00
12/19/2001, 60.78 ,0.00
12/20/2001, 60.64 ,-0.14
12/21/2001, 60.67 ,0.03
12/22/2001, 60.67 ,0.00
12/23/2001, 60.67 ,0.00
12/24/2001, 60.29 ,-0.38
12/25/2001, 60.29 ,0.00
12/26/2001, 60.20 ,-0.09
12/27/2001, 60.16 ,-0.04
12/28/2001, 60.28 ,0.12
12/29/2001, 60.28 ,0.00
12/30/2001, 60.28 ,0.00
12/31/2001, 60.02 ,-0.26
1/1/2002, 60.02 ,0.00
1/2/2002, 60.18 ,0.16
1/3/2002, 60.24 ,0.06
1/4/2002, 60.24 ,0.00
1/5/2002, 60.24 ,0.00
1/6/2002, 60.24 ,0.00
1/7/2002, 60.21 ,-0.03
1/8/2002, 60.22 ,0.01
1/9/2002, 60.12 ,-0.10
1/10/2002, 60.12 ,0.00
1/11/2002, 60.09 ,-0.03
1/12/2002, 60.09 ,0.00
1/13/2002, 60.09 ,0.00
1/14/2002, 60.16 ,0.07
1/15/2002, 60.20 ,0.04
1/16/2002, 60.19 ,-0.01
1/17/2002, 60.23 ,0.04
1/18/2002, 60.20 ,-0.03
1/19/2002, 60.20 ,0.00
1/20/2002, 60.20 ,0.00
1/21/2002, 60.21 ,0.01
1/22/2002, 60.26 ,0.05
1/23/2002, 60.22 ,-0.04
1/24/2002, 60.23 ,0.01
1/25/2002, 60.23 ,0.00
1/26/2002, 60.23 ,0.00
1/27/2002, 60.23 ,0.00
1/28/2002, 60.25 ,0.02
1/29/2002, 60.26 ,0.01
1/30/2002, 60.26 ,0.00
1/31/2002, 60.20 ,-0.06
2/1/2002, 60.21 ,0.01
2/2/2002, 60.21 ,0.00
2/3/2002, 60.21 ,0.00
2/4/2002, 60.20 ,-0.01
2/5/2002, 60.20 ,0.00
2/6/2002, 60.22 ,0.02
2/7/2002, 60.19 ,-0.03
2/8/2002, 60.16 ,-0.03
2/9/2002, 60.16 ,0.00
2/10/2002, 60.16 ,0.00
2/11/2002, 60.18 ,0.02
2/12/2002, 60.14 ,-0.04
2/13/2002, 60.13 ,-0.01
2/14/2002, 60.14 ,0.01
2/15/2002, 60.16 ,0.02
2/16/2002, 60.16 ,0.00
2/17/2002, 60.16 ,0.00
2/18/2002, 60.19 ,0.03
2/19/2002, 60.17 ,-0.02
2/20/2002, 60.08 ,-0.09
2/21/2002, 60.09 ,0.01
2/22/2002, 60.09 ,0.00
2/23/2002, 60.09 ,0.00
2/24/2002, 60.09 ,0.00
2/25/2002, 60.12 ,0.03
2/26/2002, 60.15 ,0.03
2/27/2002, 60.12 ,-0.03
2/28/2002, 60.13 ,0.01
3/1/2002, 60.14 ,0.01
3/2/2002, 60.14 ,0.00
3/3/2002, 60.14 ,0.00
3/4/2002, 60.19 ,0.05
3/5/2002, 60.14 ,-0.05
3/6/2002, 60.10 ,-0.04
3/7/2002, 60.10 ,0.00
3/8/2002, 60.13 ,0.03
3/9/2002, 60.13 ,0.00
3/10/2002, 60.13 ,0.00
3/11/2002, 59.96 ,-0.17
3/12/2002, 59.94 ,-0.02
3/13/2002, 59.98 ,0.04
3/14/2002, 60.02 ,0.04
3/15/2002, 60.11 ,0.09
3/16/2002, 60.11 ,0.00
3/17/2002, 60.11 ,0.00
3/18/2002, 60.11 ,0.00
3/19/2002, 60.13 ,0.02
3/20/2002, 60.12 ,-0.01
3/21/2002, 60.09 ,-0.03
3/22/2002, 60.08 ,-0.01
3/23/2002, 60.08 ,0.00
3/24/2002, 60.08 ,0.00
3/25/2002, 60.08 ,0.00
3/26/2002, 60.13 ,0.05
3/27/2002, 60.12 ,-0.01
3/28/2002, 60.09 ,-0.03
3/29/2002, 60.08 ,-0.01
3/30/2002, 60.08 ,0.00
3/31/2002, 60.08 ,0.00
4/1/2002, 60.17 ,0.09
4/2/2002, 60.18 ,0.01
4/3/2002, 60.16 ,-0.02
4/4/2002, 60.16 ,0.00
4/5/2002, 60.15 ,-0.01
4/6/2002, 60.15 ,0.00
4/7/2002, 60.15 ,0.00
4/8/2002, 60.17 ,0.02
4/9/2002, 60.15 ,-0.02
4/10/2002, 60.15 ,0.00
4/11/2002, 60.13 ,-0.02
4/12/2002, 60.11 ,-0.02
4/13/2002, 60.11 ,0.00
4/14/2002, 60.11 ,0.00
4/15/2002, 60.15 ,0.04
4/16/2002, 60.17 ,0.02
4/17/2002, 60.15 ,-0.02
4/18/2002, 60.12 ,-0.03
4/19/2002, 60.06 ,-0.06
4/20/2002, 60.06 ,0.00
4/21/2002, 60.06 ,0.00
4/22/2002, 60.01 ,-0.05
4/23/2002, 59.98 ,-0.03
4/24/2002, 60.03 ,0.05
4/25/2002, 60.07 ,0.04
4/26/2002, 60.08 ,0.01
4/27/2002, 60.08 ,0.00
4/28/2002, 60.08 ,0.00
4/29/2002, 60.12 ,0.04
4/30/2002, 60.16 ,0.04
5/1/2002, 60.16 ,0.00
5/2/2002, 60.09 ,-0.07
5/3/2002, 60.10 ,0.01
5/4/2002, 60.10 ,0.00
5/5/2002, 60.10 ,0.00
5/6/2002, 60.14 ,0.04
5/7/2002, 60.15 ,0.01
5/8/2002, 60.12 ,-0.03
5/9/2002, 60.13 ,0.01
5/10/2002, 60.13 ,0.00
5/11/2002, 60.13 ,0.00
5/12/2002, 60.13 ,0.00
5/13/2002, 60.14 ,0.01
5/14/2002, 60.12 ,-0.02
5/15/2002, 60.13 ,0.01
5/16/2002, 60.09 ,-0.04
5/17/2002, 60.09 ,0.00
5/18/2002, 60.09 ,0.00
5/19/2002, 60.09 ,0.00
5/20/2002, 60.09 ,0.00
5/21/2002, 59.98 ,-0.11
5/22/2002, 60.04 ,0.06
5/23/2002, 60.06 ,0.02
5/24/2002, 60.08 ,0.02
5/25/2002, 60.08 ,0.00
5/26/2002, 60.08 ,0.00
5/27/2002, 60.13 ,0.05
5/28/2002, 60.14 ,0.01
5/29/2002, 60.13 ,-0.01
5/30/2002, 60.16 ,0.03
5/31/2002, 60.13 ,-0.03
6/1/2002, 60.13 ,0.00
6/2/2002, 60.13 ,0.00
6/3/2002, 60.19 ,0.06
6/4/2002, 60.15 ,-0.04
6/5/2002, 60.17 ,0.02
6/6/2002, 60.14 ,-0.03
6/7/2002, 60.15 ,0.01
6/8/2002, 60.15 ,0.00
6/9/2002, 60.15 ,0.00
6/10/2002, 60.17 ,0.02
6/11/2002, 60.16 ,-0.01
6/12/2002, 60.17 ,0.01
6/13/2002, 60.13 ,-0.04
6/14/2002, 60.08 ,-0.05
6/15/2002, 60.08 ,0.00
6/16/2002, 60.08 ,0.00
6/17/2002, 60.09 ,0.01
6/18/2002, 60.10 ,0.01
6/19/2002, 60.11 ,0.01
6/20/2002, 60.07 ,-0.04
6/21/2002, 60.06 ,-0.01
6/22/2002, 60.06 ,0.00
6/23/2002, 60.06 ,0.00
6/24/2002, 60.04 ,-0.02
6/25/2002, 60.06 ,0.02
6/26/2002, 60.06 ,0.00
6/27/2002, 60.05 ,-0.01
6/28/2002, 60.04 ,-0.01
6/29/2002, 60.04 ,0.00
6/30/2002, 60.04 ,0.00
7/1/2002, 60.04 ,0.00
7/2/2002, 60.07 ,0.03
7/3/2002, 60.10 ,0.03
7/4/2002, 60.11 ,0.01
7/5/2002, 60.12 ,0.01
7/6/2002, 60.12 ,0.00
7/7/2002, 60.12 ,0.00
7/8/2002, 60.15 ,0.03
7/9/2002, 60.13 ,-0.02
7/10/2002, 60.07 ,-0.06
7/11/2002, 60.05 ,-0.02
7/12/2002, 59.86 ,-0.19
7/13/2002, 59.86 ,0.00
7/14/2002, 59.86 ,0.00
7/15/2002, 59.66 ,-0.20
7/16/2002, 59.68 ,0.02
7/17/2002, 59.68 ,0.00
7/18/2002, 59.57 ,-0.11
7/19/2002, 59.58 ,0.01
7/20/2002, 59.58 ,0.00
7/21/2002, 59.58 ,0.00
7/22/2002, 59.58 ,0.00
7/23/2002, 59.58 ,0.00
7/24/2002, 59.53 ,-0.05
7/25/2002, 59.54 ,0.01
7/26/2002, 59.54 ,0.00
7/27/2002, 59.54 ,0.00
7/28/2002, 59.54 ,0.00
7/29/2002, 59.53 ,-0.01
7/30/2002, 59.55 ,0.02
7/31/2002, 59.55 ,0.00
8/1/2002, 59.54 ,-0.01
8/2/2002, 59.55 ,0.01
8/3/2002, 59.55 ,0.00
8/4/2002, 59.55 ,0.00
8/5/2002, 59.55 ,0.00
8/6/2002, 59.57 ,0.02
8/7/2002, 59.57 ,0.00
8/8/2002, 59.57 ,0.00
8/9/2002, 59.57 ,0.00
8/10/2002, 59.57 ,0.00
8/11/2002, 59.57 ,0.00
8/12/2002, 59.57 ,0.00
8/13/2002, 59.52 ,-0.05
8/14/2002, 59.52 ,0.00
8/15/2002, 59.53 ,0.01
8/16/2002, 59.54 ,0.01
8/17/2002, 59.54 ,0.00
8/18/2002, 59.54 ,0.00
8/19/2002, 59.56 ,0.02
8/20/2002, 59.57 ,0.01
8/21/2002, 59.54 ,-0.03
8/22/2002, 59.55 ,0.01
8/23/2002, 59.56 ,0.01
8/24/2002, 59.56 ,0.00
8/25/2002, 59.56 ,0.00
8/26/2002, 59.33 ,-0.23
8/27/2002, 59.35 ,0.02
8/28/2002, 59.34 ,-0.01
8/29/2002, 59.34 ,0.00
8/30/2002, 59.34 ,0.00
8/31/2002, 59.34 ,0.00
9/1/2002, 59.34 ,0.00
9/2/2002, 59.35 ,0.01
9/3/2002, 59.35 ,0.00
9/4/2002, 59.34 ,-0.01
9/5/2002, 59.33 ,-0.01
9/6/2002, 59.28 ,-0.05
9/7/2002, 59.28 ,0.00
9/8/2002, 59.28 ,0.00
9/9/2002, 59.28 ,0.00
9/10/2002, 59.27 ,-0.01
9/11/2002, 59.28 ,0.01
9/12/2002, 59.26 ,-0.02
9/13/2002, 59.26 ,0.00
9/14/2002, 59.26 ,0.00
9/15/2002, 59.26 ,0.00
9/16/2002, 59.26 ,0.00
9/17/2002, 59.20 ,-0.06
9/18/2002, 59.19 ,-0.01
9/19/2002, 59.19 ,0.00
9/20/2002, 59.19 ,0.00
9/21/2002, 59.19 ,0.00
9/22/2002, 59.19 ,0.00
9/23/2002, 59.20 ,0.01
9/24/2002, 59.17 ,-0.03
9/25/2002, 59.16 ,-0.01
9/26/2002, 59.16 ,0.00
9/27/2002, 59.16 ,0.00
9/28/2002, 59.16 ,0.00
9/29/2002, 59.16 ,0.00
9/30/2002, 59.12 ,-0.04
10/1/2002, 59.12 ,0.00
10/2/2002, 59.13 ,0.01
10/3/2002, 59.15 ,0.02
10/4/2002, 59.11 ,-0.04
10/5/2002, 59.11 ,0.00
10/6/2002, 59.11 ,0.00
10/7/2002, 59.12 ,0.01
10/8/2002, 59.12 ,0.00
10/9/2002, 59.09 ,-0.03
10/10/2002, 59.09 ,0.00
10/11/2002, 59.10 ,0.01
10/12/2002, 59.10 ,0.00
10/13/2002, 59.10 ,0.00
10/14/2002, 59.11 ,0.01
10/15/2002, 59.10 ,-0.01
10/16/2002, 59.08 ,-0.02
10/17/2002, 59.05 ,-0.03
10/18/2002, 59.02 ,-0.03
10/19/2002, 59.02 ,0.00
10/20/2002, 59.02 ,0.00
10/21/2002, 59.00 ,-0.02
10/22/2002, 59.01 ,0.01
10/23/2002, 58.97 ,-0.04
10/24/2002, 58.96 ,-0.01
10/25/2002, 58.96 ,0.00
10/26/2002, 58.96 ,0.00
10/27/2002, 58.96 ,0.00
10/28/2002, 58.97 ,0.01
10/29/2002, 58.98 ,0.01
10/30/2002, 58.91 ,-0.07
10/31/2002, 58.89 ,-0.02
11/1/2002, 58.86 ,-0.03
11/2/2002, 58.86 ,0.00
11/3/2002, 58.86 ,0.00
11/4/2002, 58.84 ,-0.02
11/5/2002, 58.75 ,-0.09
11/6/2002, 58.73 ,-0.02
11/7/2002, 58.73 ,0.00
11/8/2002, 58.72 ,-0.01
11/9/2002, 58.72 ,0.00
11/10/2002, 58.72 ,0.00
11/11/2002, 58.72 ,0.00
11/12/2002, 58.74 ,0.02
11/13/2002, 58.62 ,-0.12
11/14/2002, 58.56 ,-0.06
11/15/2002, 58.51 ,-0.05
11/16/2002, 58.51 ,0.00
11/17/2002, 58.51 ,0.00
11/18/2002, 58.49 ,-0.02
11/19/2002, 58.57 ,0.08
11/20/2002, 58.53 ,-0.04
11/21/2002, 58.54 ,0.01
11/22/2002, 58.53 ,-0.01
11/23/2002, 58.53 ,0.00
11/24/2002, 58.53 ,0.00
11/25/2002, 58.51 ,-0.02
11/26/2002, 58.51 ,0.00
11/27/2002, 58.43 ,-0.08
11/28/2002, 58.39 ,-0.04
11/29/2002, 58.38 ,-0.01
11/30/2002, 58.38 ,0.00
12/1/2002, 58.38 ,0.00
12/2/2002, 58.32 ,-0.06
12/3/2002, 58.35 ,0.03
12/4/2002, 58.39 ,0.04
12/5/2002, 58.39 ,0.00
12/6/2002, 58.39 ,0.00
12/7/2002, 58.39 ,0.00
12/8/2002, 58.39 ,0.00
12/9/2002, 58.47 ,0.08
12/10/2002, 58.51 ,0.04
12/11/2002, 58.43 ,-0.08
12/12/2002, 58.44 ,0.01
12/13/2002, 58.41 ,-0.03
12/14/2002, 58.41 ,0.00
12/15/2002, 58.41 ,0.00
12/16/2002, 58.56 ,0.15
12/17/2002, 58.44 ,-0.12
12/18/2002, 58.49 ,0.05
12/19/2002, 58.51 ,0.02
12/20/2002, 58.49 ,-0.02
12/21/2002, 58.49 ,0.00
12/22/2002, 58.49 ,0.00
12/23/2002, 58.46 ,-0.03
12/24/2002, 58.38 ,-0.08
12/25/2002, 58.38 ,0.00
12/26/2002, 58.34 ,-0.04
12/27/2002, 58.33 ,-0.01
12/28/2002, 58.33 ,0.00
12/29/2002, 58.33 ,0.00
12/30/2002, 58.35 ,0.02
12/31/2002, 58.35 ,0.00
1/1/2003, 58.35 ,0.00
1/2/2003, 58.29 ,-0.06
1/3/2003, 58.25 ,-0.04
1/4/2003, 58.25 ,0.00
1/5/2003, 58.25 ,0.00
1/6/2003, 58.21 ,-0.04
1/7/2003, 58.20 ,-0.01
1/8/2003, 58.27 ,0.07
1/9/2003, 58.28 ,0.01
1/10/2003, 58.27 ,-0.01
1/11/2003, 58.27 ,0.00
1/12/2003, 58.27 ,0.00
1/13/2003, 58.23 ,-0.04
1/14/2003, 58.19 ,-0.04
1/15/2003, 58.17 ,-0.02
1/16/2003, 58.09 ,-0.08
1/17/2003, 58.10 ,0.01
1/18/2003, 58.10 ,0.00
1/19/2003, 58.10 ,0.00
1/20/2003, 58.12 ,0.02
1/21/2003, 58.15 ,0.03
1/22/2003, 58.15 ,0.00
1/23/2003, 58.17 ,0.02
1/24/2003, 58.16 ,-0.01
1/25/2003, 58.16 ,0.00
1/26/2003, 58.16 ,0.00
1/27/2003, 58.14 ,-0.02
1/28/2003, 58.08 ,-0.06
1/29/2003, 58.09 ,0.01
1/30/2003, 58.14 ,0.05
1/31/2003, 58.28 ,0.14
2/1/2003, 58.28 ,0.00
2/2/2003, 58.28 ,0.00
2/3/2003, 58.18 ,-0.10
2/4/2003, 58.19 ,0.01
2/5/2003, 58.19 ,0.00
2/6/2003, 58.09 ,-0.10
2/7/2003, 58.00 ,-0.09
2/8/2003, 58.00 ,0.00
2/9/2003, 58.00 ,0.00
2/10/2003, 57.99 ,-0.01
2/11/2003, 57.99 ,0.00
2/12/2003, 57.99 ,0.00
2/13/2003, 57.99 ,0.00
2/14/2003, 57.99 ,0.00
2/15/2003, 57.99 ,0.00
2/16/2003, 57.99 ,0.00
2/17/2003, 58.01 ,0.02
2/18/2003, 58.03 ,0.02
2/19/2003, 58.06 ,0.03
2/20/2003, 58.09 ,0.03
2/21/2003, 58.10 ,0.01
2/22/2003, 58.10 ,0.00
2/23/2003, 58.10 ,0.00
2/24/2003, 58.12 ,0.02
2/25/2003, 58.13 ,0.01
2/26/2003, 58.13 ,0.00
2/27/2003, 58.14 ,0.01
2/28/2003, 58.11 ,-0.03
3/1/2003, 58.11 ,0.00
3/2/2003, 58.11 ,0.00
3/3/2003, 58.04 ,-0.07
3/4/2003, 57.99 ,-0.05
3/5/2003, 57.93 ,-0.06
3/6/2003, 57.95 ,0.02
3/7/2003, 57.95 ,0.00
3/8/2003, 57.95 ,0.00
3/9/2003, 57.95 ,0.00
3/10/2003, 57.89 ,-0.06
3/11/2003, 57.81 ,-0.08
3/12/2003, 57.85 ,0.04
3/13/2003, 57.85 ,0.00
3/14/2003, 57.85 ,0.00
3/15/2003, 57.85 ,0.00
3/16/2003, 57.85 ,0.00
3/17/2003, 57.81 ,-0.04
3/18/2003, 57.84 ,0.03
3/19/2003, 57.80 ,-0.04
3/20/2003, 57.79 ,-0.01
3/21/2003, 57.82 ,0.03
3/22/2003, 57.82 ,0.00
3/23/2003, 57.82 ,0.00
3/24/2003, 57.81 ,-0.01
3/25/2003, 57.81 ,0.00
3/26/2003, 57.76 ,-0.05
3/27/2003, 57.75 ,-0.01
3/28/2003, 57.80 ,0.05
3/29/2003, 57.80 ,0.00
3/30/2003, 57.80 ,0.00
3/31/2003, 57.85 ,0.05
4/1/2003, 57.84 ,-0.01
4/2/2003, 57.81 ,-0.03
4/3/2003, 57.82 ,0.01
4/4/2003, 57.76 ,-0.06
4/5/2003, 57.76 ,0.00
4/6/2003, 57.76 ,0.00
4/7/2003, 57.79 ,0.03
4/8/2003, 57.76 ,-0.03
4/9/2003, 57.73 ,-0.03
4/10/2003, 57.75 ,0.02
4/11/2003, 57.73 ,-0.02
4/12/2003, 57.73 ,0.00
4/13/2003, 57.73 ,0.00
4/14/2003, 57.74 ,0.01
4/15/2003, 57.76 ,0.02
4/16/2003, 57.78 ,0.02
4/17/2003, 57.79 ,0.01
4/18/2003, 57.79 ,0.00
4/19/2003, 57.79 ,0.00
4/20/2003, 57.79 ,0.00
4/21/2003, 57.81 ,0.02
4/22/2003, 57.84 ,0.03
4/23/2003, 57.81 ,-0.03
4/24/2003, 57.77 ,-0.04
4/25/2003, 57.76 ,-0.01
4/26/2003, 57.76 ,0.00
4/27/2003, 57.76 ,0.00
4/28/2003, 57.74 ,-0.02
4/29/2003, 57.78 ,0.04
4/30/2003, 57.84 ,0.06
5/1/2003, 57.84 ,0.00
5/2/2003, 57.80 ,-0.04
5/3/2003, 57.80 ,0.00
5/4/2003, 57.80 ,0.00
5/5/2003, 57.80 ,0.00
5/6/2003, 57.79 ,-0.01
5/7/2003, 57.79 ,0.00
5/8/2003, 57.77 ,-0.02
5/9/2003, 57.74 ,-0.03
5/10/2003, 57.74 ,0.00
5/11/2003, 57.74 ,0.00
5/12/2003, 57.77 ,0.03
5/13/2003, 57.78 ,0.01
5/14/2003, 57.77 ,-0.01
5/15/2003, 57.77 ,0.00
5/16/2003, 57.78 ,0.01
5/17/2003, 57.78 ,0.00
5/18/2003, 57.78 ,0.00
5/19/2003, 57.79 ,0.01
5/20/2003, 57.76 ,-0.03
5/21/2003, 57.72 ,-0.04
5/22/2003, 57.66 ,-0.06
5/23/2003, 57.63 ,-0.03
5/24/2003, 57.63 ,0.00
5/25/2003, 57.63 ,0.00
5/26/2003, 57.64 ,0.01
5/27/2003, 57.64 ,0.00
5/28/2003, 57.60 ,-0.04
5/29/2003, 57.60 ,0.00
5/30/2003, 57.63 ,0.03
5/31/2003, 57.63 ,0.00
6/1/2003, 57.63 ,0.00
6/2/2003, 57.73 ,0.10
6/3/2003, 57.75 ,0.02
6/4/2003, 57.72 ,-0.03
6/5/2003, 57.69 ,-0.03
6/6/2003, 57.68 ,-0.01
6/7/2003, 57.68 ,0.00
6/8/2003, 57.68 ,0.00
6/9/2003, 57.66 ,-0.02
6/10/2003, 57.69 ,0.03
6/11/2003, 57.70 ,0.01
6/12/2003, 57.71 ,0.01
6/13/2003, 57.74 ,0.03
6/14/2003, 57.74 ,0.00
6/15/2003, 57.74 ,0.00
6/16/2003, 57.73 ,-0.01
6/17/2003, 57.73 ,0.00
6/18/2003, 57.75 ,0.02
6/19/2003, 57.77 ,0.02
6/20/2003, 57.82 ,0.05
6/21/2003, 57.82 ,0.00
6/22/2003, 57.82 ,0.00
6/23/2003, 57.82 ,0.00
6/24/2003, 57.83 ,0.01
6/25/2003, 57.84 ,0.01
6/26/2003, 57.83 ,-0.01
6/27/2003, 57.82 ,-0.01
6/28/2003, 57.82 ,0.00
6/29/2003, 57.82 ,0.00
6/30/2003, 57.85 ,0.03
7/1/2003, 57.85 ,0.00
7/2/2003, 57.81 ,-0.04
7/3/2003, 57.80 ,-0.01
7/4/2003, 57.76 ,-0.04
7/5/2003, 57.76 ,0.00
7/6/2003, 57.76 ,0.00
7/7/2003, 57.79 ,0.03
7/8/2003, 57.76 ,-0.03
7/9/2003, 57.80 ,0.04
7/10/2003, 57.77 ,-0.03
7/11/2003, 57.76 ,-0.01
7/12/2003, 57.76 ,0.00
7/13/2003, 57.76 ,0.00
7/14/2003, 57.76 ,0.00
7/15/2003, 57.77 ,0.01
7/16/2003, 57.76 ,-0.01
7/17/2003, 57.75 ,-0.01
7/18/2003, 57.71 ,-0.04
7/19/2003, 57.71 ,0.00
7/20/2003, 57.71 ,0.00
7/21/2003, 57.68 ,-0.03
7/22/2003, 57.69 ,0.01
7/23/2003, 57.69 ,0.00
7/24/2003, 57.70 ,0.01
7/25/2003, 57.70 ,0.00
7/26/2003, 57.70 ,0.00
7/27/2003, 57.70 ,0.00
7/28/2003, 57.77 ,0.07
7/29/2003, 57.78 ,0.01
7/30/2003, 57.79 ,0.01
7/31/2003, 57.77 ,-0.02
8/1/2003, 57.78 ,0.01
8/2/2003, 57.78 ,0.00
8/3/2003, 57.78 ,0.00
8/4/2003, 57.82 ,0.04
8/5/2003, 57.80 ,-0.02
8/6/2003, 57.80 ,0.00
8/7/2003, 57.80 ,0.00
8/8/2003, 57.80 ,0.00
8/9/2003, 57.80 ,0.00
8/10/2003, 57.80 ,0.00
8/11/2003, 57.78 ,-0.02
8/12/2003, 57.77 ,-0.01
8/13/2003, 57.75 ,-0.02
8/14/2003, 57.75 ,0.00
8/15/2003, 57.77 ,0.02
8/16/2003, 57.77 ,0.00
8/17/2003, 57.77 ,0.00
8/18/2003, 57.80 ,0.03
8/19/2003, 57.82 ,0.02
8/20/2003, 57.84 ,0.02
8/21/2003, 57.82 ,-0.02
8/22/2003, 57.81 ,-0.01
8/23/2003, 57.81 ,0.00
8/24/2003, 57.81 ,0.00
8/25/2003, 57.83 ,0.02
8/26/2003, 57.81 ,-0.02
8/27/2003, 57.75 ,-0.06
8/28/2003, 57.73 ,-0.02
8/29/2003, 57.74 ,0.01
8/30/2003, 57.74 ,0.00
8/31/2003, 57.74 ,0.00
9/1/2003, 57.78 ,0.04
9/2/2003, 57.79 ,0.01
9/3/2003, 57.80 ,0.01
9/4/2003, 57.80 ,0.00
9/5/2003, 57.78 ,-0.02
9/6/2003, 57.78 ,0.00
9/7/2003, 57.78 ,0.00
9/8/2003, 57.78 ,0.00
9/9/2003, 57.77 ,-0.01
9/10/2003, 57.78 ,0.01
9/11/2003, 57.74 ,-0.04
9/12/2003, 57.73 ,-0.01
9/13/2003, 57.73 ,0.00
9/14/2003, 57.73 ,0.00
9/15/2003, 57.76 ,0.03
9/16/2003, 57.78 ,0.02
9/17/2003, 57.78 ,0.00
9/18/2003, 57.80 ,0.02
9/19/2003, 57.80 ,0.00
9/20/2003, 57.80 ,0.00
9/21/2003, 57.80 ,0.00
9/22/2003, 57.83 ,0.03
9/23/2003, 57.86 ,0.03
9/24/2003, 57.88 ,0.02
9/25/2003, 57.89 ,0.01
9/26/2003, 57.89 ,0.00
9/27/2003, 57.89 ,0.00
9/28/2003, 57.89 ,0.00
9/29/2003, 57.91 ,0.02
9/30/2003, 57.89 ,-0.02
10/1/2003, 57.89 ,0.00
10/2/2003, 57.82 ,-0.07
10/3/2003, 57.74 ,-0.08
10/4/2003, 57.74 ,0.00
10/5/2003, 57.74 ,0.00
10/6/2003, 57.67 ,-0.07
10/7/2003, 57.64 ,-0.03
10/8/2003, 57.57 ,-0.07
10/9/2003, 57.49 ,-0.08
10/10/2003, 57.47 ,-0.02
10/11/2003, 57.47 ,0.00
10/12/2003, 57.47 ,0.00
10/13/2003, 57.49 ,0.02
10/14/2003, 57.49 ,0.00
10/15/2003, 57.51 ,0.02
10/16/2003, 57.54 ,0.03
10/17/2003, 57.53 ,-0.01
10/18/2003, 57.53 ,0.00
10/19/2003, 57.53 ,0.00
10/20/2003, 57.54 ,0.01
10/21/2003, 57.54 ,0.00
10/22/2003, 57.52 ,-0.02
10/23/2003, 57.44 ,-0.08
10/24/2003, 57.44 ,0.00
10/25/2003, 57.44 ,0.00
10/26/2003, 57.44 ,0.00
10/27/2003, 57.40 ,-0.04
10/28/2003, 57.40 ,0.00
10/29/2003, 57.40 ,0.00
10/30/2003, 57.41 ,0.01
10/31/2003, 57.39 ,-0.02
11/1/2003, 57.39 ,0.00
11/2/2003, 57.39 ,0.00
11/3/2003, 57.40 ,0.01
11/4/2003, 57.40 ,0.00
11/5/2003, 57.40 ,0.00
11/6/2003, 57.40 ,0.00
11/7/2003, 57.41 ,0.01
11/8/2003, 57.41 ,0.00
11/9/2003, 57.41 ,0.00
11/10/2003, 57.43 ,0.02
11/11/2003, 57.41 ,-0.02
11/12/2003, 57.38 ,-0.03
11/13/2003, 57.37 ,-0.01
11/14/2003, 57.29 ,-0.08
11/15/2003, 57.29 ,0.00
11/16/2003, 57.29 ,0.00
11/17/2003, 57.25 ,-0.04
11/18/2003, 57.24 ,-0.01
11/19/2003, 57.24 ,0.00
11/20/2003, 57.18 ,-0.06
11/21/2003, 57.19 ,0.01
11/22/2003, 57.19 ,0.00
11/23/2003, 57.19 ,0.00
11/24/2003, 57.20 ,0.01
11/25/2003, 57.24 ,0.04
11/26/2003, 57.24 ,0.00
11/27/2003, 57.24 ,0.00
11/28/2003, 57.24 ,0.00
11/29/2003, 57.24 ,0.00
11/30/2003, 57.24 ,0.00
12/1/2003, 57.25 ,0.01
12/2/2003, 57.32 ,0.07
12/3/2003, 57.33 ,0.01
12/4/2003, 57.37 ,0.04
12/5/2003, 57.35 ,-0.02
12/6/2003, 57.35 ,0.00
12/7/2003, 57.35 ,0.00
12/8/2003, 57.31 ,-0.04
12/9/2003, 57.33 ,0.02
12/10/2003, 57.33 ,0.00
12/11/2003, 57.39 ,0.06
12/12/2003, 57.45 ,0.06
12/13/2003, 57.45 ,0.00
12/14/2003, 57.45 ,0.00
12/15/2003, 57.43 ,-0.02
12/16/2003, 57.47 ,0.04
12/17/2003, 57.46 ,-0.01
12/18/2003, 57.45 ,-0.01
12/19/2003, 57.41 ,-0.04
12/20/2003, 57.41 ,0.00
12/21/2003, 57.41 ,0.00
12/22/2003, 57.44 ,0.03
12/23/2003, 57.47 ,0.03
12/24/2003, 57.47 ,0.00
12/25/2003, 57.47 ,0.00
12/26/2003, 57.48 ,0.01
12/27/2003, 57.48 ,0.00
12/28/2003, 57.48 ,0.00
12/29/2003, 57.49 ,0.01
12/30/2003, 57.47 ,-0.02
12/31/2003, 57.40 ,-0.07
1/1/2004, 57.40 ,0.00
1/2/2004, 57.40 ,0.00
1/3/2004, 57.40 ,0.00
1/4/2004, 57.40 ,0.00
1/5/2004, 57.42 ,0.02
1/6/2004, 57.42 ,0.00
1/7/2004, 57.43 ,0.01
1/8/2004, 57.44 ,0.01
1/9/2004, 57.46 ,0.02
1/10/2004, 57.46 ,0.00
1/11/2004, 57.46 ,0.00
1/12/2004, 57.46 ,0.00
1/13/2004, 57.45 ,-0.01
1/14/2004, 57.45 ,0.00
1/15/2004, 57.40 ,-0.05
1/16/2004, 57.39 ,-0.01
1/17/2004, 57.39 ,0.00
1/18/2004, 57.39 ,0.00
1/19/2004, 57.34 ,-0.05
1/20/2004, 57.35 ,0.01
1/21/2004, 57.36 ,0.01
1/22/2004, 57.36 ,0.00
1/23/2004, 57.36 ,0.00
1/24/2004, 57.36 ,0.00
1/25/2004, 57.36 ,0.00
1/26/2004, 57.30 ,-0.06
1/27/2004, 57.28 ,-0.02
1/28/2004, 57.32 ,0.04
1/29/2004, 57.39 ,0.07
1/30/2004, 57.42 ,0.03
1/31/2004, 57.42 ,0.00
2/1/2004, 57.42 ,0.00
2/2/2004, 57.42 ,0.00
2/3/2004, 57.42 ,0.00
2/4/2004, 57.42 ,0.00
2/5/2004, 57.42 ,0.00
2/6/2004, 57.44 ,0.02
2/7/2004, 57.44 ,0.00
2/8/2004, 57.44 ,0.00
2/9/2004, 57.47 ,0.03
2/10/2004, 57.44 ,-0.03
2/11/2004, 57.39 ,-0.05
2/12/2004, 57.30 ,-0.09
2/13/2004, 57.33 ,0.03
2/14/2004, 57.33 ,0.00
2/15/2004, 57.33 ,0.00
2/16/2004, 57.33 ,0.00
2/17/2004, 57.35 ,0.02
2/18/2004, 57.34 ,-0.01
2/19/2004, 57.31 ,-0.03
2/20/2004, 57.29 ,-0.02
2/21/2004, 57.29 ,0.00
2/22/2004, 57.29 ,0.00
2/23/2004, 57.33 ,0.04
2/24/2004, 57.31 ,-0.02
2/25/2004, 57.33 ,0.02
2/26/2004, 57.33 ,0.00
2/27/2004, 57.35 ,0.02
2/28/2004, 57.35 ,0.00
2/29/2004, 57.35 ,0.00
3/1/2004, 57.35 ,0.00
3/2/2004, 57.35 ,0.00
3/3/2004, 57.35 ,0.00
3/4/2004, 57.36 ,0.01
3/5/2004, 57.37 ,0.01
3/6/2004, 57.37 ,0.00
3/7/2004, 57.37 ,0.00
3/8/2004, 57.37 ,0.00
3/9/2004, 57.40 ,0.03
3/10/2004, 57.43 ,0.03
3/11/2004, 57.47 ,0.04
3/12/2004, 57.48 ,0.01
3/13/2004, 57.48 ,0.00
3/14/2004, 57.48 ,0.00
3/15/2004, 57.51 ,0.03
3/16/2004, 57.46 ,-0.05
3/17/2004, 57.45 ,-0.01
3/18/2004, 57.47 ,0.02
3/19/2004, 57.51 ,0.04
3/20/2004, 57.51 ,0.00
3/21/2004, 57.51 ,0.00
3/22/2004, 57.50 ,-0.01
3/23/2004, 57.50 ,0.00
3/24/2004, 57.49 ,-0.01
3/25/2004, 57.49 ,0.00
3/26/2004, 57.50 ,0.01
3/27/2004, 57.50 ,0.00
3/28/2004, 57.50 ,0.00
3/29/2004, 57.52 ,0.02
3/30/2004, 57.51 ,-0.01
3/31/2004, 57.48 ,-0.03
4/1/2004, 57.42 ,-0.06
4/2/2004, 57.39 ,-0.03
4/3/2004, 57.39 ,0.00
4/4/2004, 57.39 ,0.00
4/5/2004, 57.40 ,0.01
4/6/2004, 57.39 ,-0.01
4/7/2004, 57.37 ,-0.02
4/8/2004, 57.37 ,0.00
4/9/2004, 57.40 ,0.03
4/10/2004, 57.40 ,0.00
4/11/2004, 57.40 ,0.00
4/12/2004, 57.47 ,0.07
4/13/2004, 57.48 ,0.01
4/14/2004, 57.47 ,-0.01
4/15/2004, 57.48 ,0.01
4/16/2004, 57.47 ,-0.01
4/17/2004, 57.47 ,0.00
4/18/2004, 57.47 ,0.00
4/19/2004, 57.48 ,0.01
4/20/2004, 57.48 ,0.00
4/21/2004, 57.48 ,0.00
4/22/2004, 57.49 ,0.01
4/23/2004, 57.50 ,0.01
4/24/2004, 57.50 ,0.00
4/25/2004, 57.50 ,0.00
4/26/2004, 57.48 ,-0.02
4/27/2004, 57.49 ,0.01
4/28/2004, 57.49 ,0.00
4/29/2004, 57.45 ,-0.04
4/30/2004, 57.46 ,0.01
5/1/2004, 57.46 ,0.00
5/2/2004, 57.46 ,0.00
5/3/2004, 57.46 ,0.00
5/4/2004, 57.48 ,0.02
5/5/2004, 57.50 ,0.02
5/6/2004, 57.53 ,0.03
5/7/2004, 57.55 ,0.02
5/8/2004, 57.55 ,0.00
5/9/2004, 57.55 ,0.00
5/10/2004, 57.63 ,0.08
5/11/2004, 57.69 ,0.06
5/12/2004, 57.70 ,0.01
5/13/2004, 57.72 ,0.02
5/14/2004, 57.70 ,-0.02
5/15/2004, 57.70 ,0.00
5/16/2004, 57.70 ,0.00
5/17/2004, 57.73 ,0.03
5/18/2004, 57.75 ,0.02
5/19/2004, 57.76 ,0.01
5/20/2004, 57.77 ,0.01
5/21/2004, 57.76 ,-0.01
5/22/2004, 57.76 ,0.00
5/23/2004, 57.76 ,0.00
5/24/2004, 57.76 ,0.00
5/25/2004, 57.69 ,-0.07
5/26/2004, 57.69 ,0.00
5/27/2004, 57.69 ,0.00
5/28/2004, 57.70 ,0.01
5/29/2004, 57.70 ,0.00
5/30/2004, 57.70 ,0.00
5/31/2004, 57.70 ,0.00
6/1/2004, 57.74 ,0.04
6/2/2004, 57.76 ,0.02
6/3/2004, 57.80 ,0.04
6/4/2004, 57.83 ,0.03
6/5/2004, 57.83 ,0.00
6/6/2004, 57.83 ,0.00
6/7/2004, 57.82 ,-0.01
6/8/2004, 57.80 ,-0.02
6/9/2004, 57.80 ,0.00
6/10/2004, 57.83 ,0.03
6/11/2004, 57.84 ,0.01
6/12/2004, 57.84 ,0.00
6/13/2004, 57.84 ,0.00
6/14/2004, 57.91 ,0.07
6/15/2004, 57.92 ,0.01
6/16/2004, 57.92 ,0.00
6/17/2004, 57.94 ,0.02
6/18/2004, 57.96 ,0.02
6/19/2004, 57.96 ,0.00
6/20/2004, 57.96 ,0.00
6/21/2004, 57.98 ,0.02
6/22/2004, 58.04 ,0.06
6/23/2004, 58.12 ,0.08
6/24/2004, 58.10 ,-0.02
6/25/2004, 58.11 ,0.01
6/26/2004, 58.11 ,0.00
6/27/2004, 58.11 ,0.00
6/28/2004, 58.16 ,0.05
6/29/2004, 58.17 ,0.01
6/30/2004, 58.13 ,-0.04
7/1/2004, 58.13 ,0.00
7/2/2004, 58.15 ,0.02
7/3/2004, 58.15 ,0.00
7/4/2004, 58.15 ,0.00
7/5/2004, 58.18 ,0.03
7/6/2004, 58.24 ,0.06
7/7/2004, 58.21 ,-0.03
7/8/2004, 58.24 ,0.03
7/9/2004, 58.28 ,0.04
7/10/2004, 58.28 ,0.00
7/11/2004, 58.28 ,0.00
7/12/2004, 58.28 ,0.00
7/13/2004, 58.20 ,-0.08
7/14/2004, 58.21 ,0.01
7/15/2004, 58.21 ,0.00
7/16/2004, 58.21 ,0.00
7/17/2004, 58.21 ,0.00
7/18/2004, 58.21 ,0.00
7/19/2004, 58.26 ,0.05
7/20/2004, 58.27 ,0.01
7/21/2004, 58.27 ,0.00
7/22/2004, 58.32 ,0.05
7/23/2004, 58.32 ,0.00
7/24/2004, 58.32 ,0.00
7/25/2004, 58.32 ,0.00
7/26/2004, 58.44 ,0.12
7/27/2004, 58.34 ,-0.10
7/28/2004, 58.37 ,0.03
7/29/2004, 58.41 ,0.04
7/30/2004, 58.42 ,0.01
7/31/2004, 58.42 ,0.00
8/1/2004, 58.42 ,0.00
8/2/2004, 58.55 ,0.13
8/3/2004, 58.81 ,0.26
8/4/2004, 58.93 ,0.12
8/5/2004, 58.86 ,-0.07
8/6/2004, 58.90 ,0.04
8/7/2004, 58.90 ,0.00
8/8/2004, 58.90 ,0.00
8/9/2004, 58.91 ,0.01
8/10/2004, 58.91 ,0.00
8/11/2004, 58.89 ,-0.02
8/12/2004, 58.79 ,-0.10
8/13/2004, 58.80 ,0.01
8/14/2004, 58.80 ,0.00
8/15/2004, 58.80 ,0.00
8/16/2004, 58.85 ,0.05
8/17/2004, 58.85 ,0.00
8/18/2004, 58.83 ,-0.02
8/19/2004, 58.79 ,-0.04
8/20/2004, 58.77 ,-0.02
8/21/2004, 58.77 ,0.00
8/22/2004, 58.77 ,0.00
8/23/2004, 58.75 ,-0.02
8/24/2004, 58.72 ,-0.03
8/25/2004, 58.69 ,-0.03
8/26/2004, 58.69 ,0.00
8/27/2004, 58.68 ,-0.01
8/28/2004, 58.68 ,0.00
8/29/2004, 58.68 ,0.00
8/30/2004, 58.70 ,0.02
8/31/2004, 58.76 ,0.06
9/1/2004, 58.80 ,0.04
9/2/2004, 58.83 ,0.03
9/3/2004, 58.81 ,-0.02
9/4/2004, 58.81 ,0.00
9/5/2004, 58.81 ,0.00
9/6/2004, 58.83 ,0.02
9/7/2004, 58.89 ,0.06
9/8/2004, 58.89 ,0.00
9/9/2004, 58.89 ,0.00
9/10/2004, 58.89 ,0.00
9/11/2004, 58.89 ,0.00
9/12/2004, 58.89 ,0.00
9/13/2004, 58.92 ,0.03
9/14/2004, 58.92 ,0.00
9/15/2004, 58.97 ,0.05
9/16/2004, 58.96 ,-0.01
9/17/2004, 58.97 ,0.01
9/18/2004, 58.97 ,0.00
9/19/2004, 58.97 ,0.00
9/20/2004, 59.01 ,0.04
9/21/2004, 59.07 ,0.06
9/22/2004, 59.17 ,0.10
9/23/2004, 59.36 ,0.19
9/24/2004, 59.14 ,-0.22
9/25/2004, 59.14 ,0.00
9/26/2004, 59.14 ,0.00
9/27/2004, 59.15 ,0.01
9/28/2004, 59.20 ,0.05
9/29/2004, 59.22 ,0.02
9/30/2004, 59.25 ,0.03
10/1/2004, 59.26 ,0.01
10/2/2004, 59.26 ,0.00
10/3/2004, 59.26 ,0.00
10/4/2004, 59.25 ,-0.01
10/5/2004, 59.30 ,0.05
10/6/2004, 59.36 ,0.06
10/7/2004, 59.40 ,0.04
10/8/2004, 59.39 ,-0.01
10/9/2004, 59.39 ,0.00
10/10/2004, 59.39 ,0.00
10/11/2004, 59.42 ,0.03
10/12/2004, 59.54 ,0.12
10/13/2004, 59.57 ,0.03
10/14/2004, 59.69 ,0.12
10/15/2004, 59.78 ,0.09
10/16/2004, 59.78 ,0.00
10/17/2004, 59.78 ,0.00
10/18/2004, 59.99 ,0.21
10/19/2004, 60.22 ,0.23
10/20/2004, 60.59 ,0.37
10/21/2004, 60.43 ,-0.16
10/22/2004, 60.19 ,-0.24
10/23/2004, 60.19 ,0.00
10/24/2004, 60.19 ,0.00
10/25/2004, 61.16 ,0.97
10/26/2004, 61.10 ,-0.06
10/27/2004, 61.10 ,0.00
10/28/2004, 61.22 ,0.12
10/29/2004, 61.33 ,0.11
10/30/2004, 61.33 ,0.00
10/31/2004, 61.33 ,0.00
11/1/2004, 60.88 ,-0.45
11/2/2004, 60.57 ,-0.31
11/3/2004, 60.59 ,0.02
11/4/2004, 60.41 ,-0.18
11/5/2004, 60.25 ,-0.16
11/6/2004, 60.25 ,0.00
11/7/2004, 60.25 ,0.00
11/8/2004, 59.70 ,-0.55
11/9/2004, 59.70 ,0.00
11/10/2004, 59.65 ,-0.05
11/11/2004, 59.62 ,-0.03
11/12/2004, 58.69 ,-0.93
11/13/2004, 58.69 ,0.00
11/14/2004, 58.69 ,0.00
11/15/2004, 58.69 ,0.00
11/16/2004, 58.69 ,0.00
11/17/2004, 58.69 ,0.00
11/18/2004, 59.67 ,0.98
11/19/2004, 59.69 ,0.02
11/20/2004, 59.69 ,0.00
11/21/2004, 59.69 ,0.00
11/22/2004, 59.79 ,0.10
11/23/2004, 59.81 ,0.02
11/24/2004, 59.81 ,0.00
11/25/2004, 59.86 ,0.05
11/26/2004, 59.89 ,0.03
11/27/2004, 59.89 ,0.00
11/28/2004, 59.89 ,0.00
11/29/2004, 59.79 ,-0.10
11/30/2004, 59.69 ,-0.10
12/1/2004, 59.57 ,-0.12
12/2/2004, 59.59 ,0.02
12/3/2004, 59.48 ,-0.11
12/4/2004, 59.48 ,0.00
12/5/2004, 59.48 ,0.00
12/6/2004, 59.49 ,0.01
12/7/2004, 59.49 ,0.00
12/8/2004, 59.48 ,-0.01
12/9/2004, 59.49 ,0.01
12/10/2004, 59.50 ,0.01
12/11/2004, 59.50 ,0.00
12/12/2004, 59.50 ,0.00
12/13/2004, 59.57 ,0.07
12/14/2004, 59.68 ,0.11
12/15/2004, 59.77 ,0.09
12/16/2004, 59.73 ,-0.04
12/17/2004, 59.69 ,-0.04
12/18/2004, 59.69 ,0.00
12/19/2004, 59.69 ,0.00
12/20/2004, 59.70 ,0.01
12/21/2004, 59.66 ,-0.04
12/22/2004, 59.58 ,-0.08
12/23/2004, 59.50 ,-0.08
12/24/2004, 59.45 ,-0.05
12/25/2004, 59.45 ,0.00
12/26/2004, 59.45 ,0.00
12/27/2004, 59.40 ,-0.05
12/28/2004, 59.46 ,0.06
12/29/2004, 59.49 ,0.03
12/30/2004, 59.46 ,-0.03
12/31/2004, 59.43 ,-0.03
1/1/2005, 59.43 ,0.00
1/2/2005, 59.43 ,0.00
1/3/2005, 59.50 ,0.07
1/4/2005, 59.59 ,0.09
1/5/2005, 59.61 ,0.02
1/6/2005, 59.58 ,-0.03
1/7/2005, 59.58 ,0.00
1/8/2005, 59.58 ,0.00
1/9/2005, 59.58 ,0.00
1/10/2005, 59.57 ,-0.01
1/11/2005, 59.58 ,0.01
1/12/2005, 59.57 ,-0.01
1/13/2005, 59.49 ,-0.08
1/14/2005, 59.42 ,-0.07
1/15/2005, 59.42 ,0.00
1/16/2005, 59.42 ,0.00
1/17/2005, 59.45 ,0.03
1/18/2005, 59.42 ,-0.03
1/19/2005, 59.34 ,-0.08
1/20/2005, 59.34 ,0.00
1/21/2005, 59.34 ,0.00
1/22/2005, 59.34 ,0.00
1/23/2005, 59.34 ,0.00
1/24/2005, 59.31 ,-0.03
1/25/2005, 59.27 ,-0.04
1/26/2005, 59.26 ,-0.01
1/27/2005, 59.29 ,0.03
1/28/2005, 59.31 ,0.02
1/29/2005, 59.31 ,0.00
1/30/2005, 59.31 ,0.00
1/31/2005, 59.37 ,0.06
2/1/2005, 59.35 ,-0.02
2/2/2005, 59.35 ,0.00
2/3/2005, 59.36 ,0.01
2/4/2005, 59.37 ,0.01
2/5/2005, 59.37 ,0.00
2/6/2005, 59.37 ,0.00
2/7/2005, 59.39 ,0.02
2/8/2005, 59.38 ,-0.01
2/9/2005, 59.37 ,-0.01
2/10/2005, 59.37 ,0.00
2/11/2005, 59.39 ,0.02
2/12/2005, 59.39 ,0.00
2/13/2005, 59.39 ,0.00
2/14/2005, 59.39 ,0.00
2/15/2005, 59.39 ,0.00
2/16/2005, 59.39 ,0.00
2/17/2005, 59.38 ,-0.01
2/18/2005, 59.38 ,0.00
2/19/2005, 59.38 ,0.00
2/20/2005, 59.38 ,0.00
2/21/2005, 59.33 ,-0.05
2/22/2005, 59.34 ,0.01
2/23/2005, 59.35 ,0.01
2/24/2005, 59.34 ,-0.01
2/25/2005, 59.36 ,0.02
2/26/2005, 59.36 ,0.00
2/27/2005, 59.36 ,0.00
2/28/2005, 59.35 ,-0.01
3/1/2005, 59.36 ,0.01
3/2/2005, 59.36 ,0.00
3/3/2005, 59.35 ,-0.01
3/4/2005, 59.35 ,0.00
3/5/2005, 59.35 ,0.00
3/6/2005, 59.35 ,0.00
3/7/2005, 59.35 ,0.00
3/8/2005, 59.36 ,0.01
3/9/2005, 59.36 ,0.00
3/10/2005, 59.36 ,0.00
3/11/2005, 59.36 ,0.00
3/12/2005, 59.36 ,0.00
3/13/2005, 59.36 ,0.00
3/14/2005, 59.33 ,-0.03
3/15/2005, 59.37 ,0.04
3/16/2005, 59.38 ,0.01
3/17/2005, 59.38 ,0.00
3/18/2005, 59.40 ,0.02
3/19/2005, 59.40 ,0.00
3/20/2005, 59.40 ,0.00
3/21/2005, 59.40 ,0.00
3/22/2005, 59.40 ,0.00
3/23/2005, 59.40 ,0.00
3/24/2005, 59.35 ,-0.05
3/25/2005, 59.36 ,0.01
3/26/2005, 59.36 ,0.00
3/27/2005, 59.36 ,0.00
3/28/2005, 59.40 ,0.04
3/29/2005, 59.39 ,-0.01
3/30/2005, 59.39 ,0.00
3/31/2005, 59.40 ,0.01
4/1/2005, 59.40 ,0.00
4/2/2005, 59.40 ,0.00
4/3/2005, 59.40 ,0.00
4/4/2005, 59.40 ,0.00
4/5/2005, 59.40 ,0.00
4/6/2005, 59.41 ,0.01
4/7/2005, 59.42 ,0.01
4/8/2005, 59.41 ,-0.01
4/9/2005, 59.41 ,0.00
4/10/2005, 59.41 ,0.00
4/11/2005, 59.37 ,-0.04
4/12/2005, 59.38 ,0.01
4/13/2005, 59.40 ,0.02
4/14/2005, 59.41 ,0.01
4/15/2005, 59.44 ,0.03
4/16/2005, 59.44 ,0.00
4/17/2005, 59.44 ,0.00
4/18/2005, 59.45 ,0.01
4/19/2005, 59.43 ,-0.02
4/20/2005, 59.44 ,0.01
4/21/2005, 59.44 ,0.00
4/22/2005, 59.44 ,0.00
4/23/2005, 59.44 ,0.00
4/24/2005, 59.44 ,0.00
4/25/2005, 59.46 ,0.02
4/26/2005, 59.47 ,0.01
4/27/2005, 59.46 ,-0.01
4/28/2005, 59.46 ,0.00
4/29/2005, 59.48 ,0.02
4/30/2005, 59.48 ,0.00
5/1/2005, 59.48 ,0.00
5/2/2005, 59.49 ,0.01
5/3/2005, 59.50 ,0.01
5/4/2005, 59.51 ,0.01
5/5/2005, 59.53 ,0.02
5/6/2005, 59.51 ,-0.02
5/7/2005, 59.51 ,0.00
5/8/2005, 59.51 ,0.00
5/9/2005, 59.54 ,0.03
5/10/2005, 59.54 ,0.00
5/11/2005, 59.52 ,-0.02
5/12/2005, 59.51 ,-0.01
5/13/2005, 59.49 ,-0.02
5/14/2005, 59.49 ,0.00
5/15/2005, 59.49 ,0.00
5/16/2005, 59.51 ,0.02
5/17/2005, 59.51 ,0.00
5/18/2005, 59.51 ,0.00
5/19/2005, 59.51 ,0.00
5/20/2005, 59.53 ,0.02
5/21/2005, 59.53 ,0.00
5/22/2005, 59.53 ,0.00
5/23/2005, 59.53 ,0.00
5/24/2005, 59.53 ,0.00
5/25/2005, 59.54 ,0.01
5/26/2005, 59.56 ,0.02
5/27/2005, 59.56 ,0.00
5/28/2005, 59.56 ,0.00
5/29/2005, 59.56 ,0.00
5/30/2005, 59.58 ,0.02
5/31/2005, 59.60 ,0.02
6/1/2005, 59.63 ,0.03
6/2/2005, 59.64 ,0.01
6/3/2005, 59.66 ,0.02
6/4/2005, 59.66 ,0.00
6/5/2005, 59.66 ,0.00
6/6/2005, 59.66 ,0.00
6/7/2005, 59.67 ,0.01
6/8/2005, 59.67 ,0.00
6/9/2005, 59.65 ,-0.02
6/10/2005, 59.64 ,-0.01
6/11/2005, 59.64 ,0.00
6/12/2005, 59.64 ,0.00
6/13/2005, 59.65 ,0.01
6/14/2005, 59.67 ,0.02
6/15/2005, 59.68 ,0.01
6/16/2005, 59.69 ,0.01
6/17/2005, 59.70 ,0.01
6/18/2005, 59.70 ,0.00
6/19/2005, 59.70 ,0.00
6/20/2005, 59.72 ,0.02
6/21/2005, 59.74 ,0.02
6/22/2005, 59.74 ,0.00
6/23/2005, 59.69 ,-0.05
6/24/2005, 59.72 ,0.03
6/25/2005, 59.72 ,0.00
6/26/2005, 59.72 ,0.00
6/27/2005, 59.75 ,0.03
6/28/2005, 59.76 ,0.01
6/29/2005, 59.70 ,-0.06
6/30/2005, 59.64 ,-0.06
7/1/2005, 59.64 ,0.00
7/2/2005, 59.64 ,0.00
7/3/2005, 59.64 ,0.00
7/4/2005, 59.64 ,0.00
7/5/2005, 59.65 ,0.01
7/6/2005, 59.64 ,-0.01
7/7/2005, 59.61 ,-0.03
7/8/2005, 59.59 ,-0.02
7/9/2005, 59.59 ,0.00
7/10/2005, 59.59 ,0.00
7/11/2005, 59.65 ,0.06
7/12/2005, 59.66 ,0.01
7/13/2005, 59.60 ,-0.06
7/14/2005, 59.60 ,0.00
7/15/2005, 59.62 ,0.02
7/16/2005, 59.62 ,0.00
7/17/2005, 59.62 ,0.00
7/18/2005, 59.63 ,0.01
7/19/2005, 59.63 ,0.00
7/20/2005, 59.63 ,0.00
7/21/2005, 59.63 ,0.00
7/22/2005, 59.63 ,0.00
7/23/2005, 59.63 ,0.00
7/24/2005, 59.63 ,0.00
7/25/2005, 59.64 ,0.01
7/26/2005, 59.63 ,-0.01
7/27/2005, 59.63 ,0.00
7/28/2005, 59.63 ,0.00
7/29/2005, 59.63 ,0.00
7/30/2005, 59.63 ,0.00
7/31/2005, 59.63 ,0.00
8/1/2005, 59.63 ,0.00
8/2/2005, 59.64 ,0.01
8/3/2005, 59.64 ,0.00
8/4/2005, 59.65 ,0.01
8/5/2005, 59.65 ,0.00
8/6/2005, 59.65 ,0.00
8/7/2005, 59.65 ,0.00
8/8/2005, 59.66 ,0.01
8/9/2005, 59.69 ,0.03
8/10/2005, 59.69 ,0.00
8/11/2005, 59.68 ,-0.01
8/12/2005, 59.67 ,-0.01
8/13/2005, 59.67 ,0.00
8/14/2005, 59.67 ,0.00
8/15/2005, 59.67 ,0.00
8/16/2005, 59.67 ,0.00
8/17/2005, 59.67 ,0.00
8/18/2005, 59.67 ,0.00
8/19/2005, 59.67 ,0.00
8/20/2005, 59.67 ,0.00
8/21/2005, 59.67 ,0.00
8/22/2005, 59.68 ,0.01
8/23/2005, 59.68 ,0.00
8/24/2005, 59.68 ,0.00
8/25/2005, 59.67 ,-0.01
8/26/2005, 59.65 ,-0.02
8/27/2005, 59.65 ,0.00
8/28/2005, 59.65 ,0.00
8/29/2005, 59.71 ,0.06
8/30/2005, 59.68 ,-0.03
8/31/2005, 59.70 ,0.02
9/1/2005, 59.70 ,0.00
9/2/2005, 59.72 ,0.02
9/3/2005, 59.72 ,0.00
9/4/2005, 59.72 ,0.00
9/5/2005, 59.72 ,0.00
9/6/2005, 59.75 ,0.03
9/7/2005, 59.72 ,-0.03
9/8/2005, 59.73 ,0.01
9/9/2005, 59.75 ,0.02
9/10/2005, 59.75 ,0.00
9/11/2005, 59.75 ,0.00
9/12/2005, 59.74 ,-0.01
9/13/2005, 59.76 ,0.02
9/14/2005, 59.79 ,0.03
9/15/2005, 59.86 ,0.07
9/16/2005, 59.84 ,-0.02
9/17/2005, 59.84 ,0.00
9/18/2005, 59.84 ,0.00
9/19/2005, 59.87 ,0.03
9/20/2005, 59.87 ,0.00
9/21/2005, 59.87 ,0.00
9/22/2005, 59.87 ,0.00
9/23/2005, 59.84 ,-0.03
9/24/2005, 59.84 ,0.00
9/25/2005, 59.84 ,0.00
9/26/2005, 59.76 ,-0.08
9/27/2005, 59.70 ,-0.06
9/28/2005, 59.69 ,-0.01
9/29/2005, 59.70 ,0.01
9/30/2005, 59.69 ,-0.01
10/1/2005, 59.69 ,0.00
10/2/2005, 59.69 ,0.00
10/3/2005, 59.71 ,0.02
10/4/2005, 59.72 ,0.01
10/5/2005, 59.72 ,0.00
10/6/2005, 59.72 ,0.00
10/7/2005, 59.70 ,-0.02
10/8/2005, 59.70 ,0.00
10/9/2005, 59.70 ,0.00
10/10/2005, 59.73 ,0.03
10/11/2005, 59.75 ,0.02
10/12/2005, 59.75 ,0.00
10/13/2005, 59.72 ,-0.03
10/14/2005, 59.72 ,0.00
10/15/2005, 59.72 ,0.00
10/16/2005, 59.72 ,0.00
10/17/2005, 59.74 ,0.02
10/18/2005, 59.72 ,-0.02
10/19/2005, 59.72 ,0.00
10/20/2005, 59.72 ,0.00
10/21/2005, 59.71 ,-0.01
10/22/2005, 59.71 ,0.00
10/23/2005, 59.71 ,0.00
10/24/2005, 59.71 ,0.00
10/25/2005, 59.76 ,0.05
10/26/2005, 59.71 ,-0.05
10/27/2005, 59.70 ,-0.01
10/28/2005, 59.71 ,0.01
10/29/2005, 59.71 ,0.00
10/30/2005, 59.71 ,0.00
10/31/2005, 59.71 ,0.00
11/1/2005, 59.71 ,0.00
11/2/2005, 59.72 ,0.01
11/3/2005, 59.72 ,0.00
11/4/2005, 59.72 ,0.00
11/5/2005, 59.72 ,0.00
11/6/2005, 59.72 ,0.00
11/7/2005, 59.73 ,0.01
11/8/2005, 59.77 ,0.04
11/9/2005, 59.77 ,0.00
11/10/2005, 59.75 ,-0.02
11/11/2005, 59.76 ,0.01
11/12/2005, 59.76 ,0.00
11/13/2005, 59.76 ,0.00
11/14/2005, 59.84 ,0.08
11/15/2005, 59.86 ,0.02
11/16/2005, 59.86 ,0.00
11/17/2005, 59.87 ,0.01
11/18/2005, 59.87 ,0.00
11/19/2005, 59.87 ,0.00
11/20/2005, 59.87 ,0.00
11/21/2005, 59.82 ,-0.05
11/22/2005, 59.74 ,-0.08
11/23/2005, 59.76 ,0.02
11/24/2005, 59.78 ,0.02
11/25/2005, 59.77 ,-0.01
11/26/2005, 59.77 ,0.00
11/27/2005, 59.77 ,0.00
11/28/2005, 59.75 ,-0.02
11/29/2005, 59.75 ,0.00
11/30/2005, 59.75 ,0.00
12/1/2005, 59.80 ,0.05
12/2/2005, 59.83 ,0.03
12/3/2005, 59.83 ,0.00
12/4/2005, 59.83 ,0.00
12/5/2005, 59.84 ,0.01
12/6/2005, 59.81 ,-0.03
12/7/2005, 59.77 ,-0.04
12/8/2005, 59.78 ,0.01
12/9/2005, 59.78 ,0.00
12/10/2005, 59.78 ,0.00
12/11/2005, 59.78 ,0.00
12/12/2005, 59.83 ,0.05
12/13/2005, 59.82 ,-0.01
12/14/2005, 59.85 ,0.03
12/15/2005, 59.88 ,0.03
12/16/2005, 59.89 ,0.01
12/17/2005, 59.89 ,0.00
12/18/2005, 59.89 ,0.00
12/19/2005, 59.90 ,0.01
12/20/2005, 59.85 ,-0.05
12/21/2005, 59.80 ,-0.05
12/22/2005, 59.83 ,0.03
12/23/2005, 59.83 ,0.00
12/24/2005, 59.83 ,0.00
12/25/2005, 59.83 ,0.00
12/26/2005, 59.80 ,-0.03
12/27/2005, 59.80 ,0.00
12/28/2005, 59.80 ,0.00
12/29/2005, 59.80 ,0.00
12/30/2005, 59.80 ,0.00
12/31/2005, 59.80 ,0.00
1/1/2006, 59.80 ,0.00
1/2/2006, 59.80 ,0.00
1/3/2006, 59.82 ,0.02
1/4/2006, 59.86 ,0.04
1/5/2006, 59.88 ,0.02
1/6/2006, 59.87 ,-0.01
1/7/2006, 59.87 ,0.00
1/8/2006, 59.87 ,0.00
1/9/2006, 59.85 ,-0.02
1/10/2006, 59.85 ,0.00
1/11/2006, 59.85 ,0.00
1/12/2006, 59.85 ,0.00
1/13/2006, 59.84 ,-0.01
1/14/2006, 59.84 ,0.00
1/15/2006, 59.84 ,0.00
1/16/2006, 59.87 ,0.03
1/17/2006, 59.90 ,0.03
1/18/2006, 59.87 ,-0.03
1/19/2006, 59.85 ,-0.02
1/20/2006, 59.85 ,0.00
1/21/2006, 59.85 ,0.00
1/22/2006, 59.85 ,0.00
1/23/2006, 59.85 ,0.00
1/24/2006, 59.85 ,0.00
1/25/2006, 59.85 ,0.00
1/26/2006, 59.83 ,-0.02
1/27/2006, 59.84 ,0.01
1/28/2006, 59.84 ,0.00
1/29/2006, 59.84 ,0.00
1/30/2006, 59.85 ,0.01
1/31/2006, 59.87 ,0.02
2/1/2006, 59.91 ,0.04
2/2/2006, 59.87 ,-0.04
2/3/2006, 59.87 ,0.00
2/4/2006, 59.87 ,0.00
2/5/2006, 59.87 ,0.00
2/6/2006, 59.86 ,-0.01
2/7/2006, 59.85 ,-0.01
2/8/2006, 59.85 ,0.00
2/9/2006, 59.85 ,0.00
2/10/2006, 59.86 ,0.01
2/11/2006, 59.86 ,0.00
2/12/2006, 59.86 ,0.00
2/13/2006, 59.89 ,0.03
2/14/2006, 59.89 ,0.00
2/15/2006, 59.89 ,0.00
2/16/2006, 59.88 ,-0.01
2/17/2006, 59.93 ,0.05
2/18/2006, 59.93 ,0.00
2/19/2006, 59.93 ,0.00
2/20/2006, 59.97 ,0.04
2/21/2006, 60.03 ,0.06
2/22/2006, 60.00 ,-0.03
2/23/2006, 59.96 ,-0.04
2/24/2006, 59.89 ,-0.07
2/25/2006, 59.89 ,0.00
2/26/2006, 59.89 ,0.00
2/27/2006, 59.87 ,-0.02
2/28/2006, 59.91 ,0.04
3/1/2006, 59.94 ,0.03
3/2/2006, 59.92 ,-0.02
3/3/2006, 59.96 ,0.04
3/4/2006, 59.96 ,0.00
3/5/2006, 59.96 ,0.00
3/6/2006, 59.95 ,-0.01
3/7/2006, 59.97 ,0.02
3/8/2006, 59.98 ,0.01
3/9/2006, 59.95 ,-0.03
3/10/2006, 59.98 ,0.03
3/11/2006, 59.98 ,0.00
3/12/2006, 59.98 ,0.00
3/13/2006, 60.01 ,0.03
3/14/2006, 60.05 ,0.04
3/15/2006, 60.15 ,0.10
3/16/2006, 60.17 ,0.02
3/17/2006, 60.18 ,0.01
3/18/2006, 60.18 ,0.00
3/19/2006, 60.18 ,0.00
3/20/2006, 60.19 ,0.01
3/21/2006, 60.16 ,-0.03
3/22/2006, 60.09 ,-0.07
3/23/2006, 60.09 ,0.00
3/24/2006, 60.04 ,-0.05
3/25/2006, 60.04 ,0.00
3/26/2006, 60.04 ,0.00
3/27/2006, 59.97 ,-0.07
3/28/2006, 59.99 ,0.02
3/29/2006, 59.97 ,-0.02
3/30/2006, 59.96 ,-0.01
3/31/2006, 59.98 ,0.02
4/1/2006, 59.98 ,0.00
4/2/2006, 59.98 ,0.00
4/3/2006, 60.03 ,0.05
4/4/2006, 60.10 ,0.07
4/5/2006, 60.15 ,0.05
4/6/2006, 60.02 ,-0.13
4/7/2006, 59.97 ,-0.05
4/8/2006, 59.97 ,0.00
4/9/2006, 59.97 ,0.00
4/10/2006, 60.01 ,0.04
4/11/2006, 60.01 ,0.00
4/12/2006, 59.97 ,-0.04
4/13/2006, 59.96 ,-0.01
4/14/2006, 59.95 ,-0.01
4/15/2006, 59.95 ,0.00
4/16/2006, 59.95 ,0.00
4/17/2006, 59.96 ,0.01
4/18/2006, 59.99 ,0.03
4/19/2006, 60.02 ,0.03
4/20/2006, 60.01 ,-0.01
4/21/2006, 60.00 ,-0.01
4/22/2006, 60.00 ,0.00
4/23/2006, 60.00 ,0.00
4/24/2006, 60.02 ,0.02
4/25/2006, 60.04 ,0.02
4/26/2006, 60.07 ,0.03
4/27/2006, 60.05 ,-0.02
4/28/2006, 60.06 ,0.01
4/29/2006, 60.06 ,0.00
4/30/2006, 60.06 ,0.00
5/1/2006, 60.06 ,0.00
5/2/2006, 60.06 ,0.00
5/3/2006, 60.06 ,0.00
5/4/2006, 60.06 ,0.00
5/5/2006, 60.06 ,0.00
5/6/2006, 60.06 ,0.00
5/7/2006, 60.06 ,0.00
5/8/2006, 60.08 ,0.02
5/9/2006, 60.07 ,-0.01
5/10/2006, 60.07 ,0.00
5/11/2006, 60.06 ,-0.01
5/12/2006, 60.03 ,-0.03
5/13/2006, 60.03 ,0.00
5/14/2006, 60.03 ,0.00
5/15/2006, 60.07 ,0.04
5/16/2006, 60.05 ,-0.02
5/17/2006, 59.99 ,-0.06
5/18/2006, 59.96 ,-0.03
5/19/2006, 59.99 ,0.03
5/20/2006, 59.99 ,0.00
5/21/2006, 59.99 ,0.00
5/22/2006, 60.07 ,0.08
5/23/2006, 60.10 ,0.03
5/24/2006, 60.17 ,0.07
5/25/2006, 60.19 ,0.02
5/26/2006, 60.21 ,0.02
5/27/2006, 60.21 ,0.00
5/28/2006, 60.21 ,0.00
5/29/2006, 60.30 ,0.09
5/30/2006, 60.24 ,-0.06
5/31/2006, 60.14 ,-0.10
6/1/2006, 60.15 ,0.01
6/2/2006, 60.15 ,0.00
6/3/2006, 60.15 ,0.00
6/4/2006, 60.15 ,0.00
6/5/2006, 60.14 ,-0.01
6/6/2006, 60.11 ,-0.03
6/7/2006, 60.09 ,-0.02
6/8/2006, 60.12 ,0.03
6/9/2006, 60.16 ,0.04
6/10/2006, 60.16 ,0.00
6/11/2006, 60.16 ,0.00
6/12/2006, 60.17 ,0.01
6/13/2006, 60.14 ,-0.03
6/14/2006, 60.15 ,0.01
6/15/2006, 60.18 ,0.03
6/16/2006, 60.21 ,0.03
6/17/2006, 60.21 ,0.00
6/18/2006, 60.21 ,0.00
6/19/2006, 60.26 ,0.05
6/20/2006, 60.26 ,0.00
6/21/2006, 60.27 ,0.01
6/22/2006, 60.26 ,-0.01
6/23/2006, 60.21 ,-0.05
6/24/2006, 60.21 ,0.00
6/25/2006, 60.21 ,0.00
6/26/2006, 60.21 ,0.00
6/27/2006, 60.21 ,0.00
6/28/2006, 60.19 ,-0.02
6/29/2006, 60.21 ,0.02
6/30/2006, 60.22 ,0.01
7/1/2006, 60.22 ,0.00
7/2/2006, 60.22 ,0.00
7/3/2006, 60.25 ,0.03
7/4/2006, 60.24 ,-0.01
7/5/2006, 60.27 ,0.03
7/6/2006, 60.27 ,0.00
7/7/2006, 60.26 ,-0.01
7/8/2006, 60.26 ,0.00
7/9/2006, 60.26 ,0.00
7/10/2006, 60.29 ,0.03
7/11/2006, 60.29 ,0.00
7/12/2006, 60.30 ,0.01
7/13/2006, 60.31 ,0.01
7/14/2006, 60.29 ,-0.02
7/15/2006, 60.29 ,0.00
7/16/2006, 60.29 ,0.00
7/17/2006, 60.28 ,-0.01
7/18/2006, 60.29 ,0.01
7/19/2006, 60.29 ,0.00
7/20/2006, 60.33 ,0.04
7/21/2006, 60.31 ,-0.02
7/22/2006, 60.31 ,0.00
7/23/2006, 60.31 ,0.00
7/24/2006, 60.29 ,-0.02
7/25/2006, 60.31 ,0.02
7/26/2006, 60.36 ,0.05
7/27/2006, 60.36 ,0.00
7/28/2006, 60.34 ,-0.02
7/29/2006, 60.34 ,0.00
7/30/2006, 60.34 ,0.00
7/31/2006, 60.27 ,-0.07
8/1/2006, 60.27 ,0.00
8/2/2006, 60.31 ,0.04
8/3/2006, 60.31 ,0.00
8/4/2006, 60.31 ,0.00
8/5/2006, 60.31 ,0.00
8/6/2006, 60.31 ,0.00
8/7/2006, 60.30 ,-0.01
8/8/2006, 60.31 ,0.01
8/9/2006, 60.31 ,0.00
8/10/2006, 60.31 ,0.00
8/11/2006, 60.32 ,0.01
8/12/2006, 60.32 ,0.00
8/13/2006, 60.32 ,0.00
8/14/2006, 60.32 ,0.00
8/15/2006, 60.31 ,-0.01
8/16/2006, 60.31 ,0.00
8/17/2006, 60.33 ,0.02
8/18/2006, 60.37 ,0.04
8/19/2006, 60.37 ,0.00
8/20/2006, 60.37 ,0.00
8/21/2006, 60.39 ,0.02
8/22/2006, 60.38 ,-0.01
8/23/2006, 60.36 ,-0.02
8/24/2006, 60.35 ,-0.01
8/25/2006, 60.35 ,0.00
8/26/2006, 60.35 ,0.00
8/27/2006, 60.35 ,0.00
8/28/2006, 60.35 ,0.00
8/29/2006, 60.37 ,0.02
8/30/2006, 60.40 ,0.03
8/31/2006, 60.41 ,0.01
9/1/2006, 60.48 ,0.07
9/2/2006, 60.48 ,0.00
9/3/2006, 60.48 ,0.00
9/4/2006, 60.43 ,-0.05
9/5/2006, 60.50 ,0.07
9/6/2006, 60.44 ,-0.06
9/7/2006, 60.44 ,0.00
9/8/2006, 60.45 ,0.01
9/9/2006, 60.45 ,0.00
9/10/2006, 60.45 ,0.00
9/11/2006, 60.46 ,0.01
9/12/2006, 60.48 ,0.02
9/13/2006, 60.49 ,0.01
9/14/2006, 60.50 ,0.01
9/15/2006, 60.58 ,0.08
9/16/2006, 60.58 ,0.00
9/17/2006, 60.58 ,0.00
9/18/2006, 60.60 ,0.02
9/19/2006, 60.58 ,-0.02
9/20/2006, 60.59 ,0.01
9/21/2006, 60.57 ,-0.02
9/22/2006, 60.56 ,-0.01
9/23/2006, 60.56 ,0.00
9/24/2006, 60.56 ,0.00
9/25/2006, 60.56 ,0.00
9/26/2006, 60.63 ,0.07
9/27/2006, 60.58 ,-0.05
9/28/2006, 60.55 ,-0.03
9/29/2006, 60.57 ,0.02
9/30/2006, 60.57 ,0.00
10/1/2006, 60.57 ,0.00
10/2/2006, 60.58 ,0.01
10/3/2006, 60.58 ,0.00
10/4/2006, 60.57 ,-0.01
10/5/2006, 60.57 ,0.00
10/6/2006, 60.58 ,0.01
10/7/2006, 60.58 ,0.00
10/8/2006, 60.58 ,0.00
10/9/2006, 60.63 ,0.05
10/10/2006, 60.67 ,0.04
10/11/2006, 60.66 ,-0.01
10/12/2006, 60.60 ,-0.06
10/13/2006, 60.63 ,0.03
10/14/2006, 60.63 ,0.00
10/15/2006, 60.63 ,0.00
10/16/2006, 60.67 ,0.04
10/17/2006, 60.64 ,-0.03
10/18/2006, 60.59 ,-0.05
10/19/2006, 60.60 ,0.01
10/20/2006, 60.61 ,0.01
10/21/2006, 60.61 ,0.00
10/22/2006, 60.61 ,0.00
10/23/2006, 60.61 ,0.00
10/24/2006, 60.61 ,0.00
10/25/2006, 60.61 ,0.00
10/26/2006, 60.61 ,0.00
10/27/2006, 60.63 ,0.02
10/28/2006, 60.63 ,0.00
10/29/2006, 60.63 ,0.00
10/30/2006, 60.62 ,-0.01
10/31/2006, 60.64 ,0.02
11/1/2006, 60.63 ,-0.01
11/2/2006, 60.62 ,-0.01
11/3/2006, 60.65 ,0.03
11/4/2006, 60.65 ,0.00
11/5/2006, 60.65 ,0.00
11/6/2006, 60.69 ,0.04
11/7/2006, 60.70 ,0.01
11/8/2006, 60.71 ,0.01
11/9/2006, 60.71 ,0.00
11/10/2006, 60.72 ,0.01
11/11/2006, 60.72 ,0.00
11/12/2006, 60.72 ,0.00
11/13/2006, 60.72 ,0.00
11/14/2006, 60.74 ,0.02
11/15/2006, 60.79 ,0.05
11/16/2006, 60.78 ,-0.01
11/17/2006, 60.81 ,0.03
11/18/2006, 60.81 ,0.00
11/19/2006, 60.81 ,0.00
11/20/2006, 60.89 ,0.08
11/21/2006, 60.83 ,-0.06
11/22/2006, 60.82 ,-0.01
11/23/2006, 60.78 ,-0.04
11/24/2006, 60.74 ,-0.04
11/25/2006, 60.74 ,0.00
11/26/2006, 60.74 ,0.00
11/27/2006, 60.76 ,0.02
11/28/2006, 60.81 ,0.05
11/29/2006, 60.83 ,0.02
11/30/2006, 60.87 ,0.04
12/1/2006, 60.89 ,0.02
12/2/2006, 60.89 ,0.00
12/3/2006, 60.89 ,0.00
12/4/2006, 60.93 ,0.04
12/5/2006, 60.92 ,-0.01
12/6/2006, 60.88 ,-0.04
12/7/2006, 60.88 ,0.00
12/8/2006, 60.88 ,0.00
12/9/2006, 60.88 ,0.00
12/10/2006, 60.88 ,0.00
12/11/2006, 60.91 ,0.03
12/12/2006, 60.89 ,-0.02
12/13/2006, 60.87 ,-0.02
12/14/2006, 60.84 ,-0.03
12/15/2006, 60.87 ,0.03
12/16/2006, 60.87 ,0.00
12/17/2006, 60.87 ,0.00
12/18/2006, 60.92 ,0.05
12/19/2006, 60.94 ,0.02
12/20/2006, 60.96 ,0.02
12/21/2006, 60.92 ,-0.04
12/22/2006, 60.94 ,0.02
12/23/2006, 60.94 ,0.00
12/24/2006, 60.94 ,0.00
12/25/2006, 60.94 ,0.00
12/26/2006, 60.95 ,0.01
12/27/2006, 60.98 ,0.03
12/28/2006, 60.93 ,-0.05
12/29/2006, 60.89 ,-0.04
12/30/2006, 60.89 ,0.00
12/31/2006, 60.89 ,0.00
1/1/2007, 60.89 ,0.00
1/2/2007, 60.89 ,0.00
1/3/2007, 60.89 ,0.00
1/4/2007, 60.94 ,0.05
1/5/2007, 60.98 ,0.04
1/6/2007, 60.98 ,0.00
1/7/2007, 60.98 ,0.00
1/8/2007, 60.99 ,0.01
1/9/2007, 61.00 ,0.01
1/10/2007, 61.00 ,0.00
1/11/2007, 60.97 ,-0.03
1/12/2007, 60.94 ,-0.03
1/13/2007, 60.94 ,0.00
1/14/2007, 60.94 ,0.00
1/15/2007, 61.00 ,0.06
1/16/2007, 60.98 ,-0.02
1/17/2007, 60.91 ,-0.07
1/18/2007, 60.85 ,-0.06
1/19/2007, 60.77 ,-0.08
1/20/2007, 60.77 ,0.00
1/21/2007, 60.77 ,0.00
1/22/2007, 60.75 ,-0.02
1/23/2007, 60.77 ,0.02
1/24/2007, 60.78 ,0.01
1/25/2007, 60.77 ,-0.01
1/26/2007, 60.72 ,-0.05
1/27/2007, 60.72 ,0.00
1/28/2007, 60.72 ,0.00
1/29/2007, 60.72 ,0.00
1/30/2007, 60.72 ,0.00
1/31/2007, 60.72 ,0.00
2/1/2007, 60.74 ,0.02
2/2/2007, 60.74 ,0.00
2/3/2007, 60.74 ,0.00
2/4/2007, 60.74 ,0.00
2/5/2007, 60.74 ,0.00
2/6/2007, 60.77 ,0.03
2/7/2007, 60.79 ,0.02
2/8/2007, 60.79 ,0.00
2/9/2007, 60.77 ,-0.02
2/10/2007, 60.77 ,0.00
2/11/2007, 60.77 ,0.00
2/12/2007, 60.79 ,0.02
2/13/2007, 60.81 ,0.02
2/14/2007, 60.84 ,0.03
2/15/2007, 60.82 ,-0.02
2/16/2007, 60.77 ,-0.05
2/17/2007, 60.77 ,0.00
2/18/2007, 60.77 ,0.00
2/19/2007, 60.72 ,-0.05
2/20/2007, 60.78 ,0.06
2/21/2007, 60.70 ,-0.08
2/22/2007, 60.67 ,-0.03
2/23/2007, 60.66 ,-0.01
2/24/2007, 60.66 ,0.00
2/25/2007, 60.66 ,0.00
2/26/2007, 60.70 ,0.04
2/27/2007, 60.69 ,-0.01
2/28/2007, 60.68 ,-0.01
3/1/2007, 60.70 ,0.02
3/2/2007, 60.72 ,0.02
3/3/2007, 60.72 ,0.00
3/4/2007, 60.72 ,0.00
3/5/2007, 60.72 ,0.00
3/6/2007, 60.72 ,0.00
3/7/2007, 60.72 ,0.00
3/8/2007, 60.73 ,0.01
3/9/2007, 60.71 ,-0.02
3/10/2007, 60.71 ,0.00
3/11/2007, 60.71 ,0.00
3/12/2007, 60.73 ,0.02
3/13/2007, 60.72 ,-0.01
3/14/2007, 60.70 ,-0.02
3/15/2007, 60.71 ,0.01
3/16/2007, 60.69 ,-0.02
3/17/2007, 60.69 ,0.00
3/18/2007, 60.69 ,0.00
3/19/2007, 60.70 ,0.01
3/20/2007, 60.70 ,0.00
3/21/2007, 60.69 ,-0.01
3/22/2007, 60.71 ,0.02
3/23/2007, 60.71 ,0.00
3/24/2007, 60.71 ,0.00
3/25/2007, 60.71 ,0.00
3/26/2007, 60.71 ,0.00
3/27/2007, 60.69 ,-0.02
3/28/2007, 60.66 ,-0.03
3/29/2007, 60.65 ,-0.01
3/30/2007, 60.73 ,0.08
3/31/2007, 60.73 ,0.00
4/1/2007, 60.73 ,0.00
4/2/2007, 60.69 ,-0.04
4/3/2007, 60.71 ,0.02
4/4/2007, 60.74 ,0.03
4/5/2007, 60.74 ,0.00
4/6/2007, 60.75 ,0.01
4/7/2007, 60.75 ,0.00
4/8/2007, 60.75 ,0.00
4/9/2007, 60.75 ,0.00
4/10/2007, 60.79 ,0.04
4/11/2007, 60.81 ,0.02
4/12/2007, 60.79 ,-0.02
4/13/2007, 60.69 ,-0.10
4/14/2007, 60.69 ,0.00
4/15/2007, 60.69 ,0.00
4/16/2007, 60.67 ,-0.02
4/17/2007, 60.71 ,0.04
4/18/2007, 60.69 ,-0.02
4/19/2007, 60.68 ,-0.01
4/20/2007, 60.67 ,-0.01
4/21/2007, 60.67 ,0.00
4/22/2007, 60.67 ,0.00
4/23/2007, 60.67 ,0.00
4/24/2007, 60.66 ,-0.01
4/25/2007, 60.68 ,0.02
4/26/2007, 60.65 ,-0.03
4/27/2007, 60.64 ,-0.01
4/28/2007, 60.64 ,0.00
4/29/2007, 60.64 ,0.00
4/30/2007, 60.65 ,0.01
5/1/2007, 60.65 ,0.00
5/2/2007, 60.64 ,-0.01
5/3/2007, 60.63 ,-0.01
5/4/2007, 60.59 ,-0.04
5/5/2007, 60.59 ,0.00
5/6/2007, 60.59 ,0.00
5/7/2007, 60.59 ,0.00
5/8/2007, 60.59 ,0.00
5/9/2007, 60.59 ,0.00
5/10/2007, 60.56 ,-0.03
5/11/2007, 60.51 ,-0.05
5/12/2007, 60.51 ,0.00
5/13/2007, 60.51 ,0.00
5/14/2007, 60.59 ,0.08
5/15/2007, 60.73 ,0.14
5/16/2007, 60.67 ,-0.06
5/17/2007, 60.79 ,0.12
5/18/2007, 60.79 ,0.00
5/19/2007, 60.79 ,0.00
5/20/2007, 60.79 ,0.00
5/21/2007, 60.75 ,-0.04
5/22/2007, 60.75 ,0.00
5/23/2007, 60.74 ,-0.01
5/24/2007, 60.76 ,0.02
5/25/2007, 60.74 ,-0.02
5/26/2007, 60.74 ,0.00
5/27/2007, 60.74 ,0.00
5/28/2007, 60.73 ,-0.01
5/29/2007, 60.73 ,0.00
5/30/2007, 60.71 ,-0.02
5/31/2007, 60.73 ,0.02
6/1/2007, 60.73 ,0.00
6/2/2007, 60.73 ,0.00
6/3/2007, 60.73 ,0.00
6/4/2007, 60.74 ,0.01
6/5/2007, 60.64 ,-0.10
6/6/2007, 60.59 ,-0.05
6/7/2007, 60.60 ,0.01
6/8/2007, 60.65 ,0.05
6/9/2007, 60.65 ,0.00
6/10/2007, 60.65 ,0.00
6/11/2007, 60.66 ,0.01
6/12/2007, 60.67 ,0.01
6/13/2007, 60.62 ,-0.05
6/14/2007, 60.60 ,-0.02
6/15/2007, 60.62 ,0.02
6/16/2007, 60.62 ,0.00
6/17/2007, 60.62 ,0.00
6/18/2007, 60.63 ,0.01
6/19/2007, 60.61 ,-0.02
6/20/2007, 60.59 ,-0.02
6/21/2007, 60.63 ,0.04
6/22/2007, 60.69 ,0.06
6/23/2007, 60.69 ,0.00
6/24/2007, 60.69 ,0.00
6/25/2007, 60.61 ,-0.08
6/26/2007, 60.59 ,-0.02
6/27/2007, 60.53 ,-0.06
6/28/2007, 60.54 ,0.01
6/29/2007, 60.47 ,-0.07
6/30/2007, 60.47 ,0.00
7/1/2007, 60.47 ,0.00
7/2/2007, 60.47 ,0.00
7/3/2007, 60.39 ,-0.08
7/4/2007, 60.38 ,-0.01
7/5/2007, 60.41 ,0.03
7/6/2007, 60.37 ,-0.04
7/7/2007, 60.37 ,0.00
7/8/2007, 60.37 ,0.00
7/9/2007, 60.39 ,0.02
7/10/2007, 60.40 ,0.01
7/11/2007, 60.41 ,0.01
7/12/2007, 60.38 ,-0.03
7/13/2007, 60.37 ,-0.01
7/14/2007, 60.37 ,0.00
7/15/2007, 60.37 ,0.00
7/16/2007, 60.40 ,0.03
7/17/2007, 60.38 ,-0.02
7/18/2007, 60.41 ,0.03
7/19/2007, 60.45 ,0.04
7/20/2007, 60.39 ,-0.06
7/21/2007, 60.39 ,0.00
7/22/2007, 60.39 ,0.00
7/23/2007, 60.38 ,-0.01
7/24/2007, 60.39 ,0.01
7/25/2007, 60.43 ,0.04
7/26/2007, 60.39 ,-0.04
7/27/2007, 60.41 ,0.02
7/28/2007, 60.41 ,0.00
7/29/2007, 60.41 ,0.00
7/30/2007, 60.42 ,0.01
7/31/2007, 60.40 ,-0.02
8/1/2007, 60.38 ,-0.02
8/2/2007, 60.39 ,0.01
8/3/2007, 60.40 ,0.01
8/4/2007, 60.40 ,0.00
8/5/2007, 60.40 ,0.00
8/6/2007, 60.41 ,0.01
8/7/2007, 60.41 ,0.00
8/8/2007, 60.41 ,0.00
8/9/2007, 60.44 ,0.03
8/10/2007, 60.44 ,0.00
8/11/2007, 60.44 ,0.00
8/12/2007, 60.44 ,0.00
8/13/2007, 60.43 ,-0.01
8/14/2007, 60.43 ,0.00
8/15/2007, 60.41 ,-0.02
8/16/2007, 60.46 ,0.05
8/17/2007, 60.47 ,0.01
8/18/2007, 60.47 ,0.00
8/19/2007, 60.47 ,0.00
8/20/2007, 60.52 ,0.05
8/21/2007, 60.55 ,0.03
8/22/2007, 60.59 ,0.04
8/23/2007, 60.61 ,0.02
8/24/2007, 60.68 ,0.07
8/25/2007, 60.68 ,0.00
8/26/2007, 60.68 ,0.00
8/27/2007, 60.81 ,0.13
8/28/2007, 60.83 ,0.02
8/29/2007, 60.80 ,-0.03
8/30/2007, 60.76 ,-0.04
8/31/2007, 60.62 ,-0.14
9/1/2007, 60.62 ,0.00
9/2/2007, 60.62 ,0.00
9/3/2007, 60.81 ,0.19
9/4/2007, 60.75 ,-0.06
9/5/2007, 60.65 ,-0.10
9/6/2007, 60.58 ,-0.07
9/7/2007, 60.58 ,0.00
9/8/2007, 60.58 ,0.00
9/9/2007, 60.58 ,0.00
9/10/2007, 60.63 ,0.05
9/11/2007, 60.64 ,0.01
9/12/2007, 60.65 ,0.01
9/13/2007, 60.62 ,-0.03
9/14/2007, 60.62 ,0.00
9/15/2007, 60.62 ,0.00
9/16/2007, 60.62 ,0.00
9/17/2007, 60.59 ,-0.03
9/18/2007, 60.63 ,0.04
9/19/2007, 60.61 ,-0.02
9/20/2007, 60.60 ,-0.01
9/21/2007, 60.60 ,0.00
9/22/2007, 60.60 ,0.00
9/23/2007, 60.60 ,0.00
9/24/2007, 60.60 ,0.00
9/25/2007, 60.61 ,0.01
9/26/2007, 60.67 ,0.06
9/27/2007, 60.73 ,0.06
9/28/2007, 60.70 ,-0.03
9/29/2007, 60.70 ,0.00
9/30/2007, 60.70 ,0.00
10/1/2007, 60.68 ,-0.02
10/2/2007, 60.76 ,0.08
10/3/2007, 60.73 ,-0.03
10/4/2007, 60.73 ,0.00
10/5/2007, 60.72 ,-0.01
10/6/2007, 60.72 ,0.00
10/7/2007, 60.72 ,0.00
10/8/2007, 60.76 ,0.04
10/9/2007, 60.72 ,-0.04
10/10/2007, 60.71 ,-0.01
10/11/2007, 60.64 ,-0.07
10/12/2007, 60.58 ,-0.06
10/13/2007, 60.58 ,0.00
10/14/2007, 60.58 ,0.00
10/15/2007, 60.58 ,0.00
10/16/2007, 60.58 ,0.00
10/17/2007, 60.64 ,0.06
10/18/2007, 60.65 ,0.01
10/19/2007, 60.64 ,-0.01
10/20/2007, 60.64 ,0.00
10/21/2007, 60.64 ,0.00
10/22/2007, 60.65 ,0.01
10/23/2007, 60.64 ,-0.01
10/24/2007, 60.68 ,0.04
10/25/2007, 60.74 ,0.06
10/26/2007, 60.71 ,-0.03
10/27/2007, 60.71 ,0.00
10/28/2007, 60.71 ,0.00
10/29/2007, 60.71 ,0.00
10/30/2007, 60.69 ,-0.02
10/31/2007, 60.73 ,0.04
11/1/2007, 60.74 ,0.01
11/2/2007, 60.79 ,0.05
11/3/2007, 60.79 ,0.00
11/4/2007, 60.79 ,0.00
11/5/2007, 60.90 ,0.11
11/6/2007, 60.84 ,-0.06
11/7/2007, 60.92 ,0.08
11/8/2007, 60.94 ,0.02
11/9/2007, 60.94 ,0.00
11/10/2007, 60.94 ,0.00
11/11/2007, 60.94 ,0.00
11/12/2007, 60.94 ,0.00
11/13/2007, 61.00 ,0.06
11/14/2007, 61.19 ,0.19
11/15/2007, 61.19 ,0.00
11/16/2007, 61.14 ,-0.05
11/17/2007, 61.14 ,0.00
11/18/2007, 61.14 ,0.00
11/19/2007, 61.22 ,0.08
11/20/2007, 61.25 ,0.03
11/21/2007, 60.91 ,-0.34
11/22/2007, 61.01 ,0.10
11/23/2007, 61.09 ,0.08
11/24/2007, 61.09 ,0.00
11/25/2007, 61.09 ,0.00
11/26/2007, 61.21 ,0.12
11/27/2007, 61.28 ,0.07
11/28/2007, 61.10 ,-0.18
11/29/2007, 61.13 ,0.03
11/30/2007, 61.24 ,0.11
12/1/2007, 61.24 ,0.00
12/2/2007, 61.24 ,0.00
12/3/2007, 61.34 ,0.10
12/4/2007, 61.31 ,-0.03
12/5/2007, 61.29 ,-0.02
12/6/2007, 61.23 ,-0.06
12/7/2007, 61.24 ,0.01
12/8/2007, 61.24 ,0.00
12/9/2007, 61.24 ,0.00
12/10/2007, 61.27 ,0.03
12/11/2007, 61.25 ,-0.02
12/12/2007, 61.25 ,0.00
12/13/2007, 61.21 ,-0.04
12/14/2007, 61.16 ,-0.05
12/15/2007, 61.16 ,0.00
12/16/2007, 61.16 ,0.00
12/17/2007, 60.88 ,-0.28
12/18/2007, 60.73 ,-0.15
12/19/2007, 60.81 ,0.08
12/20/2007, 60.81 ,0.00
12/21/2007, 60.81 ,0.00
12/22/2007, 60.81 ,0.00
12/23/2007, 60.81 ,0.00
12/24/2007, 61.07 ,0.26
12/25/2007, 61.07 ,0.00
12/26/2007, 61.32 ,0.25
12/27/2007, 61.43 ,0.11
12/28/2007, 61.43 ,0.00
12/29/2007, 61.43 ,0.00
12/30/2007, 61.43 ,0.00
12/31/2007, 62.00 ,0.57
1/1/2008, 62.00 ,0.00
1/2/2008, 61.85 ,-0.15
1/3/2008, 61.93 ,0.08
1/4/2008, 62.19 ,0.26
1/5/2008, 62.19 ,0.00
1/6/2008, 62.19 ,0.00
1/7/2008, 62.29 ,0.10
1/8/2008, 62.47 ,0.18
1/9/2008, 62.50 ,0.03
1/10/2008, 62.67 ,0.17
1/11/2008, 62.66 ,-0.01
1/12/2008, 62.66 ,0.00
1/13/2008, 62.66 ,0.00
1/14/2008, 62.50 ,-0.16
1/15/2008, 62.53 ,0.03
1/16/2008, 62.52 ,-0.01
1/17/2008, 62.27 ,-0.25
1/18/2008, 62.21 ,-0.06
1/19/2008, 62.21 ,0.00
1/20/2008, 62.21 ,0.00
1/21/2008, 62.27 ,0.06
1/22/2008, 62.48 ,0.21
1/23/2008, 62.43 ,-0.05
1/24/2008, 62.47 ,0.04
1/25/2008, 62.44 ,-0.03
1/26/2008, 62.44 ,0.00
1/27/2008, 62.44 ,0.00
1/28/2008, 62.67 ,0.23
1/29/2008, 62.55 ,-0.12
1/30/2008, 62.63 ,0.08
1/31/2008, 62.64 ,0.01
2/1/2008, 62.74 ,0.10
2/2/2008, 62.74 ,0.00
2/3/2008, 62.74 ,0.00
2/4/2008, 62.78 ,0.04
2/5/2008, 62.78 ,0.00
2/6/2008, 62.81 ,0.03
2/7/2008, 62.85 ,0.04
2/8/2008, 62.87 ,0.02
2/9/2008, 62.87 ,0.00
2/10/2008, 62.87 ,0.00
2/11/2008, 62.94 ,0.07
2/12/2008, 62.93 ,-0.01
2/13/2008, 62.94 ,0.01
2/14/2008, 62.98 ,0.04
2/15/2008, 63.12 ,0.14
2/16/2008, 63.12 ,0.00
2/17/2008, 63.12 ,0.00
2/18/2008, 63.12 ,0.00
2/19/2008, 62.96 ,-0.16
2/20/2008, 62.34 ,-0.62
2/21/2008, 61.88 ,-0.46
2/22/2008, 61.91 ,0.03
2/23/2008, 61.91 ,0.00
2/24/2008, 61.91 ,0.00
2/25/2008, 62.24 ,0.33
2/26/2008, 62.55 ,0.31
2/27/2008, 62.54 ,-0.01
2/28/2008, 62.51 ,-0.03
2/29/2008, 62.45 ,-0.06
3/1/2008, 62.45 ,0.00
3/2/2008, 62.45 ,0.00
3/3/2008, 62.72 ,0.27
3/4/2008, 62.85 ,0.13
3/5/2008, 62.86 ,0.01
3/6/2008, 62.80 ,-0.06
3/7/2008, 62.61 ,-0.19
3/8/2008, 62.61 ,0.00
3/9/2008, 62.61 ,0.00
3/10/2008, 62.79 ,0.18
3/11/2008, 62.79 ,0.00
3/12/2008, 62.85 ,0.06
3/13/2008, 62.75 ,-0.10
3/14/2008, 62.78 ,0.03
3/15/2008, 62.78 ,0.00
3/16/2008, 62.78 ,0.00
3/17/2008, 62.84 ,0.06
3/18/2008, 62.86 ,0.02
3/19/2008, 62.86 ,0.00
3/20/2008, 62.92 ,0.06
3/21/2008, 62.92 ,0.00
3/22/2008, 62.92 ,0.00
3/23/2008, 62.92 ,0.00
3/24/2008, 62.23 ,-0.69
3/25/2008, 62.62 ,0.39
3/26/2008, 62.81 ,0.19
3/27/2008, 62.82 ,0.01
3/28/2008, 62.81 ,-0.01
3/29/2008, 62.81 ,0.00
3/30/2008, 62.81 ,0.00
3/31/2008, 62.73 ,-0.08
4/1/2008, 62.77 ,0.04
4/2/2008, 62.79 ,0.02
4/3/2008, 62.81 ,0.02
4/4/2008, 62.88 ,0.07
4/5/2008, 62.88 ,0.00
4/6/2008, 62.88 ,0.00
4/7/2008, 62.89 ,0.01
4/8/2008, 62.96 ,0.07
4/9/2008, 63.19 ,0.23
4/10/2008, 63.20 ,0.01
4/11/2008, 63.18 ,-0.02
4/12/2008, 63.18 ,0.00
4/13/2008, 63.18 ,0.00
4/14/2008, 63.44 ,0.26
4/15/2008, 63.62 ,0.18
4/16/2008, 63.53 ,-0.09
4/17/2008, 63.66 ,0.13
4/18/2008, 63.91 ,0.25
4/19/2008, 63.91 ,0.00
4/20/2008, 63.91 ,0.00
4/21/2008, 64.12 ,0.21
4/22/2008, 64.00 ,-0.12
4/23/2008, 64.30 ,0.30
4/24/2008, 64.58 ,0.28
4/25/2008, 64.68 ,0.10
4/26/2008, 64.68 ,0.00
4/27/2008, 64.68 ,0.00
4/28/2008, 64.43 ,-0.25
4/29/2008, 64.52 ,0.09
4/30/2008, 64.60 ,0.08
5/1/2008, 64.60 ,0.00
5/2/2008, 64.92 ,0.32
5/3/2008, 64.92 ,0.00
5/4/2008, 64.92 ,0.00
5/5/2008, 65.81 ,0.89
5/6/2008, 65.89 ,0.08
5/7/2008, 66.64 ,0.75
5/8/2008, 67.17 ,0.53
5/9/2008, 68.60 ,1.43
5/10/2008, 68.60 ,0.00
5/11/2008, 68.60 ,0.00
5/12/2008, 68.39 ,-0.21
5/13/2008, 68.45 ,0.06
5/14/2008, 68.80 ,0.35
5/15/2008, 69.04 ,0.24
5/16/2008, 68.81 ,-0.23
5/17/2008, 68.81 ,0.00
5/18/2008, 68.81 ,0.00
5/19/2008, 69.53 ,0.72
5/20/2008, 69.76 ,0.23
5/21/2008, 69.42 ,-0.34
5/22/2008, 69.36 ,-0.06
5/23/2008, 68.52 ,-0.84
5/24/2008, 68.52 ,0.00
5/25/2008, 68.52 ,0.00
5/26/2008, 68.09 ,-0.43
5/27/2008, 68.17 ,0.08
5/28/2008, 67.97 ,-0.20
5/29/2008, 67.37 ,-0.60
5/30/2008, 66.93 ,-0.44
5/31/2008, 66.93 ,0.00
6/1/2008, 66.93 ,0.00
6/2/2008, 67.01 ,0.08
6/3/2008, 67.30 ,0.29
6/4/2008, 67.47 ,0.17
6/5/2008, 67.47 ,0.00
6/6/2008, 67.48 ,0.01
6/7/2008, 67.48 ,0.00
6/8/2008, 67.48 ,0.00
6/9/2008, 67.70 ,0.22
6/10/2008, 67.69 ,-0.01
6/11/2008, 67.39 ,-0.30
6/12/2008, 66.89 ,-0.50
6/13/2008, 66.71 ,-0.18
6/14/2008, 66.71 ,0.00
6/15/2008, 66.71 ,0.00
6/16/2008, 66.99 ,0.28
6/17/2008, 66.92 ,-0.07
6/18/2008, 67.01 ,0.09
6/19/2008, 67.47 ,0.46
6/20/2008, 67.35 ,-0.12
6/21/2008, 67.35 ,0.00
6/22/2008, 67.35 ,0.00
6/23/2008, 67.47 ,0.12
6/24/2008, 67.76 ,0.29
6/25/2008, 67.82 ,0.06
6/26/2008, 67.89 ,0.07
6/27/2008, 68.04 ,0.15
6/28/2008, 68.04 ,0.00
6/29/2008, 68.04 ,0.00
6/30/2008, 68.40 ,0.36
7/1/2008, 68.40 ,0.00
7/2/2008, 69.00 ,0.60
7/3/2008, 69.82 ,0.82
7/4/2008, 69.61 ,-0.21
7/5/2008, 69.61 ,0.00
7/6/2008, 69.61 ,0.00
7/7/2008, 71.02 ,1.41
7/8/2008, 72.89 ,1.87
7/9/2008, 71.49 ,-1.40
7/10/2008, 71.21 ,-0.28
7/11/2008, 69.98 ,-1.23
7/12/2008, 69.98 ,0.00
7/13/2008, 69.98 ,0.00
7/14/2008, 69.66 ,-0.32
7/15/2008, 70.32 ,0.66
7/16/2008, 71.03 ,0.71
7/17/2008, 72.08 ,1.05
7/18/2008, 71.04 ,-1.04
7/19/2008, 71.04 ,0.00
7/20/2008, 71.04 ,0.00
7/21/2008, 70.99 ,-0.05
7/22/2008, 70.94 ,-0.05
7/23/2008, 70.86 ,-0.08
7/24/2008, 70.95 ,0.09
7/25/2008, 70.92 ,-0.03
7/26/2008, 70.92 ,0.00
7/27/2008, 70.92 ,0.00
7/28/2008, 71.24 ,0.32
7/29/2008, 71.47 ,0.23
7/30/2008, 71.57 ,0.10
7/31/2008, 71.46 ,-0.11
8/1/2008, 71.55 ,0.09
8/2/2008, 71.55 ,0.00
8/3/2008, 71.55 ,0.00
8/4/2008, 71.94 ,0.39
8/5/2008, 72.29 ,0.35
8/6/2008, 72.52 ,0.23
8/7/2008, 72.52 ,0.00
8/8/2008, 72.58 ,0.06
8/9/2008, 72.58 ,0.00
8/10/2008, 72.58 ,0.00
8/11/2008, 73.37 ,0.79
8/12/2008, 73.74 ,0.37
8/13/2008, 75.02 ,1.28
8/14/2008, 75.02 ,0.00
8/15/2008, 76.42 ,1.40
8/16/2008, 76.42 ,0.00
8/17/2008, 76.42 ,0.00
8/18/2008, 75.60 ,-0.82
8/19/2008, 74.51 ,-1.09
8/20/2008, 74.83 ,0.32
8/21/2008, 76.39 ,1.56
8/22/2008, 76.54 ,0.15
8/23/2008, 76.54 ,0.00
8/24/2008, 76.54 ,0.00
8/25/2008, 76.65 ,0.11
8/26/2008, 76.55 ,-0.10
8/27/2008, 76.13 ,-0.42
8/28/2008, 75.95 ,-0.18
8/29/2008, 76.20 ,0.25
8/30/2008, 76.20 ,0.00
8/31/2008, 76.20 ,0.00
9/1/2008, 76.96 ,0.76
9/2/2008, 76.96 ,0.00
9/3/2008, 76.96 ,0.00
9/4/2008, 76.97 ,0.01
9/5/2008, 76.54 ,-0.43
9/6/2008, 76.54 ,0.00
9/7/2008, 76.54 ,0.00
9/8/2008, 76.43 ,-0.11
9/9/2008, 76.52 ,0.09
9/10/2008, 76.57 ,0.05
9/11/2008, 76.61 ,0.04
9/12/2008, 76.54 ,-0.07
9/13/2008, 76.54 ,0.00
9/14/2008, 76.54 ,0.00
9/15/2008, 76.60 ,0.06
9/16/2008, 76.85 ,0.25
9/17/2008, 77.25 ,0.40
9/18/2008, 77.71 ,0.46
9/19/2008, 77.96 ,0.25
9/20/2008, 77.96 ,0.00
9/21/2008, 77.96 ,0.00
9/22/2008, 78.29 ,0.33
9/23/2008, 78.21 ,-0.08
9/24/2008, 78.19 ,-0.02
9/25/2008, 78.29 ,0.10
9/26/2008, 78.13 ,-0.16
9/27/2008, 78.13 ,0.00
9/28/2008, 78.13 ,0.00
9/29/2008, 78.17 ,0.04
9/30/2008, 78.16 ,-0.01
10/1/2008, 78.16 ,0.00
10/2/2008, 78.16 ,0.00
10/3/2008, 78.16 ,0.00
10/4/2008, 78.16 ,0.00
10/5/2008, 78.16 ,0.00
10/6/2008, 78.31 ,0.15
10/7/2008, 78.52 ,0.21
10/8/2008, 79.54 ,1.02
10/9/2008, 79.18 ,-0.36
10/10/2008, 79.17 ,-0.01
10/11/2008, 79.17 ,0.00
10/12/2008, 79.17 ,0.00
10/13/2008, 79.37 ,0.20
10/14/2008, 79.85 ,0.48
10/15/2008, 80.71 ,0.86
10/16/2008, 81.97 ,1.26
10/17/2008, 83.69 ,1.72
10/18/2008, 83.69 ,0.00
10/19/2008, 83.69 ,0.00
10/20/2008, 81.22 ,-2.47
10/21/2008, 81.43 ,0.21
10/22/2008, 81.45 ,0.02
10/23/2008, 81.43 ,-0.02
10/24/2008, 81.47 ,0.04
10/25/2008, 81.47 ,0.00
10/26/2008, 81.47 ,0.00
10/27/2008, 81.60 ,0.13
10/28/2008, 81.61 ,0.01
10/29/2008, 81.67 ,0.06
10/30/2008, 81.72 ,0.05
10/31/2008, 81.47 ,-0.25
11/1/2008, 81.47 ,0.00
11/2/2008, 81.47 ,0.00
11/3/2008, 81.06 ,-0.41
11/4/2008, 81.38 ,0.32
11/5/2008, 81.05 ,-0.33
11/6/2008, 81.01 ,-0.04
11/7/2008, 81.19 ,0.18
11/8/2008, 81.19 ,0.00
11/9/2008, 81.19 ,0.00
11/10/2008, 80.81 ,-0.38
11/11/2008, 80.55 ,-0.26
11/12/2008, 80.59 ,0.04
11/13/2008, 80.42 ,-0.17
11/14/2008, 80.28 ,-0.14
11/15/2008, 80.28 ,0.00
11/16/2008, 80.28 ,0.00
11/17/2008, 79.90 ,-0.38
11/18/2008, 79.20 ,-0.70
11/19/2008, 79.34 ,0.14
11/20/2008, 79.35 ,0.01
11/21/2008, 79.28 ,-0.07
11/22/2008, 79.28 ,0.00
11/23/2008, 79.28 ,0.00
11/24/2008, 79.07 ,-0.21
11/25/2008, 78.85 ,-0.22
11/26/2008, 78.83 ,-0.02
11/27/2008, 78.86 ,0.03
11/28/2008, 78.88 ,0.02
11/29/2008, 78.88 ,0.00
11/30/2008, 78.88 ,0.00
12/1/2008, 78.74 ,-0.14
12/2/2008, 78.73 ,-0.01
12/3/2008, 78.66 ,-0.07
12/4/2008, 78.74 ,0.08
12/5/2008, 78.79 ,0.05
12/6/2008, 78.79 ,0.00
12/7/2008, 78.79 ,0.00
12/8/2008, 78.79 ,0.00
12/9/2008, 78.79 ,0.00
12/10/2008, 78.79 ,0.00
12/11/2008, 78.67 ,-0.12
12/12/2008, 78.74 ,0.07
12/13/2008, 78.74 ,0.00
12/14/2008, 78.74 ,0.00
12/15/2008, 79.93 ,1.19
12/16/2008, 81.33 ,1.40
12/17/2008, 79.42 ,-1.91
12/18/2008, 79.47 ,0.05
12/19/2008, 79.38 ,-0.09
12/20/2008, 79.38 ,0.00
12/21/2008, 79.38 ,0.00
12/22/2008, 78.88 ,-0.50
12/23/2008, 78.88 ,0.00
12/24/2008, 78.88 ,0.00
12/25/2008, 78.88 ,0.00
12/26/2008, 79.21 ,0.33
12/27/2008, 79.21 ,0.00
12/28/2008, 79.21 ,0.00
12/29/2008, 79.30 ,0.09
12/30/2008, 79.14 ,-0.16
12/31/2008, 79.10 ,-0.04
1/1/2009, 79.10 ,0.00
1/2/2009, 79.07 ,-0.03
1/3/2009, 79.07 ,0.00
1/4/2009, 79.07 ,0.00
1/5/2009, 79.17 ,0.10
1/6/2009, 79.10 ,-0.07
1/7/2009, 79.10 ,0.00
1/8/2009, 79.10 ,0.00
1/9/2009, 79.05 ,-0.05
1/10/2009, 79.05 ,0.00
1/11/2009, 79.05 ,0.00
1/12/2009, 79.07 ,0.02
1/13/2009, 79.11 ,0.04
1/14/2009, 79.15 ,0.04
1/15/2009, 79.22 ,0.07
1/16/2009, 79.34 ,0.12
1/17/2009, 79.34 ,0.00
1/18/2009, 79.34 ,0.00
1/19/2009, 79.62 ,0.28
1/20/2009, 80.18 ,0.56
1/21/2009, 80.37 ,0.19
1/22/2009, 79.87 ,-0.50
1/23/2009, 79.43 ,-0.44
1/24/2009, 79.43 ,0.00
1/25/2009, 79.43 ,0.00
1/26/2009, 78.98 ,-0.45
1/27/2009, 78.87 ,-0.11
1/28/2009, 78.99 ,0.12
1/29/2009, 78.97 ,-0.02
1/30/2009, 79.00 ,0.03
1/31/2009, 79.00 ,0.00
2/1/2009, 79.00 ,0.00
2/2/2009, 79.18 ,0.18
2/3/2009, 79.13 ,-0.05
2/4/2009, 79.17 ,0.04
2/5/2009, 79.17 ,0.00
2/6/2009, 79.17 ,0.00
2/7/2009, 79.17 ,0.00
2/8/2009, 79.17 ,0.00
2/9/2009, 79.27 ,0.10
2/10/2009, 79.51 ,0.24
2/11/2009, 79.46 ,-0.05
2/12/2009, 79.47 ,0.01
2/13/2009, 79.64 ,0.17
2/14/2009, 79.64 ,0.00
2/15/2009, 79.64 ,0.00
2/16/2009, 79.77 ,0.13
2/17/2009, 79.95 ,0.18
2/18/2009, 80.10 ,0.15
2/19/2009, 79.85 ,-0.25
2/20/2009, 79.85 ,0.00
2/21/2009, 79.85 ,0.00
2/22/2009, 79.85 ,0.00
2/23/2009, 79.81 ,-0.04
2/24/2009, 79.83 ,0.02
2/25/2009, 79.88 ,0.05
2/26/2009, 79.86 ,-0.02
2/27/2009, 79.92 ,0.06
2/28/2009, 79.92 ,0.00
3/1/2009, 79.92 ,0.00
3/2/2009, 79.91 ,-0.01
3/3/2009, 80.06 ,0.15
3/4/2009, 80.20 ,0.14
3/5/2009, 80.30 ,0.10
3/6/2009, 80.61 ,0.31
3/7/2009, 80.61 ,0.00
3/8/2009, 80.61 ,0.00
3/9/2009, 80.62 ,0.01
3/10/2009, 80.62 ,0.00
3/11/2009, 80.31 ,-0.31
3/12/2009, 80.30 ,-0.01
3/13/2009, 80.35 ,0.05
3/14/2009, 80.35 ,0.00
3/15/2009, 80.35 ,0.00
3/16/2009, 80.41 ,0.06
3/17/2009, 80.37 ,-0.04
3/18/2009, 80.35 ,-0.02
3/19/2009, 80.47 ,0.12
3/20/2009, 80.53 ,0.06
3/21/2009, 80.53 ,0.00
3/22/2009, 80.53 ,0.00
3/23/2009, 80.53 ,0.00
3/24/2009, 80.53 ,0.00
3/25/2009, 80.60 ,0.07
3/26/2009, 80.47 ,-0.13
3/27/2009, 80.43 ,-0.04
3/28/2009, 80.43 ,0.00
3/29/2009, 80.43 ,0.00
3/30/2009, 80.53 ,0.10
3/31/2009, 80.51 ,-0.02
4/1/2009, 80.60 ,0.09
4/2/2009, 80.57 ,-0.03
4/3/2009, 80.57 ,0.00
4/4/2009, 80.57 ,0.00
4/5/2009, 80.57 ,0.00
4/6/2009, 80.54 ,-0.03
4/7/2009, 80.55 ,0.01
4/8/2009, 80.64 ,0.09
4/9/2009, 80.63 ,-0.01
4/10/2009, 80.56 ,-0.07
4/11/2009, 80.56 ,0.00
4/12/2009, 80.56 ,0.00
4/13/2009, 80.69 ,0.13
4/14/2009, 80.70 ,0.01
4/15/2009, 80.65 ,-0.05
4/16/2009, 80.44 ,-0.21
4/17/2009, 80.45 ,0.01
4/18/2009, 80.45 ,0.00
4/19/2009, 80.45 ,0.00
4/20/2009, 80.56 ,0.11
4/21/2009, 80.61 ,0.05
4/22/2009, 80.60 ,-0.01
4/23/2009, 80.59 ,-0.01
4/24/2009, 80.49 ,-0.10
4/25/2009, 80.49 ,0.00
4/26/2009, 80.49 ,0.00
4/27/2009, 80.49 ,0.00
4/28/2009, 80.49 ,0.00
4/29/2009, 80.55 ,0.06
4/30/2009, 80.53 ,-0.02
5/1/2009, 80.53 ,0.00
5/2/2009, 80.53 ,0.00
5/3/2009, 80.53 ,0.00
5/4/2009, 80.52 ,-0.01
5/5/2009, 80.45 ,-0.07
5/6/2009, 80.51 ,0.06
5/7/2009, 80.47 ,-0.04
5/8/2009, 80.42 ,-0.05
5/9/2009, 80.42 ,0.00
5/10/2009, 80.42 ,0.00
5/11/2009, 80.55 ,0.13
5/12/2009, 80.51 ,-0.04
5/13/2009, 80.67 ,0.16
5/14/2009, 80.82 ,0.15
5/15/2009, 80.80 ,-0.02
5/16/2009, 80.80 ,0.00
5/17/2009, 80.80 ,0.00
5/18/2009, 81.14 ,0.34
5/19/2009, 81.03 ,-0.11
5/20/2009, 80.93 ,-0.10
5/21/2009, 80.86 ,-0.07
5/22/2009, 80.51 ,-0.35
5/23/2009, 80.51 ,0.00
5/24/2009, 80.51 ,0.00
5/25/2009, 80.43 ,-0.08
5/26/2009, 80.57 ,0.14
5/27/2009, 80.56 ,-0.01
5/28/2009, 80.89 ,0.33
5/29/2009, 81.01 ,0.12
5/30/2009, 81.01 ,0.00
5/31/2009, 81.01 ,0.00
6/1/2009, 81.20 ,0.19
6/2/2009, 81.06 ,-0.14
6/3/2009, 80.81 ,-0.25
6/4/2009, 80.71 ,-0.10
6/5/2009, 80.82 ,0.11
6/6/2009, 80.82 ,0.00
6/7/2009, 80.82 ,0.00
6/8/2009, 80.78 ,-0.04
6/9/2009, 81.06 ,0.28
6/10/2009, 81.06 ,0.00
6/11/2009, 80.83 ,-0.23
6/12/2009, 81.01 ,0.18
6/13/2009, 81.01 ,0.00
6/14/2009, 81.01 ,0.00
6/15/2009, 80.99 ,-0.02
6/16/2009, 81.07 ,0.08
6/17/2009, 80.93 ,-0.14
6/18/2009, 81.14 ,0.21
6/19/2009, 81.14 ,0.00
6/20/2009, 81.14 ,0.00
6/21/2009, 81.14 ,0.00
6/22/2009, 81.29 ,0.15
6/23/2009, 81.34 ,0.05
6/24/2009, 81.58 ,0.24
6/25/2009, 81.46 ,-0.12
6/26/2009, 81.38 ,-0.08
6/27/2009, 81.38 ,0.00
6/28/2009, 81.38 ,0.00
6/29/2009, 81.43 ,0.05
6/30/2009, 81.46 ,0.03
7/1/2009, 81.46 ,0.00
7/2/2009, 81.53 ,0.07
7/3/2009, 81.53 ,0.00
7/4/2009, 81.53 ,0.00
7/5/2009, 81.53 ,0.00
7/6/2009, 81.56 ,0.03
7/7/2009, 81.56 ,0.00
7/8/2009, 81.73 ,0.17
7/9/2009, 81.89 ,0.16
7/10/2009, 81.97 ,0.08
7/11/2009, 81.97 ,0.00
7/12/2009, 81.97 ,0.00
7/13/2009, 82.41 ,0.44
7/14/2009, 82.54 ,0.13
7/15/2009, 82.33 ,-0.21
7/16/2009, 82.29 ,-0.04
7/17/2009, 82.06 ,-0.23
7/18/2009, 82.06 ,0.00
7/19/2009, 82.06 ,0.00
7/20/2009, 82.14 ,0.08
7/21/2009, 82.04 ,-0.10
7/22/2009, 82.05 ,0.01
7/23/2009, 82.31 ,0.26
7/24/2009, 82.37 ,0.06
7/25/2009, 82.37 ,0.00
7/26/2009, 82.37 ,0.00
7/27/2009, 82.66 ,0.29
7/28/2009, 83.17 ,0.51
7/29/2009, 83.11 ,-0.06
7/30/2009, 83.23 ,0.12
7/31/2009, 83.24 ,0.01
8/1/2009, 83.24 ,0.00
8/2/2009, 83.24 ,0.00
8/3/2009, 83.36 ,0.12
8/4/2009, 83.30 ,-0.06
8/5/2009, 83.20 ,-0.10
8/6/2009, 82.78 ,-0.42
8/7/2009, 82.43 ,-0.35
8/8/2009, 82.43 ,0.00
8/9/2009, 82.43 ,0.00
8/10/2009, 82.95 ,0.52
8/11/2009, 82.88 ,-0.07
8/12/2009, 82.79 ,-0.09
8/13/2009, 82.57 ,-0.22
8/14/2009, 82.57 ,0.00
8/15/2009, 82.57 ,0.00
8/16/2009, 82.57 ,0.00
8/17/2009, 82.55 ,-0.02
8/18/2009, 82.68 ,0.13
8/19/2009, 82.72 ,0.04
8/20/2009, 82.85 ,0.13
8/21/2009, 82.96 ,0.11
8/22/2009, 82.96 ,0.00
8/23/2009, 82.96 ,0.00
8/24/2009, 82.96 ,0.00
8/25/2009, 82.82 ,-0.14
8/26/2009, 82.80 ,-0.02
8/27/2009, 82.90 ,0.10
8/28/2009, 83.07 ,0.17
8/29/2009, 83.07 ,0.00
8/30/2009, 83.07 ,0.00
8/31/2009, 83.02 ,-0.05
9/1/2009, 82.96 ,-0.06
9/2/2009, 82.72 ,-0.24
9/3/2009, 82.87 ,0.15
9/4/2009, 82.94 ,0.07
9/5/2009, 82.94 ,0.00
9/6/2009, 82.94 ,0.00
9/7/2009, 82.91 ,-0.03
9/8/2009, 82.92 ,0.01
9/9/2009, 82.94 ,0.02
9/10/2009, 82.84 ,-0.10
9/11/2009, 82.86 ,0.02
9/12/2009, 82.86 ,0.00
9/13/2009, 82.86 ,0.00
9/14/2009, 82.83 ,-0.03
9/15/2009, 82.77 ,-0.06
9/16/2009, 82.81 ,0.04
9/17/2009, 83.00 ,0.19
9/18/2009, 83.01 ,0.01
9/19/2009, 83.01 ,0.00
9/20/2009, 83.01 ,0.00
9/21/2009, 83.01 ,0.00
9/22/2009, 83.01 ,0.00
9/23/2009, 83.01 ,0.00
9/24/2009, 82.96 ,-0.05
9/25/2009, 83.01 ,0.05
9/26/2009, 83.01 ,0.00
9/27/2009, 83.01 ,0.00
9/28/2009, 83.04 ,0.03
9/29/2009, 83.17 ,0.13
9/30/2009, 83.15 ,-0.02
10/1/2009, 83.15 ,0.00
10/2/2009, 83.16 ,0.01
10/3/2009, 83.16 ,0.00
10/4/2009, 83.16 ,0.00
10/5/2009, 83.30 ,0.14
10/6/2009, 83.28 ,-0.02
10/7/2009, 83.13 ,-0.15
10/8/2009, 83.20 ,0.07
10/9/2009, 83.21 ,0.01
10/10/2009, 83.21 ,0.00
10/11/2009, 83.21 ,0.00
10/12/2009, 83.29 ,0.08
10/13/2009, 83.30 ,0.01
10/14/2009, 83.30 ,0.00
10/15/2009, 83.24 ,-0.06
10/16/2009, 83.24 ,0.00
10/17/2009, 83.24 ,0.00
10/18/2009, 83.24 ,0.00
10/19/2009, 83.33 ,0.09
10/20/2009, 83.33 ,0.00
10/21/2009, 83.32 ,-0.01
10/22/2009, 83.28 ,-0.04
10/23/2009, 83.24 ,-0.04
10/24/2009, 83.24 ,0.00
10/25/2009, 83.24 ,0.00
10/26/2009, 83.35 ,0.11
10/27/2009, 83.36 ,0.01
10/28/2009, 83.57 ,0.21
10/29/2009, 83.69 ,0.12
10/30/2009, 83.67 ,-0.02
10/31/2009, 83.67 ,0.00
11/1/2009, 83.67 ,0.00
11/2/2009, 83.71 ,0.04
11/3/2009, 83.75 ,0.04
11/4/2009, 83.71 ,-0.04
11/5/2009, 83.69 ,-0.02
11/6/2009, 83.57 ,-0.12
11/7/2009, 83.57 ,0.00
11/8/2009, 83.57 ,0.00
11/9/2009, 83.57 ,0.00
11/10/2009, 83.37 ,-0.20
11/11/2009, 83.50 ,0.13
11/12/2009, 83.46 ,-0.04
11/13/2009, 83.43 ,-0.03
11/14/2009, 83.43 ,0.00
11/15/2009, 83.43 ,0.00
11/16/2009, 83.47 ,0.04
11/17/2009, 83.49 ,0.02
11/18/2009, 83.49 ,0.00
11/19/2009, 83.53 ,0.04
11/20/2009, 83.51 ,-0.02
11/21/2009, 83.51 ,0.00
11/22/2009, 83.51 ,0.00
11/23/2009, 83.52 ,0.01
11/24/2009, 83.54 ,0.02
11/25/2009, 83.54 ,0.00
11/26/2009, 83.57 ,0.03
11/27/2009, 83.57 ,0.00
11/28/2009, 83.57 ,0.00
11/29/2009, 83.57 ,0.00
11/30/2009, 83.57 ,0.00
12/1/2009, 83.57 ,0.00
12/2/2009, 83.60 ,0.03
12/3/2009, 83.60 ,0.00
12/4/2009, 83.63 ,0.03
12/5/2009, 83.63 ,0.00
12/6/2009, 83.63 ,0.00
12/7/2009, 84.15 ,0.52
12/8/2009, 84.17 ,0.02
12/9/2009, 84.22 ,0.05
12/10/2009, 84.23 ,0.01
12/11/2009, 84.05 ,-0.18
12/12/2009, 84.05 ,0.00
12/13/2009, 84.05 ,0.00
12/14/2009, 84.28 ,0.23
12/15/2009, 84.38 ,0.10
12/16/2009, 84.49 ,0.11
12/17/2009, 84.27 ,-0.22
12/18/2009, 84.15 ,-0.12
12/19/2009, 84.15 ,0.00
12/20/2009, 84.15 ,0.00
12/21/2009, 84.22 ,0.07
12/22/2009, 84.33 ,0.11
12/23/2009, 84.40 ,0.07
12/24/2009, 84.22 ,-0.18
12/25/2009, 84.22 ,0.00
12/26/2009, 84.22 ,0.00
12/27/2009, 84.22 ,0.00
12/28/2009, 84.22 ,0.00
12/29/2009, 84.24 ,0.02
12/30/2009, 84.24 ,0.00
12/31/2009, 84.24 ,0.00
1/1/2010, 84.24 ,0.00
1/2/2010, 84.24 ,0.00
1/3/2010, 84.24 ,0.00
1/4/2010, 84.56 ,0.32
1/5/2010, 84.71 ,0.15
1/6/2010, 84.73 ,0.02
1/7/2010, 84.81 ,0.08
1/8/2010, 84.81 ,0.00
1/9/2010, 84.81 ,0.00
1/10/2010, 84.81 ,0.00
1/11/2010, 84.83 ,0.02
1/12/2010, 84.87 ,0.04
1/13/2010, 84.80 ,-0.07
1/14/2010, 84.56 ,-0.24
1/15/2010, 84.27 ,-0.29
1/16/2010, 84.27 ,0.00
1/17/2010, 84.27 ,0.00
1/18/2010, 84.33 ,0.06
1/19/2010, 84.64 ,0.31
1/20/2010, 84.67 ,0.03
1/21/2010, 84.53 ,-0.14
1/22/2010, 84.53 ,0.00
1/23/2010, 84.53 ,0.00
1/24/2010, 84.53 ,0.00
1/25/2010, 84.61 ,0.08
1/26/2010, 84.63 ,0.02
1/27/2010, 84.59 ,-0.04
1/28/2010, 84.60 ,0.01
1/29/2010, 84.80 ,0.20
1/30/2010, 84.80 ,0.00
1/31/2010, 84.80 ,0.00
2/1/2010, 85.09 ,0.29
2/2/2010, 84.96 ,-0.13
2/3/2010, 84.94 ,-0.02
2/4/2010, 84.94 ,0.00
2/5/2010, 84.94 ,0.00
2/6/2010, 84.94 ,0.00
2/7/2010, 84.94 ,0.00
2/8/2010, 84.96 ,0.02
2/9/2010, 84.95 ,-0.01
2/10/2010, 84.98 ,0.03
2/11/2010, 84.92 ,-0.06
2/12/2010, 84.84 ,-0.08
2/13/2010, 84.84 ,0.00
2/14/2010, 84.84 ,0.00
2/15/2010, 84.98 ,0.14
2/16/2010, 84.99 ,0.01
2/17/2010, 84.95 ,-0.04
2/18/2010, 84.94 ,-0.01
2/19/2010, 84.93 ,-0.01
2/20/2010, 84.93 ,0.00
2/21/2010, 84.93 ,0.00
2/22/2010, 85.05 ,0.12
2/23/2010, 85.08 ,0.03
2/24/2010, 85.08 ,0.00
2/25/2010, 85.07 ,-0.01
2/26/2010, 84.97 ,-0.10
2/27/2010, 84.97 ,0.00
2/28/2010, 84.97 ,0.00
3/1/2010, 85.07 ,0.10
3/2/2010, 85.11 ,0.04
3/3/2010, 85.05 ,-0.06
3/4/2010, 84.93 ,-0.12
3/5/2010, 84.66 ,-0.27
3/6/2010, 84.66 ,0.00
3/7/2010, 84.66 ,0.00
3/8/2010, 84.69 ,0.03
3/9/2010, 84.55 ,-0.14
3/10/2010, 84.52 ,-0.03
3/11/2010, 84.31 ,-0.21
3/12/2010, 84.05 ,-0.26
3/13/2010, 84.05 ,0.00
3/14/2010, 84.05 ,0.00
3/15/2010, 84.43 ,0.38
3/16/2010, 84.43 ,0.00
3/17/2010, 84.29 ,-0.14
3/18/2010, 84.31 ,0.02
3/19/2010, 84.18 ,-0.13
3/20/2010, 84.18 ,0.00
3/21/2010, 84.18 ,0.00
3/22/2010, 84.34 ,0.16
3/23/2010, 84.34 ,0.00
3/24/2010, 84.12 ,-0.22
3/25/2010, 83.75 ,-0.37
3/26/2010, 83.81 ,0.06
3/27/2010, 83.81 ,0.00
3/28/2010, 83.81 ,0.00
3/29/2010, 83.92 ,0.11
3/30/2010, 84.03 ,0.11
3/31/2010, 84.09 ,0.06
4/1/2010, 84.24 ,0.15
4/2/2010, 84.42 ,0.18
4/3/2010, 84.42 ,0.00
4/4/2010, 84.42 ,0.00
4/5/2010, 84.23 ,-0.19
4/6/2010, 83.94 ,-0.29
4/7/2010, 83.63 ,-0.31
4/8/2010, 83.69 ,0.06
4/9/2010, 84.05 ,0.36
4/10/2010, 84.05 ,0.00
4/11/2010, 84.05 ,0.00
4/12/2010, 83.96 ,-0.09
4/13/2010, 83.81 ,-0.15
4/14/2010, 83.87 ,0.06
4/15/2010, 83.88 ,0.01
4/16/2010, 84.00 ,0.12
4/17/2010, 84.00 ,0.00
4/18/2010, 84.00 ,0.00
4/19/2010, 84.04 ,0.04
4/20/2010, 84.18 ,0.14
4/21/2010, 84.00 ,-0.18
4/22/2010, 83.88 ,-0.12
4/23/2010, 83.98 ,0.10
4/24/2010, 83.98 ,0.00
4/25/2010, 83.98 ,0.00
4/26/2010, 84.00 ,0.02
4/27/2010, 83.99 ,-0.01
4/28/2010, 84.00 ,0.01
4/29/2010, 84.02 ,0.02
4/30/2010, 84.00 ,-0.02
5/1/2010, 84.00 ,0.00
5/2/2010, 84.00 ,0.00
5/3/2010, 84.10 ,0.10
5/4/2010, 84.11 ,0.01
5/5/2010, 84.16 ,0.05
5/6/2010, 84.17 ,0.01
5/7/2010, 84.26 ,0.09
5/8/2010, 84.26 ,0.00
5/9/2010, 84.26 ,0.00
5/10/2010, 84.18 ,-0.08
5/11/2010, 83.92 ,-0.26
5/12/2010, 84.18 ,0.26
5/13/2010, 84.18 ,0.00
5/14/2010, 84.25 ,0.07
5/15/2010, 84.25 ,0.00
5/16/2010, 84.25 ,0.00
5/17/2010, 84.39 ,0.14
5/18/2010, 84.53 ,0.14
5/19/2010, 84.43 ,-0.10
5/20/2010, 84.47 ,0.04
5/21/2010, 84.55 ,0.08
5/22/2010, 84.55 ,0.00
5/23/2010, 84.55 ,0.00
5/24/2010, 84.57 ,0.02
5/25/2010, 84.67 ,0.10
5/26/2010, 85.14 ,0.47
5/27/2010, 85.19 ,0.05
5/28/2010, 85.10 ,-0.09
5/29/2010, 85.10 ,0.00
5/30/2010, 85.10 ,0.00
5/31/2010, 85.38 ,0.28
6/1/2010, 85.43 ,0.05
6/2/2010, 85.42 ,-0.01
6/3/2010, 85.22 ,-0.20
6/4/2010, 85.35 ,0.13
6/5/2010, 85.35 ,0.00
6/6/2010, 85.35 ,0.00
6/7/2010, 85.40 ,0.05
6/8/2010, 85.40 ,0.00
6/9/2010, 85.29 ,-0.11
6/10/2010, 85.29 ,0.00
6/11/2010, 85.29 ,0.00
6/12/2010, 85.29 ,0.00
6/13/2010, 85.29 ,0.00
6/14/2010, 85.34 ,0.05
6/15/2010, 85.41 ,0.07
6/16/2010, 85.39 ,-0.02
6/17/2010, 85.38 ,-0.01
6/18/2010, 85.49 ,0.11
6/19/2010, 85.49 ,0.00
6/20/2010, 85.49 ,0.00
6/21/2010, 85.45 ,-0.04
6/22/2010, 85.40 ,-0.05
6/23/2010, 85.36 ,-0.04
6/24/2010, 85.32 ,-0.04
6/25/2010, 85.32 ,0.00
6/26/2010, 85.32 ,0.00
6/27/2010, 85.32 ,0.00
6/28/2010, 85.48 ,0.16
6/29/2010, 85.40 ,-0.08
6/30/2010, 85.51 ,0.11
7/1/2010, 85.51 ,0.00
7/2/2010, 85.41 ,-0.10
7/3/2010, 85.41 ,0.00
7/4/2010, 85.41 ,0.00
7/5/2010, 85.51 ,0.10
7/6/2010, 85.62 ,0.11
7/7/2010, 85.67 ,0.05
7/8/2010, 85.66 ,-0.01
7/9/2010, 85.69 ,0.03
7/10/2010, 85.69 ,0.00
7/11/2010, 85.69 ,0.00
7/12/2010, 85.77 ,0.08
7/13/2010, 85.76 ,-0.01
7/14/2010, 85.75 ,-0.01
7/15/2010, 85.57 ,-0.18
7/16/2010, 85.63 ,0.06
7/17/2010, 85.63 ,0.00
7/18/2010, 85.63 ,0.00
7/19/2010, 85.63 ,0.00
7/20/2010, 85.58 ,-0.05
7/21/2010, 85.50 ,-0.08
7/22/2010, 85.53 ,0.03
7/23/2010, 85.57 ,0.04
7/24/2010, 85.57 ,0.00
7/25/2010, 85.57 ,0.00
7/26/2010, 85.64 ,0.07
7/27/2010, 85.58 ,-0.06
7/28/2010, 85.62 ,0.04
7/29/2010, 85.66 ,0.04
7/30/2010, 85.69 ,0.03
7/31/2010, 85.69 ,0.00
8/1/2010, 85.69 ,0.00
8/2/2010, 85.77 ,0.08
8/3/2010, 85.79 ,0.02
8/4/2010, 85.69 ,-0.10
8/5/2010, 85.66 ,-0.03
8/6/2010, 85.74 ,0.08
8/7/2010, 85.74 ,0.00
8/8/2010, 85.74 ,0.00
8/9/2010, 85.75 ,0.01
8/10/2010, 85.74 ,-0.01
8/11/2010, 85.69 ,-0.05
8/12/2010, 85.69 ,0.00
8/13/2010, 85.63 ,-0.06
8/14/2010, 85.63 ,0.00
8/15/2010, 85.63 ,0.00
8/16/2010, 85.72 ,0.09
8/17/2010, 85.66 ,-0.06
8/18/2010, 85.65 ,-0.01
8/19/2010, 85.66 ,0.01
8/20/2010, 85.66 ,0.00
8/21/2010, 85.66 ,0.00
8/22/2010, 85.66 ,0.00
8/23/2010, 85.64 ,-0.02
8/24/2010, 85.67 ,0.03
8/25/2010, 85.64 ,-0.03
8/26/2010, 85.65 ,0.01
8/27/2010, 85.65 ,0.00
8/28/2010, 85.65 ,0.00
8/29/2010, 85.65 ,0.00
8/30/2010, 85.67 ,0.02
8/31/2010, 85.62 ,-0.05
9/1/2010, 85.64 ,0.02
9/2/2010, 85.63 ,-0.01
9/3/2010, 85.69 ,0.06
9/4/2010, 85.69 ,0.00
9/5/2010, 85.69 ,0.00
9/6/2010, 85.86 ,0.17
9/7/2010, 86.03 ,0.17
9/8/2010, 85.73 ,-0.30
9/9/2010, 85.73 ,0.00
9/10/2010, 85.73 ,0.00
9/11/2010, 85.73 ,0.00
9/12/2010, 85.73 ,0.00
9/13/2010, 85.73 ,0.00
9/14/2010, 85.79 ,0.06
9/15/2010, 85.77 ,-0.02
9/16/2010, 85.76 ,-0.01
9/17/2010, 85.73 ,-0.03
9/18/2010, 85.73 ,0.00
9/19/2010, 85.73 ,0.00
9/20/2010, 85.85 ,0.12
9/21/2010, 85.96 ,0.11
9/22/2010, 85.92 ,-0.04
9/23/2010, 85.94 ,0.02
9/24/2010, 86.00 ,0.06
9/25/2010, 86.00 ,0.00
9/26/2010, 86.00 ,0.00
9/27/2010, 86.08 ,0.08
9/28/2010, 86.16 ,0.08
9/29/2010, 86.25 ,0.09
9/30/2010, 86.32 ,0.07
10/1/2010, 86.25 ,-0.07
10/2/2010, 86.25 ,0.00
10/3/2010, 86.25 ,0.00
10/4/2010, 86.23 ,-0.02
10/5/2010, 86.15 ,-0.08
10/6/2010, 86.00 ,-0.15
10/7/2010, 85.87 ,-0.13
10/8/2010, 85.91 ,0.04
10/9/2010, 85.91 ,0.00
10/10/2010, 85.91 ,0.00
10/11/2010, 86.17 ,0.26
10/12/2010, 86.10 ,-0.07
10/13/2010, 85.98 ,-0.12
10/14/2010, 85.99 ,0.01
10/15/2010, 86.06 ,0.07
10/16/2010, 86.06 ,0.00
10/17/2010, 86.06 ,0.00
10/18/2010, 86.08 ,0.02
10/19/2010, 85.95 ,-0.13
10/20/2010, 86.00 ,0.05
10/21/2010, 85.96 ,-0.04
10/22/2010, 85.94 ,-0.02
10/23/2010, 85.94 ,0.00
10/24/2010, 85.94 ,0.00
10/25/2010, 85.90 ,-0.04
10/26/2010, 85.87 ,-0.03
10/27/2010, 85.94 ,0.07
10/28/2010, 85.86 ,-0.08
10/29/2010, 85.89 ,0.03
10/30/2010, 85.89 ,0.00
10/31/2010, 85.89 ,0.00
11/1/2010, 85.92 ,0.03
11/2/2010, 85.74 ,-0.18
11/3/2010, 85.69 ,-0.05
11/4/2010, 85.63 ,-0.06
11/5/2010, 85.37 ,-0.26
11/6/2010, 85.37 ,0.00
11/7/2010, 85.37 ,0.00
11/8/2010, 85.29 ,-0.08
11/9/2010, 85.29 ,0.00
11/10/2010, 85.40 ,0.11
11/11/2010, 85.44 ,0.04
11/12/2010, 85.52 ,0.08
11/13/2010, 85.52 ,0.00
11/14/2010, 85.52 ,0.00
11/15/2010, 85.53 ,0.01
11/16/2010, 85.31 ,-0.22
11/17/2010, 85.31 ,0.00
11/18/2010, 85.31 ,0.00
11/19/2010, 85.31 ,0.00
11/20/2010, 85.31 ,0.00
11/21/2010, 85.31 ,0.00
11/22/2010, 85.52 ,0.21
11/23/2010, 85.50 ,-0.02
11/24/2010, 85.49 ,-0.01
11/25/2010, 85.54 ,0.05
11/26/2010, 85.67 ,0.13
11/27/2010, 85.67 ,0.00
11/28/2010, 85.67 ,0.00
11/29/2010, 85.83 ,0.16
11/30/2010, 85.72 ,-0.11
12/1/2010, 85.66 ,-0.06
12/2/2010, 85.79 ,0.13
12/3/2010, 85.81 ,0.02
12/4/2010, 85.81 ,0.00
12/5/2010, 85.81 ,0.00
12/6/2010, 85.84 ,0.03
12/7/2010, 85.65 ,-0.19
12/8/2010, 85.75 ,0.10
12/9/2010, 85.72 ,-0.03
12/10/2010, 85.76 ,0.04
12/11/2010, 85.76 ,0.00
12/12/2010, 85.76 ,0.00
12/13/2010, 85.85 ,0.09
12/14/2010, 85.81 ,-0.04
12/15/2010, 85.81 ,0.00
12/16/2010, 85.81 ,0.00
12/17/2010, 85.81 ,0.00
12/18/2010, 85.81 ,0.00
12/19/2010, 85.81 ,0.00
12/20/2010, 85.77 ,-0.04
12/21/2010, 85.75 ,-0.02
12/22/2010, 85.76 ,0.01
12/23/2010, 85.77 ,0.01
12/24/2010, 85.81 ,0.04
12/25/2010, 85.81 ,0.00
12/26/2010, 85.81 ,0.00
12/27/2010, 85.85 ,0.04
12/28/2010, 85.85 ,0.00
12/29/2010, 85.88 ,0.03
12/30/2010, 85.72 ,-0.16
12/31/2010, 85.64 ,-0.08
1/1/2011, 85.64 ,0.00
1/2/2011, 85.64 ,0.00
1/3/2011, 85.70 ,0.06
1/4/2011, 85.70 ,0.00
1/5/2011, 85.77 ,0.07
1/6/2011, 85.75 ,-0.02
1/7/2011, 85.76 ,0.01
1/8/2011, 85.76 ,0.00
1/9/2011, 85.76 ,0.00
1/10/2011, 85.73 ,-0.03
1/11/2011, 85.74 ,0.01
1/12/2011, 85.70 ,-0.04
1/13/2011, 85.69 ,-0.01
1/14/2011, 85.57 ,-0.12
1/15/2011, 85.57 ,0.00
1/16/2011, 85.57 ,0.00
1/17/2011, 85.54 ,-0.03
1/18/2011, 85.79 ,0.25
1/19/2011, 85.71 ,-0.08
1/20/2011, 85.82 ,0.11
1/21/2011, 85.90 ,0.08
1/22/2011, 85.90 ,0.00
1/23/2011, 85.90 ,0.00
1/24/2011, 86.01 ,0.11
1/25/2011, 85.89 ,-0.12
1/26/2011, 85.87 ,-0.02
1/27/2011, 85.84 ,-0.03
1/28/2011, 85.74 ,-0.10
1/29/2011, 85.74 ,0.00
1/30/2011, 85.74 ,0.00
1/31/2011, 85.71 ,-0.03
2/1/2011, 85.60 ,-0.11
2/2/2011, 85.51 ,-0.09
2/3/2011, 85.53 ,0.02
2/4/2011, 85.50 ,-0.03
2/5/2011, 85.50 ,0.00
2/6/2011, 85.50 ,0.00
2/7/2011, 85.54 ,0.04
2/8/2011, 85.28 ,-0.26
2/9/2011, 85.20 ,-0.08
2/10/2011, 85.13 ,-0.07
2/11/2011, 84.78 ,-0.35
2/12/2011, 84.78 ,0.00
2/13/2011, 84.78 ,0.00
2/14/2011, 85.13 ,0.35
2/15/2011, 85.35 ,0.22
2/16/2011, 85.35 ,0.00
2/17/2011, 85.36 ,0.01
2/18/2011, 85.39 ,0.03
2/19/2011, 85.39 ,0.00
2/20/2011, 85.39 ,0.00
2/21/2011, 85.53 ,0.14
2/22/2011, 85.54 ,0.01
2/23/2011, 85.43 ,-0.11
2/24/2011, 85.40 ,-0.03
2/25/2011, 85.39 ,-0.01
2/26/2011, 85.39 ,0.00
2/27/2011, 85.39 ,0.00
2/28/2011, 85.69 ,0.30
3/1/2011, 85.67 ,-0.02
3/2/2011, 85.64 ,-0.03
3/3/2011, 85.54 ,-0.10
3/4/2011, 85.45 ,-0.09
3/5/2011, 85.45 ,0.00
3/6/2011, 85.45 ,0.00
3/7/2011, 85.39 ,-0.06
3/8/2011, 85.06 ,-0.33
3/9/2011, 85.22 ,0.16
3/10/2011, 85.39 ,0.17
3/11/2011, 85.31 ,-0.08
3/12/2011, 85.31 ,0.00
3/13/2011, 85.31 ,0.00
3/14/2011, 85.55 ,0.24
3/15/2011, 85.42 ,-0.13
3/16/2011, 85.51 ,0.09
3/17/2011, 85.42 ,-0.09
3/18/2011, 85.36 ,-0.06
3/19/2011, 85.36 ,0.00
3/20/2011, 85.36 ,0.00
3/21/2011, 85.55 ,0.19
3/22/2011, 85.43 ,-0.12
3/23/2011, 85.43 ,0.00
3/24/2011, 85.31 ,-0.12
3/25/2011, 85.19 ,-0.12
3/26/2011, 85.19 ,0.00
3/27/2011, 85.19 ,0.00
3/28/2011, 85.36 ,0.17
3/29/2011, 85.30 ,-0.06
3/30/2011, 85.29 ,-0.01
3/31/2011, 85.36 ,0.07
4/1/2011, 85.33 ,-0.03
4/2/2011, 85.33 ,0.00
4/3/2011, 85.33 ,0.00
4/4/2011, 85.43 ,0.10
4/5/2011, 85.29 ,-0.14
4/6/2011, 85.18 ,-0.11
4/7/2011, 84.86 ,-0.32
4/8/2011, 84.83 ,-0.03
4/9/2011, 84.83 ,0.00
4/10/2011, 84.83 ,0.00
4/11/2011, 84.77 ,-0.06
4/12/2011, 84.51 ,-0.26
4/13/2011, 84.41 ,-0.10
4/14/2011, 84.28 ,-0.13
4/15/2011, 84.22 ,-0.06
4/16/2011, 84.22 ,0.00
4/17/2011, 84.22 ,0.00
4/18/2011, 84.27 ,0.05
4/19/2011, 84.57 ,0.30
4/20/2011, 84.45 ,-0.12
4/21/2011, 84.36 ,-0.09
4/22/2011, 84.27 ,-0.09
4/23/2011, 84.27 ,0.00
4/24/2011, 84.27 ,0.00
4/25/2011, 84.55 ,0.28
4/26/2011, 84.68 ,0.13
4/27/2011, 84.53 ,-0.15
4/28/2011, 84.54 ,0.01
4/29/2011, 84.67 ,0.13
4/30/2011, 84.67 ,0.00
5/1/2011, 84.67 ,0.00
5/2/2011, 84.59 ,-0.08
5/3/2011, 84.36 ,-0.23
5/4/2011, 84.64 ,0.28
5/5/2011, 84.54 ,-0.10
5/6/2011, 84.72 ,0.18
5/7/2011, 84.72 ,0.00
5/8/2011, 84.72 ,0.00
5/9/2011, 85.16 ,0.44
5/10/2011, 84.72 ,-0.44
5/11/2011, 84.93 ,0.21
5/12/2011, 84.77 ,-0.16
5/13/2011, 85.12 ,0.35
5/14/2011, 85.12 ,0.00
5/15/2011, 85.12 ,0.00
5/16/2011, 85.36 ,0.24
5/17/2011, 85.35 ,-0.01
5/18/2011, 85.58 ,0.23
5/19/2011, 85.62 ,0.04
5/20/2011, 86.18 ,0.56
5/21/2011, 86.18 ,0.00
5/22/2011, 86.18 ,0.00
5/23/2011, 85.87 ,-0.31
5/24/2011, 85.63 ,-0.24
5/25/2011, 85.66 ,0.03
5/26/2011, 85.83 ,0.17
5/27/2011, 85.63 ,-0.20
5/28/2011, 85.63 ,0.00
5/29/2011, 85.63 ,0.00
5/30/2011, 85.80 ,0.17
5/31/2011, 85.90 ,0.10
6/1/2011, 85.91 ,0.01
6/2/2011, 85.96 ,0.05
6/3/2011, 85.88 ,-0.08
6/4/2011, 85.88 ,0.00
6/5/2011, 85.88 ,0.00
6/6/2011, 85.96 ,0.08
6/7/2011, 85.93 ,-0.03
6/8/2011, 85.89 ,-0.04
6/9/2011, 85.73 ,-0.16
6/10/2011, 85.63 ,-0.10
6/11/2011, 85.63 ,0.00
6/12/2011, 85.63 ,0.00
6/13/2011, 85.67 ,0.04
6/14/2011, 85.71 ,0.04
6/15/2011, 85.86 ,0.15
6/16/2011, 85.86 ,0.00
6/17/2011, 85.86 ,0.00
6/18/2011, 85.86 ,0.00
6/19/2011, 85.86 ,0.00
6/20/2011, 85.83 ,-0.03
6/21/2011, 85.70 ,-0.13
6/22/2011, 85.55 ,-0.15
6/23/2011, 85.73 ,0.18
6/24/2011, 85.83 ,0.10
6/25/2011, 85.83 ,0.00
6/26/2011, 85.83 ,0.00
6/27/2011, 86.11 ,0.28
6/28/2011, 86.07 ,-0.04
6/29/2011, 86.02 ,-0.05
6/30/2011, 85.97 ,-0.05
7/1/2011, 85.97 ,0.00
7/2/2011, 85.97 ,0.00
7/3/2011, 85.97 ,0.00
7/4/2011, 85.95 ,-0.02
7/5/2011, 85.92 ,-0.03
7/6/2011, 85.84 ,-0.08
7/7/2011, 85.83 ,-0.01
7/8/2011, 85.83 ,0.00
7/9/2011, 85.83 ,0.00
7/10/2011, 85.83 ,0.00
7/11/2011, 85.95 ,0.12
7/12/2011, 85.83 ,-0.12
7/13/2011, 85.82 ,-0.01
7/14/2011, 85.95 ,0.13
7/15/2011, 86.00 ,0.05
7/16/2011, 86.00 ,0.00
7/17/2011, 86.00 ,0.00
7/18/2011, 86.24 ,0.24
7/19/2011, 86.24 ,0.00
7/20/2011, 86.20 ,-0.04
7/21/2011, 86.13 ,-0.07
7/22/2011, 86.15 ,0.02
7/23/2011, 86.15 ,0.00
7/24/2011, 86.15 ,0.00
7/25/2011, 86.36 ,0.21
7/26/2011, 86.41 ,0.05
7/27/2011, 86.55 ,0.14
7/28/2011, 86.48 ,-0.07
7/29/2011, 86.56 ,0.08
7/30/2011, 86.56 ,0.00
7/31/2011, 86.56 ,0.00
8/1/2011, 86.79 ,0.23
8/2/2011, 86.79 ,0.00
8/3/2011, 86.56 ,-0.23
8/4/2011, 86.24 ,-0.32
8/5/2011, 86.24 ,0.00
8/6/2011, 86.24 ,0.00
8/7/2011, 86.24 ,0.00
8/8/2011, 86.49 ,0.25
8/9/2011, 86.43 ,-0.06
8/10/2011, 86.35 ,-0.08
8/11/2011, 86.36 ,0.01
8/12/2011, 86.47 ,0.11
8/13/2011, 86.47 ,0.00
8/14/2011, 86.47 ,0.00
8/15/2011, 86.66 ,0.19
8/16/2011, 86.62 ,-0.04
8/17/2011, 86.70 ,0.08
8/18/2011, 86.81 ,0.11
8/19/2011, 86.86 ,0.05
8/20/2011, 86.86 ,0.00
8/21/2011, 86.86 ,0.00
8/22/2011, 87.06 ,0.20
8/23/2011, 86.95 ,-0.11
8/24/2011, 86.79 ,-0.16
8/25/2011, 86.82 ,0.03
8/26/2011, 86.92 ,0.10
8/27/2011, 86.92 ,0.00
8/28/2011, 86.92 ,0.00
8/29/2011, 87.22 ,0.30
8/30/2011, 87.32 ,0.10
8/31/2011, 87.32 ,0.00
9/1/2011, 87.32 ,0.00
9/2/2011, 87.32 ,0.00
9/3/2011, 87.32 ,0.00
9/4/2011, 87.32 ,0.00
9/5/2011, 87.40 ,0.08
9/6/2011, 87.44 ,0.04
9/7/2011, 87.50 ,0.06
9/8/2011, 87.49 ,-0.01
9/9/2011, 87.59 ,0.10
9/10/2011, 87.59 ,0.00
9/11/2011, 87.59 ,0.00
9/12/2011, 87.50 ,-0.09
9/13/2011, 87.52 ,0.02
9/14/2011, 87.52 ,0.00
9/15/2011, 87.72 ,0.20
9/16/2011, 87.92 ,0.20
9/17/2011, 87.92 ,0.00
9/18/2011, 87.92 ,0.00
9/19/2011, 87.70 ,-0.22
9/20/2011, 87.73 ,0.03
9/21/2011, 87.75 ,0.02
9/22/2011, 87.52 ,-0.23
9/23/2011, 87.55 ,0.03
9/24/2011, 87.55 ,0.00
9/25/2011, 87.55 ,0.00
9/26/2011, 87.63 ,0.08
9/27/2011, 87.43 ,-0.20
9/28/2011, 87.41 ,-0.02
9/29/2011, 87.46 ,0.05
9/30/2011, 87.48 ,0.02
10/1/2011, 87.48 ,0.00
10/2/2011, 87.48 ,0.00
10/3/2011, 87.48 ,0.00
10/4/2011, 87.26 ,-0.22
10/5/2011, 87.26 ,0.00
10/6/2011, 87.18 ,-0.08
10/7/2011, 87.26 ,0.08
10/8/2011, 87.26 ,0.00
10/9/2011, 87.26 ,0.00
10/10/2011, 87.47 ,0.21
10/11/2011, 87.42 ,-0.05
10/12/2011, 87.24 ,-0.18
10/13/2011, 86.88 ,-0.36
10/14/2011, 86.55 ,-0.33
10/15/2011, 86.55 ,0.00
10/16/2011, 86.55 ,0.00
10/17/2011, 86.56 ,0.01
10/18/2011, 86.62 ,0.06
10/19/2011, 86.73 ,0.11
10/20/2011, 86.72 ,-0.01
10/21/2011, 86.74 ,0.02
10/22/2011, 86.74 ,0.00
10/23/2011, 86.74 ,0.00
10/24/2011, 86.74 ,0.00
10/25/2011, 86.82 ,0.08
10/26/2011, 86.82 ,0.00
10/27/2011, 86.79 ,-0.03
10/28/2011, 86.60 ,-0.19
10/29/2011, 86.60 ,0.00
10/30/2011, 86.60 ,0.00
10/31/2011, 86.51 ,-0.09
11/1/2011, 85.95 ,-0.56
11/2/2011, 86.03 ,0.08
11/3/2011, 86.15 ,0.12
11/4/2011, 86.13 ,-0.02
11/5/2011, 86.13 ,0.00
11/6/2011, 86.13 ,0.00
11/7/2011, 86.13 ,0.00
11/8/2011, 86.13 ,0.00
11/9/2011, 86.13 ,0.00
11/10/2011, 86.46 ,0.33
11/11/2011, 86.62 ,0.16
11/12/2011, 86.62 ,0.00
11/13/2011, 86.62 ,0.00
11/14/2011, 86.66 ,0.04
11/15/2011, 86.77 ,0.11
11/16/2011, 86.92 ,0.15
11/17/2011, 87.14 ,0.22
11/18/2011, 87.08 ,-0.06
11/19/2011, 87.08 ,0.00
11/20/2011, 87.08 ,0.00
11/21/2011, 87.27 ,0.19
11/22/2011, 87.32 ,0.05
11/23/2011, 87.53 ,0.21
11/24/2011, 87.65 ,0.12
11/25/2011, 87.77 ,0.12
11/26/2011, 87.77 ,0.00
11/27/2011, 87.77 ,0.00
11/28/2011, 88.03 ,0.26
11/29/2011, 88.24 ,0.21
11/30/2011, 88.75 ,0.51
12/1/2011, 88.79 ,0.04
12/2/2011, 88.99 ,0.20
12/3/2011, 88.99 ,0.00
12/4/2011, 88.99 ,0.00
12/5/2011, 88.99 ,0.00
12/6/2011, 88.99 ,0.00
12/7/2011, 89.35 ,0.36
12/8/2011, 89.30 ,-0.05
12/9/2011, 89.08 ,-0.22
12/10/2011, 89.08 ,0.00
12/11/2011, 89.08 ,0.00
12/12/2011, 89.15 ,0.07
12/13/2011, 89.16 ,0.01
12/14/2011, 89.61 ,0.45
12/15/2011, 89.63 ,0.02
12/16/2011, 89.57 ,-0.06
12/17/2011, 89.57 ,0.00
12/18/2011, 89.57 ,0.00
12/19/2011, 89.81 ,0.24
12/20/2011, 89.90 ,0.09
12/21/2011, 90.02 ,0.12
12/22/2011, 89.68 ,-0.34
12/23/2011, 89.14 ,-0.54
12/24/2011, 89.14 ,0.00
12/25/2011, 89.14 ,0.00
12/26/2011, 89.42 ,0.28
12/27/2011, 89.83 ,0.41
12/28/2011, 89.99 ,0.16
12/29/2011, 90.01 ,0.02
12/30/2011, 89.95 ,-0.06
12/31/2011, 89.95 ,0.00
1/1/2012, 89.95 ,0.00
1/2/2012, 89.95 ,0.00
1/3/2012, 90.13 ,0.18
1/4/2012, 90.26 ,0.13
1/5/2012, 90.42 ,0.16
1/6/2012, 90.63 ,0.21
1/7/2012, 90.63 ,0.00
1/8/2012, 90.63 ,0.00
1/9/2012, 90.78 ,0.15
1/10/2012, 90.06 ,-0.72
1/11/2012, 90.00 ,-0.06
1/12/2012, 90.26 ,0.26
1/13/2012, 90.29 ,0.03
1/14/2012, 90.29 ,0.00
1/15/2012, 90.29 ,0.00
1/16/2012, 90.33 ,0.04
1/17/2012, 90.36 ,0.03
1/18/2012, 90.21 ,-0.15
1/19/2012, 90.01 ,-0.20
1/20/2012, 90.15 ,0.14
1/21/2012, 90.15 ,0.00
1/22/2012, 90.15 ,0.00
1/23/2012, 90.17 ,0.02
1/24/2012, 90.21 ,0.04
1/25/2012, 90.16 ,-0.05
1/26/2012, 90.24 ,0.08
1/27/2012, 90.22 ,-0.02
1/28/2012, 90.22 ,0.00
1/29/2012, 90.22 ,0.00
1/30/2012, 90.37 ,0.15
1/31/2012, 90.41 ,0.04
2/1/2012, 90.41 ,0.00
2/2/2012, 90.38 ,-0.03
2/3/2012, 90.39 ,0.01
2/4/2012, 90.39 ,0.00
2/5/2012, 90.39 ,0.00
2/6/2012, 90.53 ,0.14
2/7/2012, 90.63 ,0.10
2/8/2012, 90.60 ,-0.03
2/9/2012, 90.70 ,0.10
2/10/2012, 90.68 ,-0.02
2/11/2012, 90.68 ,0.00
2/12/2012, 90.68 ,0.00
2/13/2012, 90.84 ,0.16
2/14/2012, 90.88 ,0.04
2/15/2012, 90.72 ,-0.16
2/16/2012, 90.73 ,0.01
2/17/2012, 90.81 ,0.08
2/18/2012, 90.81 ,0.00
2/19/2012, 90.81 ,0.00
2/20/2012, 90.88 ,0.07
2/21/2012, 90.90 ,0.02
2/22/2012, 90.82 ,-0.08
2/23/2012, 90.81 ,-0.01
2/24/2012, 90.85 ,0.04
2/25/2012, 90.85 ,0.00
2/26/2012, 90.85 ,0.00
2/27/2012, 90.97 ,0.12
2/28/2012, 90.97 ,0.00
2/29/2012, 90.96 ,-0.01
3/1/2012, 90.97 ,0.01
3/2/2012, 91.00 ,0.03
3/3/2012, 91.00 ,0.00
3/4/2012, 91.00 ,0.00
3/5/2012, 90.86 ,-0.14
3/6/2012, 90.89 ,0.03
3/7/2012, 90.89 ,0.00
3/8/2012, 90.77 ,-0.12
3/9/2012, 90.74 ,-0.03
3/10/2012, 90.74 ,0.00
3/11/2012, 90.74 ,0.00
3/12/2012, 90.66 ,-0.08
3/13/2012, 90.73 ,0.07
3/14/2012, 90.76 ,0.03
3/15/2012, 90.75 ,-0.01
3/16/2012, 90.75 ,0.00
3/17/2012, 90.75 ,0.00
3/18/2012, 90.75 ,0.00
3/19/2012, 90.72 ,-0.03
3/20/2012, 90.74 ,0.02
3/21/2012, 90.77 ,0.03
3/22/2012, 90.81 ,0.04
3/23/2012, 90.81 ,0.00
3/24/2012, 90.81 ,0.00
3/25/2012, 90.81 ,0.00
3/26/2012, 90.81 ,0.00
3/27/2012, 90.84 ,0.03
3/28/2012, 90.76 ,-0.08
3/29/2012, 90.70 ,-0.06
3/30/2012, 90.66 ,-0.04
3/31/2012, 90.66 ,0.00
4/1/2012, 90.66 ,0.00
4/2/2012, 90.70 ,0.04
4/3/2012, 90.56 ,-0.14
4/4/2012, 90.39 ,-0.17
4/5/2012, 90.46 ,0.07
4/6/2012, 90.54 ,0.08
4/7/2012, 90.54 ,0.00
4/8/2012, 90.54 ,0.00
4/9/2012, 90.62 ,0.08
4/10/2012, 90.74 ,0.12
4/11/2012, 90.70 ,-0.04
4/12/2012, 90.72 ,0.02
4/13/2012, 90.63 ,-0.09
4/14/2012, 90.63 ,0.00
4/15/2012, 90.63 ,0.00
4/16/2012, 90.70 ,0.07
4/17/2012, 90.72 ,0.02
4/18/2012, 90.72 ,0.00
4/19/2012, 90.72 ,0.00
4/20/2012, 90.72 ,0.00
4/21/2012, 90.72 ,0.00
4/22/2012, 90.72 ,0.00
4/23/2012, 90.82 ,0.10
4/24/2012, 90.89 ,0.07
4/25/2012, 90.87 ,-0.02
4/26/2012, 90.82 ,-0.05
4/27/2012, 90.89 ,0.07
4/28/2012, 90.89 ,0.00
4/29/2012, 90.89 ,0.00
4/30/2012, 91.07 ,0.18
5/1/2012, 91.07 ,0.00
5/2/2012, 90.97 ,-0.10
5/3/2012, 90.82 ,-0.15
5/4/2012, 90.76 ,-0.06
5/5/2012, 90.76 ,0.00
5/6/2012, 90.76 ,0.00
5/7/2012, 90.80 ,0.04
5/8/2012, 90.89 ,0.09
5/9/2012, 90.83 ,-0.06
5/10/2012, 90.87 ,0.04
5/11/2012, 90.85 ,-0.02
5/12/2012, 90.85 ,0.00
5/13/2012, 90.85 ,0.00
5/14/2012, 90.85 ,0.00
5/15/2012, 90.87 ,0.02
5/16/2012, 90.89 ,0.02
5/17/2012, 90.87 ,-0.02
5/18/2012, 90.95 ,0.08
5/19/2012, 90.95 ,0.00
5/20/2012, 90.95 ,0.00
5/21/2012, 91.31 ,0.36
5/22/2012, 91.59 ,0.28
5/23/2012, 92.01 ,0.42
5/24/2012, 92.14 ,0.13
5/25/2012, 91.82 ,-0.32
5/26/2012, 91.82 ,0.00
5/27/2012, 91.82 ,0.00
5/28/2012, 92.25 ,0.43
5/29/2012, 92.95 ,0.70
5/30/2012, 93.21 ,0.26
5/31/2012, 93.95 ,0.74
6/1/2012, 93.77 ,-0.18
6/2/2012, 93.77 ,0.00
6/3/2012, 93.77 ,0.00
6/4/2012, 93.95 ,0.18
6/5/2012, 94.04 ,0.09
6/6/2012, 94.17 ,0.13
6/7/2012, 94.16 ,-0.01
6/8/2012, 94.16 ,0.00
6/9/2012, 94.16 ,0.00
6/10/2012, 94.16 ,0.00
6/11/2012, 94.35 ,0.19
6/12/2012, 94.30 ,-0.05
6/13/2012, 94.39 ,0.09
6/14/2012, 94.42 ,0.03
6/15/2012, 94.34 ,-0.08
6/16/2012, 94.34 ,0.00
6/17/2012, 94.34 ,0.00
6/18/2012, 94.03 ,-0.31
6/19/2012, 93.78 ,-0.25
6/20/2012, 94.25 ,0.47
6/21/2012, 94.32 ,0.07
6/22/2012, 94.37 ,0.05
6/23/2012, 94.37 ,0.00
6/24/2012, 94.37 ,0.00
6/25/2012, 94.49 ,0.12
6/26/2012, 94.52 ,0.03
6/27/2012, 94.59 ,0.07
6/28/2012, 94.59 ,0.00
6/29/2012, 94.55 ,-0.04
6/30/2012, 94.55 ,0.00
7/1/2012, 94.55 ,0.00
7/2/2012, 94.55 ,0.00
7/3/2012, 94.66 ,0.11
7/4/2012, 94.48 ,-0.18
7/5/2012, 94.39 ,-0.09
7/6/2012, 94.04 ,-0.35
7/7/2012, 94.04 ,0.00
7/8/2012, 94.04 ,0.00
7/9/2012, 94.05 ,0.01
7/10/2012, 94.36 ,0.31
7/11/2012, 94.25 ,-0.11
7/12/2012, 94.36 ,0.11
7/13/2012, 94.37 ,0.01
7/14/2012, 94.37 ,0.00
7/15/2012, 94.37 ,0.00
7/16/2012, 94.56 ,0.19
7/17/2012, 94.43 ,-0.13
7/18/2012, 94.42 ,-0.01
7/19/2012, 94.45 ,0.03
7/20/2012, 94.46 ,0.01
7/21/2012, 94.46 ,0.00
7/22/2012, 94.46 ,0.00
7/23/2012, 94.46 ,0.00
7/24/2012, 94.54 ,0.08
7/25/2012, 94.57 ,0.03
7/26/2012, 94.59 ,0.02
7/27/2012, 94.59 ,0.00
7/28/2012, 94.59 ,0.00
7/29/2012, 94.59 ,0.00
7/30/2012, 94.68 ,0.09
7/31/2012, 94.68 ,0.00
8/1/2012, 94.66 ,-0.02
8/2/2012, 94.43 ,-0.23
8/3/2012, 94.49 ,0.06
8/4/2012, 94.49 ,0.00
8/5/2012, 94.49 ,0.00
8/6/2012, 94.27 ,-0.22
8/7/2012, 94.26 ,-0.01
8/8/2012, 94.10 ,-0.16
8/9/2012, 94.06 ,-0.04
8/10/2012, 94.22 ,0.16
8/11/2012, 94.22 ,0.00
8/12/2012, 94.22 ,0.00
8/13/2012, 94.55 ,0.33
8/14/2012, 94.55 ,0.00
8/15/2012, 94.37 ,-0.18
8/16/2012, 94.43 ,0.06
8/17/2012, 94.50 ,0.07
8/18/2012, 94.50 ,0.00
8/19/2012, 94.50 ,0.00
8/20/2012, 94.50 ,0.00
8/21/2012, 94.50 ,0.00
8/22/2012, 94.50 ,0.00
8/23/2012, 94.70 ,0.20
8/24/2012, 94.84 ,0.14
8/25/2012, 94.84 ,0.00
8/26/2012, 94.84 ,0.00
8/27/2012, 94.83 ,-0.01
8/28/2012, 94.83 ,0.00
8/29/2012, 94.80 ,-0.03
8/30/2012, 94.58 ,-0.22
8/31/2012, 94.51 ,-0.07
9/1/2012, 94.51 ,0.00
9/2/2012, 94.51 ,0.00
9/3/2012, 94.70 ,0.19
9/4/2012, 94.79 ,0.09
9/5/2012, 94.71 ,-0.08
9/6/2012, 94.64 ,-0.07
9/7/2012, 94.64 ,0.00
9/8/2012, 94.64 ,0.00
9/9/2012, 94.64 ,0.00
9/10/2012, 94.73 ,0.09
9/11/2012, 94.65 ,-0.08
9/12/2012, 94.59 ,-0.06
9/13/2012, 94.56 ,-0.03
9/14/2012, 94.56 ,0.00
9/15/2012, 94.56 ,0.00
9/16/2012, 94.56 ,0.00
9/17/2012, 94.56 ,0.00
9/18/2012, 94.57 ,0.01
9/19/2012, 94.55 ,-0.02
9/20/2012, 94.52 ,-0.03
9/21/2012, 94.52 ,0.00
9/22/2012, 94.52 ,0.00
9/23/2012, 94.52 ,0.00
9/24/2012, 94.56 ,0.04
9/25/2012, 94.55 ,-0.01
9/26/2012, 94.70 ,0.15
9/27/2012, 94.90 ,0.20
9/28/2012, 94.81 ,-0.09
9/29/2012, 94.81 ,0.00
9/30/2012, 94.81 ,0.00
10/1/2012, 94.93 ,0.12
10/2/2012, 94.95 ,0.02
10/3/2012, 95.15 ,0.20
10/4/2012, 95.36 ,0.21
10/5/2012, 95.47 ,0.11
10/6/2012, 95.47 ,0.00
10/7/2012, 95.47 ,0.00
10/8/2012, 95.57 ,0.10
10/9/2012, 95.54 ,-0.03
10/10/2012, 95.52 ,-0.02
10/11/2012, 95.53 ,0.01
10/12/2012, 95.52 ,-0.01
10/13/2012, 95.52 ,0.00
10/14/2012, 95.52 ,0.00
10/15/2012, 95.42 ,-0.10
10/16/2012, 95.33 ,-0.09
10/17/2012, 95.41 ,0.08
10/18/2012, 95.44 ,0.03
10/19/2012, 95.35 ,-0.09
10/20/2012, 95.35 ,0.00
10/21/2012, 95.35 ,0.00
10/22/2012, 95.40 ,0.05
10/23/2012, 95.50 ,0.10
10/24/2012, 95.77 ,0.27
10/25/2012, 95.82 ,0.05
10/26/2012, 95.82 ,0.00
10/27/2012, 95.82 ,0.00
10/28/2012, 95.82 ,0.00
10/29/2012, 95.82 ,0.00
10/30/2012, 95.88 ,0.06
10/31/2012, 95.91 ,0.03
11/1/2012, 95.82 ,-0.09
11/2/2012, 95.77 ,-0.05
11/3/2012, 95.77 ,0.00
11/4/2012, 95.77 ,0.00
11/5/2012, 95.99 ,0.22
11/6/2012, 96.29 ,0.30
11/7/2012, 95.97 ,-0.32
11/8/2012, 95.92 ,-0.05
11/9/2012, 95.92 ,0.00
11/10/2012, 95.92 ,0.00
11/11/2012, 95.92 ,0.00
11/12/2012, 95.95 ,0.03
11/13/2012, 95.96 ,0.01
11/14/2012, 95.91 ,-0.05
11/15/2012, 95.86 ,-0.05
11/16/2012, 95.85 ,-0.01
11/17/2012, 95.85 ,0.00
11/18/2012, 95.85 ,0.00
11/19/2012, 96.04 ,0.19
11/20/2012, 95.97 ,-0.07
11/21/2012, 95.98 ,0.01
11/22/2012, 95.99 ,0.01
11/23/2012, 96.06 ,0.07
11/24/2012, 96.06 ,0.00
11/25/2012, 96.06 ,0.00
11/26/2012, 96.18 ,0.12
11/27/2012, 96.23 ,0.05
11/28/2012, 96.47 ,0.24
11/29/2012, 96.62 ,0.15
11/30/2012, 96.59 ,-0.03
12/1/2012, 96.59 ,0.00
12/2/2012, 96.59 ,0.00
12/3/2012, 96.56 ,-0.03
12/4/2012, 96.63 ,0.07
12/5/2012, 96.67 ,0.04
12/6/2012, 96.64 ,-0.03
12/7/2012, 96.71 ,0.07
12/8/2012, 96.71 ,0.00
12/9/2012, 96.71 ,0.00
12/10/2012, 96.94 ,0.23
12/11/2012, 97.28 ,0.34
12/12/2012, 97.21 ,-0.07
12/13/2012, 97.41 ,0.20
12/14/2012, 97.70 ,0.29
12/15/2012, 97.70 ,0.00
12/16/2012, 97.70 ,0.00
12/17/2012, 98.14 ,0.44
12/18/2012, 97.98 ,-0.16
12/19/2012, 97.74 ,-0.24
12/20/2012, 97.38 ,-0.36
12/21/2012, 97.53 ,0.15
12/22/2012, 97.53 ,0.00
12/23/2012, 97.53 ,0.00
12/24/2012, 97.52 ,-0.01
12/25/2012, 97.52 ,0.00
12/26/2012, 97.31 ,-0.21
12/27/2012, 97.60 ,0.29
12/28/2012, 97.23 ,-0.37
12/29/2012, 97.23 ,0.00
12/30/2012, 97.23 ,0.00
12/31/2012, 97.15 ,-0.08
1/1/2013, 97.15 ,0.00
1/2/2013, 97.37 ,0.22
1/3/2013, 97.42 ,0.05
1/4/2013, 97.49 ,0.07
1/5/2013, 97.49 ,0.00
1/6/2013, 97.49 ,0.00
1/7/2013, 97.44 ,-0.05
1/8/2013, 97.48 ,0.04
1/9/2013, 97.33 ,-0.15
1/10/2013, 97.32 ,-0.01
1/11/2013, 97.32 ,0.00
1/12/2013, 97.32 ,0.00
1/13/2013, 97.32 ,0.00
1/14/2013, 97.37 ,0.05
1/15/2013, 97.44 ,0.07
1/16/2013, 97.64 ,0.20
1/17/2013, 97.61 ,-0.03
1/18/2013, 97.72 ,0.11
1/19/2013, 97.72 ,0.00
1/20/2013, 97.72 ,0.00
1/21/2013, 97.73 ,0.01
1/22/2013, 97.72 ,-0.01
1/23/2013, 97.72 ,0.00
1/24/2013, 97.65 ,-0.07
1/25/2013, 97.65 ,0.00
1/26/2013, 97.65 ,0.00
1/27/2013, 97.65 ,0.00
1/28/2013, 97.73 ,0.08
1/29/2013, 97.68 ,-0.05
1/30/2013, 97.70 ,0.02
1/31/2013, 97.74 ,0.04
2/1/2013, 97.75 ,0.01
2/2/2013, 97.75 ,0.00
2/3/2013, 97.75 ,0.00
2/4/2013, 97.79 ,0.04
2/5/2013, 97.79 ,0.00
2/6/2013, 97.87 ,0.08
2/7/2013, 97.96 ,0.09
2/8/2013, 97.95 ,-0.01
2/9/2013, 97.95 ,0.00
2/10/2013, 97.95 ,0.00
2/11/2013, 98.00 ,0.05
2/12/2013, 98.12 ,0.12
2/13/2013, 98.12 ,0.00
2/14/2013, 98.07 ,-0.05
2/15/2013, 98.08 ,0.01
2/16/2013, 98.08 ,0.00
2/17/2013, 98.08 ,0.00
2/18/2013, 98.14 ,0.06
2/19/2013, 98.22 ,0.08
2/20/2013, 98.13 ,-0.09
2/21/2013, 98.08 ,-0.05
2/22/2013, 98.16 ,0.08
2/23/2013, 98.16 ,0.00
2/24/2013, 98.16 ,0.00
2/25/2013, 98.20 ,0.04
2/26/2013, 98.17 ,-0.03
2/27/2013, 98.16 ,-0.01
2/28/2013, 98.20 ,0.04
3/1/2013, 98.25 ,0.05
3/2/2013, 98.25 ,0.00
3/3/2013, 98.25 ,0.00
3/4/2013, 98.16 ,-0.09
3/5/2013, 98.16 ,0.00
3/6/2013, 98.09 ,-0.07
3/7/2013, 98.03 ,-0.06
3/8/2013, 97.79 ,-0.24
3/9/2013, 97.79 ,0.00
3/10/2013, 97.79 ,0.00
3/11/2013, 97.90 ,0.11
3/12/2013, 97.91 ,0.01
3/13/2013, 97.90 ,-0.01
3/14/2013, 97.93 ,0.03
3/15/2013, 97.98 ,0.05
3/16/2013, 97.98 ,0.00
3/17/2013, 97.98 ,0.00
3/18/2013, 98.14 ,0.16
3/19/2013, 98.19 ,0.05
3/20/2013, 98.20 ,0.01
3/21/2013, 98.20 ,0.00
3/22/2013, 98.23 ,0.03
3/23/2013, 98.23 ,0.00
3/24/2013, 98.23 ,0.00
3/25/2013, 98.33 ,0.10
3/26/2013, 98.41 ,0.08
3/27/2013, 98.41 ,0.00
3/28/2013, 98.43 ,0.02
3/29/2013, 98.44 ,0.01
3/30/2013, 98.44 ,0.00
3/31/2013, 98.44 ,0.00
4/1/2013, 98.43 ,-0.01
4/2/2013, 98.34 ,-0.09
4/3/2013, 98.34 ,0.00
4/4/2013, 98.34 ,0.00
4/5/2013, 98.36 ,0.02
4/6/2013, 98.36 ,0.00
4/7/2013, 98.36 ,0.00
4/8/2013, 98.45 ,0.09
4/9/2013, 98.42 ,-0.03
4/10/2013, 98.35 ,-0.07
4/11/2013, 98.26 ,-0.09
4/12/2013, 98.26 ,0.00
4/13/2013, 98.26 ,0.00
4/14/2013, 98.26 ,0.00
4/15/2013, 98.34 ,0.08
4/16/2013, 98.39 ,0.05
4/17/2013, 98.40 ,0.01
4/18/2013, 98.40 ,0.00
4/19/2013, 98.37 ,-0.03
4/20/2013, 98.37 ,0.00
4/21/2013, 98.37 ,0.00
4/22/2013, 98.40 ,0.03
4/23/2013, 98.41 ,0.01
4/24/2013, 98.41 ,0.00
4/25/2013, 98.46 ,0.05
4/26/2013, 98.43 ,-0.03
4/27/2013, 98.43 ,0.00
4/28/2013, 98.43 ,0.00
4/29/2013, 98.48 ,0.05
4/30/2013, 98.45 ,-0.03
5/1/2013, 98.45 ,0.00
5/2/2013, 98.40 ,-0.05
5/3/2013, 98.29 ,-0.11
5/4/2013, 98.29 ,0.00
5/5/2013, 98.29 ,0.00
5/6/2013, 98.34 ,0.05
5/7/2013, 98.37 ,0.03
5/8/2013, 98.48 ,0.11
5/9/2013, 98.41 ,-0.07
5/10/2013, 98.43 ,0.02
5/11/2013, 98.43 ,0.00
5/12/2013, 98.43 ,0.00
5/13/2013, 98.46 ,0.03
5/14/2013, 98.46 ,0.00
5/15/2013, 98.57 ,0.11
5/16/2013, 98.54 ,-0.03
5/17/2013, 98.43 ,-0.11
5/18/2013, 98.43 ,0.00
5/19/2013, 98.43 ,0.00
5/20/2013, 98.42 ,-0.01
5/21/2013, 98.45 ,0.03
5/22/2013, 98.52 ,0.07
5/23/2013, 98.47 ,-0.05
5/24/2013, 98.34 ,-0.13
5/25/2013, 98.34 ,0.00
5/26/2013, 98.34 ,0.00
5/27/2013, 98.52 ,0.18
5/28/2013, 98.49 ,-0.03
5/29/2013, 98.48 ,-0.01
5/30/2013, 98.53 ,0.05
5/31/2013, 98.55 ,0.02
6/1/2013, 98.55 ,0.00
6/2/2013, 98.55 ,0.00
6/3/2013, 98.53 ,-0.02
6/4/2013, 98.56 ,0.03
6/5/2013, 98.51 ,-0.05
6/6/2013, 98.50 ,-0.01
6/7/2013, 98.52 ,0.02
6/8/2013, 98.52 ,0.00
6/9/2013, 98.52 ,0.00
6/10/2013, 98.55 ,0.03
6/11/2013, 98.56 ,0.01
6/12/2013, 98.55 ,-0.01
6/13/2013, 98.51 ,-0.04
6/14/2013, 98.53 ,0.02
6/15/2013, 98.53 ,0.00
6/16/2013, 98.53 ,0.00
6/17/2013, 98.66 ,0.13
6/18/2013, 98.68 ,0.02
6/19/2013, 98.65 ,-0.03
6/20/2013, 98.86 ,0.21
6/21/2013, 98.95 ,0.09
6/22/2013, 98.95 ,0.00
6/23/2013, 98.95 ,0.00
6/24/2013, 98.93 ,-0.02
6/25/2013, 98.97 ,0.04
6/26/2013, 98.90 ,-0.07
6/27/2013, 98.95 ,0.05
6/28/2013, 99.66 ,0.71
6/29/2013, 99.66 ,0.00
6/30/2013, 99.66 ,0.00
7/1/2013, 99.66 ,0.00
7/2/2013, 99.63 ,-0.03
7/3/2013, 100.10 ,0.47
7/4/2013, 100.07 ,-0.03
7/5/2013, 100.05 ,-0.02
7/6/2013, 100.05 ,0.00
7/7/2013, 100.05 ,0.00
7/8/2013, 100.08 ,0.03
7/9/2013, 100.03 ,-0.05
7/10/2013, 100.14 ,0.11
7/11/2013, 100.14 ,0.00
7/12/2013, 100.18 ,0.04
7/13/2013, 100.18 ,0.00
7/14/2013, 100.18 ,0.00
7/15/2013, 100.29 ,0.11
7/16/2013, 100.37 ,0.08
7/17/2013, 100.84 ,0.47
7/18/2013, 100.81 ,-0.03
7/19/2013, 100.68 ,-0.13
7/20/2013, 100.68 ,0.00
7/21/2013, 100.68 ,0.00
7/22/2013, 100.75 ,0.07
7/23/2013, 100.74 ,-0.01
7/24/2013, 100.81 ,0.07
7/25/2013, 101.11 ,0.30
7/26/2013, 101.43 ,0.32
7/27/2013, 101.43 ,0.00
7/28/2013, 101.43 ,0.00
7/29/2013, 102.00 ,0.57
7/30/2013, 101.92 ,-0.08
7/31/2013, 101.82 ,-0.10
8/1/2013, 101.90 ,0.08
8/2/2013, 102.03 ,0.13
8/3/2013, 102.03 ,0.00
8/4/2013, 102.03 ,0.00
8/5/2013, 102.15 ,0.12
8/6/2013, 102.28 ,0.13
8/7/2013, 102.30 ,0.02
8/8/2013, 102.30 ,0.00
8/9/2013, 102.30 ,0.00
8/10/2013, 102.30 ,0.00
8/11/2013, 102.30 ,0.00
8/12/2013, 102.71 ,0.41
8/13/2013, 102.67 ,-0.04
8/14/2013, 102.67 ,0.00
8/15/2013, 102.73 ,0.06
8/16/2013, 102.92 ,0.19
8/17/2013, 102.92 ,0.00
8/18/2013, 102.92 ,0.00
8/19/2013, 103.19 ,0.27
8/20/2013, 103.44 ,0.25
8/21/2013, 103.60 ,0.16
8/22/2013, 103.66 ,0.06
8/23/2013, 103.65 ,-0.01
8/24/2013, 103.65 ,0.00
8/25/2013, 103.65 ,0.00
8/26/2013, 103.72 ,0.07
8/27/2013, 103.84 ,0.12
8/28/2013, 104.00 ,0.16
8/29/2013, 104.53 ,0.53
8/30/2013, 104.53 ,0.00
8/31/2013, 104.53 ,0.00
9/1/2013, 104.53 ,0.00
9/2/2013, 104.89 ,0.36
9/3/2013, 104.92 ,0.03
9/4/2013, 104.90 ,-0.02
9/5/2013, 104.81 ,-0.09
9/6/2013, 104.71 ,-0.10
9/7/2013, 104.71 ,0.00
9/8/2013, 104.71 ,0.00
9/9/2013, 104.85 ,0.14
9/10/2013, 104.84 ,-0.01
9/11/2013, 104.81 ,-0.03
9/12/2013, 104.89 ,0.08
9/13/2013, 104.98 ,0.09
9/14/2013, 104.98 ,0.00
9/15/2013, 104.98 ,0.00
9/16/2013, 105.10 ,0.12
9/17/2013, 105.27 ,0.17
9/18/2013, 106.16 ,0.89
9/19/2013, 105.83 ,-0.33
9/20/2013, 105.58 ,-0.25
9/21/2013, 105.58 ,0.00
9/22/2013, 105.58 ,0.00
9/23/2013, 105.86 ,0.28
9/24/2013, 106.26 ,0.40
9/25/2013, 106.96 ,0.70
9/26/2013, 105.35 ,-1.61
9/27/2013, 105.78 ,0.43
9/28/2013, 105.78 ,0.00
9/29/2013, 105.78 ,0.00
9/30/2013, 106.06 ,0.28
10/1/2013, 105.93 ,-0.13
10/2/2013, 105.93 ,0.00
10/3/2013, 106.10 ,0.17
10/4/2013, 106.17 ,0.07
10/5/2013, 106.17 ,0.00
10/6/2013, 106.17 ,0.00
10/7/2013, 106.27 ,0.10
10/8/2013, 105.97 ,-0.30
10/9/2013, 106.01 ,0.04
10/10/2013, 106.11 ,0.10
10/11/2013, 106.18 ,0.07
10/12/2013, 106.18 ,0.00
10/13/2013, 106.18 ,0.00
10/14/2013, 106.32 ,0.14
10/15/2013, 106.32 ,0.00
10/16/2013, 106.32 ,0.00
10/17/2013, 106.32 ,0.00
10/18/2013, 106.32 ,0.00
10/19/2013, 106.32 ,0.00
10/20/2013, 106.32 ,0.00
10/21/2013, 106.38 ,0.06
10/22/2013, 106.38 ,0.00
10/23/2013, 106.48 ,0.10
10/24/2013, 106.50 ,0.02
10/25/2013, 106.46 ,-0.04
10/26/2013, 106.46 ,0.00
10/27/2013, 106.46 ,0.00
10/28/2013, 106.62 ,0.16
10/29/2013, 106.71 ,0.09
10/30/2013, 106.90 ,0.19
10/31/2013, 106.91 ,0.01
11/1/2013, 106.92 ,0.01
11/2/2013, 106.92 ,0.00
11/3/2013, 106.92 ,0.00
11/4/2013, 107.09 ,0.17
11/5/2013, 107.30 ,0.21
11/6/2013, 107.30 ,0.00
11/7/2013, 107.31 ,0.01
11/8/2013, 107.40 ,0.09
11/9/2013, 107.40 ,0.00
11/10/2013, 107.40 ,0.00
11/11/2013, 107.44 ,0.04
11/12/2013, 107.53 ,0.09
11/13/2013, 107.55 ,0.02
11/14/2013, 107.55 ,0.00
11/15/2013, 107.55 ,0.00
11/16/2013, 107.55 ,0.00
11/17/2013, 107.55 ,0.00
11/18/2013, 107.56 ,0.01
11/19/2013, 107.59 ,0.03
11/20/2013, 107.62 ,0.03
11/21/2013, 107.64 ,0.02
11/22/2013, 107.67 ,0.03
11/23/2013, 107.67 ,0.00
11/24/2013, 107.67 ,0.00
11/25/2013, 108.10 ,0.43
11/26/2013, 108.30 ,0.20
11/27/2013, 108.31 ,0.01
11/28/2013, 108.53 ,0.22
11/29/2013, 108.52 ,-0.01
11/30/2013, 108.52 ,0.00
12/1/2013, 108.52 ,0.00
12/2/2013, 108.52 ,0.00
12/3/2013, 108.64 ,0.12
12/4/2013, 108.57 ,-0.07
12/5/2013, 108.54 ,-0.03
12/6/2013, 108.41 ,-0.13
12/7/2013, 108.41 ,0.00
12/8/2013, 108.41 ,0.00
12/9/2013, 108.20 ,-0.21
12/10/2013, 107.78 ,-0.42
12/11/2013, 107.35 ,-0.43
12/12/2013, 107.28 ,-0.07
12/13/2013, 107.19 ,-0.09
12/14/2013, 107.19 ,0.00
12/15/2013, 107.19 ,0.00
12/16/2013, 107.32 ,0.13
12/17/2013, 107.07 ,-0.25
12/18/2013, 106.62 ,-0.45
12/19/2013, 106.40 ,-0.22
12/20/2013, 106.15 ,-0.25
12/21/2013, 106.15 ,0.00
12/22/2013, 106.15 ,0.00
12/23/2013, 106.17 ,0.02
12/24/2013, 105.55 ,-0.62
12/25/2013, 105.55 ,0.00
12/26/2013, 105.40 ,-0.15
12/27/2013, 105.53 ,0.13
12/28/2013, 105.53 ,0.00
12/29/2013, 105.53 ,0.00
12/30/2013, 105.69 ,0.16
12/31/2013, 105.32 ,-0.37
1/1/2014, 105.32 ,0.00
1/2/2014, 105.59 ,0.27
1/3/2014, 105.36 ,-0.23
1/4/2014, 105.36 ,0.00
1/5/2014, 105.36 ,0.00
1/6/2014, 105.52 ,0.16
1/7/2014, 105.57 ,0.05
1/8/2014, 105.51 ,-0.06
1/9/2014, 105.50 ,-0.01
1/10/2014, 105.49 ,-0.01
1/11/2014, 105.49 ,0.00
1/12/2014, 105.49 ,0.00
1/13/2014, 105.60 ,0.11
1/14/2014, 105.60 ,0.00
1/15/2014, 105.43 ,-0.17
1/16/2014, 105.49 ,0.06
1/17/2014, 105.41 ,-0.08
1/18/2014, 105.41 ,0.00
1/19/2014, 105.41 ,0.00
1/20/2014, 105.47 ,0.06
1/21/2014, 105.54 ,0.07
1/22/2014, 105.44 ,-0.10
1/23/2014, 105.42 ,-0.02
1/24/2014, 105.48 ,0.06
1/25/2014, 105.48 ,0.00
1/26/2014, 105.48 ,0.00
1/27/2014, 105.59 ,0.11
1/28/2014, 105.48 ,-0.11
1/29/2014, 105.38 ,-0.10
1/30/2014, 105.41 ,0.03
1/31/2014, 105.48 ,0.07
2/1/2014, 105.48 ,0.00
2/2/2014, 105.48 ,0.00
2/3/2014, 105.62 ,0.14
2/4/2014, 105.52 ,-0.10
2/5/2014, 105.52 ,0.00
2/6/2014, 105.41 ,-0.11
2/7/2014, 105.40 ,-0.01
2/8/2014, 105.40 ,0.00
2/9/2014, 105.40 ,0.00
2/10/2014, 105.42 ,0.02
2/11/2014, 105.40 ,-0.02
2/12/2014, 105.29 ,-0.11
2/13/2014, 104.94 ,-0.35
2/14/2014, 104.89 ,-0.05
2/15/2014, 104.89 ,0.00
2/16/2014, 104.89 ,0.00
2/17/2014, 104.91 ,0.02
2/18/2014, 104.89 ,-0.02
2/19/2014, 104.89 ,0.00
2/20/2014, 104.90 ,0.01
2/21/2014, 104.92 ,0.02
2/22/2014, 104.92 ,0.00
2/23/2014, 104.92 ,0.00
2/24/2014, 105.01 ,0.09
2/25/2014, 105.10 ,0.09
2/26/2014, 104.96 ,-0.14
2/27/2014, 104.97 ,0.01
2/28/2014, 104.90 ,-0.07
3/1/2014, 104.90 ,0.00
3/2/2014, 104.90 ,0.00
3/3/2014, 104.96 ,0.06
3/4/2014, 104.86 ,-0.10
3/5/2014, 104.52 ,-0.34
3/6/2014, 103.58 ,-0.94
3/7/2014, 103.13 ,-0.45
3/8/2014, 103.13 ,0.00
3/9/2014, 103.13 ,0.00
3/10/2014, 101.47 ,-1.66
3/11/2014, 99.99 ,-1.48
3/12/2014, 98.10 ,-1.89
3/13/2014, 98.55 ,0.45
3/14/2014, 99.42 ,0.87
3/15/2014, 99.42 ,0.00
3/16/2014, 99.42 ,0.00
3/17/2014, 99.07 ,-0.35
3/18/2014, 99.11 ,0.04
3/19/2014, 98.23 ,-0.88
3/20/2014, 98.20 ,-0.03
3/21/2014, 98.07 ,-0.13
3/22/2014, 98.07 ,0.00
3/23/2014, 98.07 ,0.00
3/24/2014, 98.02 ,-0.05
3/25/2014, 98.08 ,0.06
3/26/2014, 97.98 ,-0.10
3/27/2014, 98.04 ,0.06
3/28/2014, 98.06 ,0.02
3/29/2014, 98.06 ,0.00
3/30/2014, 98.06 ,0.00
3/31/2014, 98.53 ,0.47
4/1/2014, 98.31 ,-0.22
4/2/2014, 98.18 ,-0.13
4/3/2014, 98.17 ,-0.01
4/4/2014, 98.17 ,0.00
4/5/2014, 98.17 ,0.00
4/6/2014, 98.17 ,0.00
4/7/2014, 98.22 ,0.05
4/8/2014, 98.10 ,-0.12
4/9/2014, 97.80 ,-0.30
4/10/2014, 97.27 ,-0.53
4/11/2014, 96.56 ,-0.71
4/12/2014, 96.56 ,0.00
4/13/2014, 96.56 ,0.00
4/14/2014, 96.21 ,-0.35
4/15/2014, 96.22 ,0.01
4/16/2014, 96.67 ,0.45
4/17/2014, 96.43 ,-0.24
4/18/2014, 97.31 ,0.88
4/19/2014, 97.31 ,0.00
4/20/2014, 97.31 ,0.00
4/21/2014, 97.78 ,0.47
4/22/2014, 98.14 ,0.36
4/23/2014, 98.04 ,-0.10
4/24/2014, 98.03 ,-0.01
4/25/2014, 98.06 ,0.03
4/26/2014, 98.06 ,0.00
4/27/2014, 98.06 ,0.00
4/28/2014, 98.16 ,0.10
4/29/2014, 98.43 ,0.27
4/30/2014, 98.56 ,0.13
5/1/2014, 98.56 ,0.00
5/2/2014, 98.75 ,0.19
5/3/2014, 98.75 ,0.00
5/4/2014, 98.75 ,0.00
5/5/2014, 98.86 ,0.11
5/6/2014, 98.69 ,-0.17
5/7/2014, 98.40 ,-0.29
5/8/2014, 98.57 ,0.17
5/9/2014, 98.56 ,-0.01
5/10/2014, 98.56 ,0.00
5/11/2014, 98.56 ,0.00
5/12/2014, 98.82 ,0.26
5/13/2014, 98.79 ,-0.03
5/14/2014, 98.67 ,-0.12
5/15/2014, 98.65 ,-0.02
5/16/2014, 98.54 ,-0.11
5/17/2014, 98.54 ,0.00
5/18/2014, 98.54 ,0.00
5/19/2014, 98.67 ,0.13
5/20/2014, 98.78 ,0.11
5/21/2014, 98.90 ,0.12
5/22/2014, 98.84 ,-0.06
5/23/2014, 98.85 ,0.01
5/24/2014, 98.85 ,0.00
5/25/2014, 98.85 ,0.00
5/26/2014, 98.84 ,-0.01
5/27/2014, 98.84 ,0.00
5/28/2014, 98.77 ,-0.07
5/29/2014, 98.71 ,-0.06
5/30/2014, 98.67 ,-0.04
5/31/2014, 98.67 ,0.00
6/1/2014, 98.67 ,0.00
6/2/2014, 98.66 ,-0.01
6/3/2014, 98.63 ,-0.03
6/4/2014, 98.52 ,-0.11
6/5/2014, 98.59 ,0.07
6/6/2014, 98.53 ,-0.06
6/7/2014, 98.53 ,0.00
6/8/2014, 98.53 ,0.00
6/9/2014, 98.62 ,0.09
6/10/2014, 98.59 ,-0.03
6/11/2014, 98.57 ,-0.02
6/12/2014, 98.47 ,-0.10
6/13/2014, 98.33 ,-0.14
6/14/2014, 98.33 ,0.00
6/15/2014, 98.33 ,0.00
6/16/2014, 98.55 ,0.22
6/17/2014, 98.52 ,-0.03
6/18/2014, 98.32 ,-0.20
6/19/2014, 98.25 ,-0.07
6/20/2014, 98.33 ,0.08
6/21/2014, 98.33 ,0.00
6/22/2014, 98.33 ,0.00
6/23/2014, 98.79 ,0.46
6/24/2014, 98.65 ,-0.14
6/25/2014, 98.77 ,0.12
6/26/2014, 98.82 ,0.05
6/27/2014, 98.80 ,-0.02
6/28/2014, 98.80 ,0.00
6/29/2014, 98.80 ,0.00
6/30/2014, 98.80 ,0.00
7/1/2014, 98.80 ,0.00
7/2/2014, 98.68 ,-0.12
7/3/2014, 98.64 ,-0.04
7/4/2014, 98.76 ,0.12
7/5/2014, 98.76 ,0.00
7/6/2014, 98.76 ,0.00
7/7/2014, 98.85 ,0.09
7/8/2014, 98.90 ,0.05
7/9/2014, 98.78 ,-0.12
7/10/2014, 98.70 ,-0.08
7/11/2014, 98.75 ,0.05
7/12/2014, 98.75 ,0.00
7/13/2014, 98.75 ,0.00
7/14/2014, 98.80 ,0.05
7/15/2014, 98.80 ,0.00
7/16/2014, 98.80 ,0.00
7/17/2014, 98.84 ,0.04
7/18/2014, 98.94 ,0.10
7/19/2014, 98.94 ,0.00
7/20/2014, 98.94 ,0.00
7/21/2014, 98.84 ,-0.10
7/22/2014, 98.84 ,0.00
7/23/2014, 98.72 ,-0.12
7/24/2014, 98.74 ,0.02
7/25/2014, 98.74 ,0.00
7/26/2014, 98.74 ,0.00
7/27/2014, 98.74 ,0.00
7/28/2014, 98.88 ,0.14
7/29/2014, 98.88 ,0.00
7/30/2014, 98.88 ,0.00
7/31/2014, 98.88 ,0.00
8/1/2014, 98.88 ,0.00
8/2/2014, 98.88 ,0.00
8/3/2014, 98.88 ,0.00
8/4/2014, 98.89 ,0.01
8/5/2014, 98.82 ,-0.07
8/6/2014, 98.84 ,0.02
8/7/2014, 98.85 ,0.01
8/8/2014, 98.87 ,0.02
8/9/2014, 98.87 ,0.00
8/10/2014, 98.87 ,0.00
8/11/2014, 99.31 ,0.44
8/12/2014, 99.34 ,0.03
8/13/2014, 99.99 ,0.65
8/14/2014, 99.99 ,0.00
8/15/2014, 99.96 ,-0.03
8/16/2014, 99.96 ,0.00
8/17/2014, 99.96 ,0.00
8/18/2014, 100.03 ,0.07
8/19/2014, 100.45 ,0.42
8/20/2014, 100.99 ,0.54
8/21/2014, 101.11 ,0.12
8/22/2014, 101.70 ,0.59
8/23/2014, 101.70 ,0.00
8/24/2014, 101.70 ,0.00
8/25/2014, 103.19 ,1.49
8/26/2014, 102.36 ,-0.83
8/27/2014, 102.23 ,-0.13
8/28/2014, 102.34 ,0.11
8/29/2014, 101.76 ,-0.58
8/30/2014, 101.76 ,0.00
8/31/2014, 101.76 ,0.00
9/1/2014, 102.52 ,0.76
9/2/2014, 102.67 ,0.15
9/3/2014, 102.48 ,-0.19
9/4/2014, 102.06 ,-0.42
9/5/2014, 102.14 ,0.08
9/6/2014, 102.14 ,0.00
9/7/2014, 102.14 ,0.00
9/8/2014, 102.14 ,0.00
9/9/2014, 102.12 ,-0.02
9/10/2014, 102.04 ,-0.08
9/11/2014, 102.25 ,0.21
9/12/2014, 102.61 ,0.36
9/13/2014, 102.61 ,0.00
9/14/2014, 102.61 ,0.00
9/15/2014, 102.95 ,0.34
9/16/2014, 102.76 ,-0.19
9/17/2014, 102.67 ,-0.09
9/18/2014, 102.75 ,0.08
9/19/2014, 102.75 ,0.00
9/20/2014, 102.75 ,0.00
9/21/2014, 102.75 ,0.00
9/22/2014, 102.76 ,0.01
9/23/2014, 102.72 ,-0.04
9/24/2014, 102.76 ,0.04
9/25/2014, 102.78 ,0.02
9/26/2014, 102.77 ,-0.01
9/27/2014, 102.77 ,0.00
9/28/2014, 102.77 ,0.00
9/29/2014, 102.64 ,-0.13
9/30/2014, 102.63 ,-0.01
10/1/2014, 102.60 ,-0.03
10/2/2014, 102.58 ,-0.02
10/3/2014, 102.54 ,-0.04
10/4/2014, 102.54 ,0.00
10/5/2014, 102.54 ,0.00
10/6/2014, 102.54 ,0.00
10/7/2014, 102.54 ,0.00
10/8/2014, 102.54 ,0.00
10/9/2014, 102.85 ,0.31
10/10/2014, 102.81 ,-0.04
10/11/2014, 102.81 ,0.00
10/12/2014, 102.81 ,0.00
10/13/2014, 102.85 ,0.04
10/14/2014, 102.91 ,0.06
10/15/2014, 102.94 ,0.03
10/16/2014, 102.89 ,-0.05
10/17/2014, 102.89 ,0.00
10/18/2014, 102.89 ,0.00
10/19/2014, 102.89 ,0.00
10/20/2014, 102.94 ,0.05
10/21/2014, 102.92 ,-0.02
10/22/2014, 102.94 ,0.02
10/23/2014, 102.99 ,0.05
10/24/2014, 102.98 ,-0.01
10/25/2014, 102.98 ,0.00
10/26/2014, 102.98 ,0.00
10/27/2014, 103.07 ,0.09
10/28/2014, 103.35 ,0.28
10/29/2014, 103.23 ,-0.12
10/30/2014, 103.07 ,-0.16
10/31/2014, 102.88 ,-0.19
11/1/2014, 102.88 ,0.00
11/2/2014, 102.88 ,0.00
11/3/2014, 102.88 ,0.00
11/4/2014, 102.88 ,0.00
11/5/2014, 102.89 ,0.01
11/6/2014, 102.49 ,-0.40
11/7/2014, 102.34 ,-0.15
11/8/2014, 102.34 ,0.00
11/9/2014, 102.34 ,0.00
11/10/2014, 101.79 ,-0.55
11/11/2014, 101.65 ,-0.14
11/12/2014, 101.81 ,0.16
11/13/2014, 101.71 ,-0.10
11/14/2014, 101.76 ,0.05
11/15/2014, 101.76 ,0.00
11/16/2014, 101.76 ,0.00
11/17/2014, 102.22 ,0.46
11/18/2014, 101.78 ,-0.44
11/19/2014, 101.70 ,-0.08
11/20/2014, 101.64 ,-0.06
11/21/2014, 101.66 ,0.02
11/22/2014, 101.66 ,0.00
11/23/2014, 101.66 ,0.00
11/24/2014, 101.73 ,0.07
11/25/2014, 101.84 ,0.11
11/26/2014, 101.80 ,-0.04
11/27/2014, 101.81 ,0.01
11/28/2014, 101.88 ,0.07
11/29/2014, 101.88 ,0.00
11/30/2014, 101.88 ,0.00
12/1/2014, 102.09 ,0.21
12/2/2014, 101.66 ,-0.43
12/3/2014, 101.75 ,0.09
12/4/2014, 101.53 ,-0.22
12/5/2014, 101.37 ,-0.16
12/6/2014, 101.37 ,0.00
12/7/2014, 101.37 ,0.00
12/8/2014, 101.08 ,-0.29
12/9/2014, 101.08 ,0.00
12/10/2014, 100.94 ,-0.14
12/11/2014, 100.63 ,-0.31
12/12/2014, 100.62 ,-0.01
12/13/2014, 100.62 ,0.00
12/14/2014, 100.62 ,0.00
12/15/2014, 100.35 ,-0.27
12/16/2014, 100.48 ,0.13
12/17/2014, 100.56 ,0.08
12/18/2014, 100.45 ,-0.11
12/19/2014, 100.53 ,0.08
12/20/2014, 100.53 ,0.00
12/21/2014, 100.53 ,0.00
12/22/2014, 100.58 ,0.05
12/23/2014, 100.55 ,-0.03
12/24/2014, 100.61 ,0.06
12/25/2014, 100.61 ,0.00
12/26/2014, 100.79 ,0.18
12/27/2014, 100.79 ,0.00
12/28/2014, 100.79 ,0.00
12/29/2014, 101.03 ,0.24
12/30/2014, 100.94 ,-0.09
12/31/2014, 100.48 ,-0.46
1/1/2015, 100.48 ,0.00
1/2/2015, 100.80 ,0.32
1/3/2015, 100.80 ,0.00
1/4/2015, 100.80 ,0.00
1/5/2015, 100.84 ,0.04
1/6/2015, 100.88 ,0.04
1/7/2015, 100.81 ,-0.07
1/8/2015, 100.82 ,0.01
1/9/2015, 100.76 ,-0.06
1/10/2015, 100.76 ,0.00
1/11/2015, 100.76 ,0.00
1/12/2015, 100.76 ,0.00
1/13/2015, 100.57 ,-0.19
1/14/2015, 100.64 ,0.07
1/15/2015, 100.80 ,0.16
1/16/2015, 100.75 ,-0.05
1/17/2015, 100.75 ,0.00
1/18/2015, 100.75 ,0.00
1/19/2015, 100.78 ,0.03
1/20/2015, 100.75 ,-0.03
1/21/2015, 100.77 ,0.02
1/22/2015, 100.74 ,-0.03
1/23/2015, 100.97 ,0.23
1/24/2015, 100.97 ,0.00
1/25/2015, 100.97 ,0.00
1/26/2015, 101.08 ,0.11
1/27/2015, 100.99 ,-0.09
1/28/2015, 100.92 ,-0.07
1/29/2015, 101.12 ,0.20
1/30/2015, 101.10 ,-0.02
1/31/2015, 101.10 ,0.00
2/1/2015, 101.10 ,0.00
2/2/2015, 101.44 ,0.34
2/3/2015, 101.15 ,-0.29
2/4/2015, 101.25 ,0.10
2/5/2015, 101.25 ,0.00
2/6/2015, 101.15 ,-0.10
2/7/2015, 101.15 ,0.00
2/8/2015, 101.15 ,0.00
2/9/2015, 101.24 ,0.09
2/10/2015, 101.34 ,0.10
2/11/2015, 101.46 ,0.12
2/12/2015, 101.48 ,0.02
2/13/2015, 101.44 ,-0.04
2/14/2015, 101.44 ,0.00
2/15/2015, 101.44 ,0.00
2/16/2015, 101.50 ,0.06
2/17/2015, 101.58 ,0.08
2/18/2015, 101.58 ,0.00
2/19/2015, 101.70 ,0.12
2/20/2015, 101.75 ,0.05
2/21/2015, 101.75 ,0.00
2/22/2015, 101.75 ,0.00
2/23/2015, 101.75 ,0.00
2/24/2015, 101.86 ,0.11
2/25/2015, 101.86 ,0.00
2/26/2015, 101.89 ,0.03
2/27/2015, 101.85 ,-0.04
2/28/2015, 101.85 ,0.00
3/1/2015, 101.85 ,0.00
3/2/2015, 101.91 ,0.06
3/3/2015, 101.92 ,0.01
3/4/2015, 101.90 ,-0.02
3/5/2015, 101.85 ,-0.05
3/6/2015, 101.80 ,-0.05
3/7/2015, 101.80 ,0.00
3/8/2015, 101.80 ,0.00
3/9/2015, 101.67 ,-0.13
3/10/2015, 101.75 ,0.08
3/11/2015, 101.78 ,0.03
3/12/2015, 101.77 ,-0.01
3/13/2015, 101.72 ,-0.05
3/14/2015, 101.72 ,0.00
3/15/2015, 101.72 ,0.00
3/16/2015, 101.73 ,0.01
3/17/2015, 101.73 ,0.00
3/18/2015, 101.84 ,0.11
3/19/2015, 102.05 ,0.21
3/20/2015, 102.09 ,0.04
3/21/2015, 102.09 ,0.00
3/22/2015, 102.09 ,0.00
3/23/2015, 102.09 ,0.00
3/24/2015, 102.00 ,-0.09
3/25/2015, 102.01 ,0.01
3/26/2015, 102.00 ,-0.01
3/27/2015, 102.00 ,0.00
3/28/2015, 102.00 ,0.00
3/29/2015, 102.00 ,0.00
3/30/2015, 101.91 ,-0.09
3/31/2015, 101.94 ,0.03
4/1/2015, 101.95 ,0.01
4/2/2015, 101.85 ,-0.10
4/3/2015, 101.85 ,0.00
4/4/2015, 101.85 ,0.00
4/5/2015, 101.85 ,0.00
4/6/2015, 101.98 ,0.13
4/7/2015, 101.97 ,-0.01
4/8/2015, 101.95 ,-0.02
4/9/2015, 101.94 ,-0.01
4/10/2015, 101.86 ,-0.08
4/11/2015, 101.86 ,0.00
4/12/2015, 101.86 ,0.00
4/13/2015, 101.85 ,-0.01
4/14/2015, 101.79 ,-0.06
4/15/2015, 101.69 ,-0.10
4/16/2015, 101.65 ,-0.04
4/17/2015, 101.53 ,-0.12
4/18/2015, 101.53 ,0.00
4/19/2015, 101.53 ,0.00
4/20/2015, 101.57 ,0.04
4/21/2015, 101.57 ,0.00
4/22/2015, 101.57 ,0.00
4/23/2015, 101.63 ,0.06
4/24/2015, 101.63 ,0.00
4/25/2015, 101.63 ,0.00
4/26/2015, 101.63 ,0.00
4/27/2015, 101.83 ,0.20
4/28/2015, 101.83 ,0.00
4/29/2015, 101.76 ,-0.07
4/30/2015, 101.71 ,-0.05
5/1/2015, 101.71 ,0.00
5/2/2015, 101.71 ,0.00
5/3/2015, 101.71 ,0.00
5/4/2015, 101.76 ,0.05
5/5/2015, 101.79 ,0.03
5/6/2015, 101.75 ,-0.04
5/7/2015, 101.75 ,0.00
5/8/2015, 101.75 ,0.00
5/9/2015, 101.75 ,0.00
5/10/2015, 101.75 ,0.00
5/11/2015, 101.83 ,0.08
5/12/2015, 101.81 ,-0.02
5/13/2015, 101.82 ,0.01
5/14/2015, 101.84 ,0.02
5/15/2015, 101.97 ,0.13
5/16/2015, 101.97 ,0.00
5/17/2015, 101.97 ,0.00
5/18/2015, 101.96 ,-0.01
5/19/2015, 101.91 ,-0.05
5/20/2015, 101.92 ,0.01
5/21/2015, 101.94 ,0.02
5/22/2015, 101.97 ,0.03
5/23/2015, 101.97 ,0.00
5/24/2015, 101.97 ,0.00
5/25/2015, 102.07 ,0.10
5/26/2015, 102.01 ,-0.06
5/27/2015, 101.98 ,-0.03
5/28/2015, 101.99 ,0.01
5/29/2015, 102.01 ,0.02
5/30/2015, 102.01 ,0.00
5/31/2015, 102.01 ,0.00
6/1/2015, 101.91 ,-0.10
6/2/2015, 101.86 ,-0.05
6/3/2015, 101.87 ,0.01
6/4/2015, 101.88 ,0.01
6/5/2015, 101.87 ,-0.01
6/6/2015, 101.87 ,0.00
6/7/2015, 101.87 ,0.00
6/8/2015, 101.89 ,0.02
6/9/2015, 101.91 ,0.02
6/10/2015, 101.89 ,-0.02
6/11/2015, 101.81 ,-0.08
6/12/2015, 101.73 ,-0.08
6/13/2015, 101.73 ,0.00
6/14/2015, 101.73 ,0.00
6/15/2015, 101.77 ,0.04
6/16/2015, 101.78 ,0.01
6/17/2015, 101.79 ,0.01
6/18/2015, 101.77 ,-0.02
6/19/2015, 101.77 ,0.00
6/20/2015, 101.77 ,0.00
6/21/2015, 101.77 ,0.00
6/22/2015, 101.80 ,0.03
6/23/2015, 101.81 ,0.01
6/24/2015, 101.79 ,-0.02
6/25/2015, 101.79 ,0.00
6/26/2015, 101.79 ,0.00
6/27/2015, 101.79 ,0.00
6/28/2015, 101.79 ,0.00
6/29/2015, 101.80 ,0.01
6/30/2015, 101.78 ,-0.02
7/1/2015, 101.78 ,0.00
7/2/2015, 101.76 ,-0.02
7/3/2015, 101.75 ,-0.01
7/4/2015, 101.75 ,0.00
7/5/2015, 101.75 ,0.00
7/6/2015, 101.79 ,0.04
7/7/2015, 101.78 ,-0.01
7/8/2015, 101.76 ,-0.02
7/9/2015, 101.74 ,-0.02
7/10/2015, 101.70 ,-0.04
7/11/2015, 101.70 ,0.00
7/12/2015, 101.70 ,0.00
7/13/2015, 101.74 ,0.04
7/14/2015, 101.75 ,0.01
7/15/2015, 101.73 ,-0.02
7/16/2015, 101.80 ,0.07
7/17/2015, 101.80 ,0.00
7/18/2015, 101.80 ,0.00
7/19/2015, 101.80 ,0.00
7/20/2015, 101.80 ,0.00
7/21/2015, 101.80 ,0.00
7/22/2015, 101.88 ,0.08
7/23/2015, 101.83 ,-0.05
7/24/2015, 101.82 ,-0.01
7/25/2015, 101.82 ,0.00
7/26/2015, 101.82 ,0.00
7/27/2015, 101.83 ,0.01
7/28/2015, 101.83 ,0.00
7/29/2015, 101.82 ,-0.01
7/30/2015, 101.79 ,-0.03
7/31/2015, 101.79 ,0.00
8/1/2015, 101.79 ,0.00
8/2/2015, 101.79 ,0.00
8/3/2015, 101.84 ,0.05
8/4/2015, 101.84 ,0.00
8/5/2015, 101.81 ,-0.03
8/6/2015, 101.80 ,-0.01
8/7/2015, 101.82 ,0.02
8/8/2015, 101.82 ,0.00
8/9/2015, 101.82 ,0.00
8/10/2015, 101.83 ,0.01
8/11/2015, 101.82 ,-0.01
8/12/2015, 101.82 ,0.00
8/13/2015, 101.85 ,0.03
8/14/2015, 101.85 ,0.00
8/15/2015, 101.85 ,0.00
8/16/2015, 101.85 ,0.00
8/17/2015, 101.97 ,0.12
8/18/2015, 101.97 ,0.00
8/19/2015, 101.90 ,-0.07
8/20/2015, 101.93 ,0.03
8/21/2015, 102.02 ,0.09
8/22/2015, 102.02 ,0.00
8/23/2015, 102.02 ,0.00
8/24/2015, 103.88 ,1.86
8/25/2015, 104.28 ,0.40
8/26/2015, 104.14 ,-0.14
8/27/2015, 104.02 ,-0.12
8/28/2015, 104.00 ,-0.02
8/29/2015, 104.00 ,0.00
8/30/2015, 104.00 ,0.00
8/31/2015, 104.19 ,0.19
9/1/2015, 104.21 ,0.02
9/2/2015, 104.21 ,0.00
9/3/2015, 104.23 ,0.02
9/4/2015, 104.25 ,0.02
9/5/2015, 104.25 ,0.00
9/6/2015, 104.25 ,0.00
9/7/2015, 104.32 ,0.07
9/8/2015, 104.45 ,0.13
9/9/2015, 104.38 ,-0.07
9/10/2015, 104.33 ,-0.05
9/11/2015, 104.44 ,0.11
9/12/2015, 104.44 ,0.00
9/13/2015, 104.44 ,0.00
9/14/2015, 104.39 ,-0.05
9/15/2015, 104.36 ,-0.03
9/16/2015, 104.37 ,0.01
9/17/2015, 104.37 ,0.00
9/18/2015, 104.38 ,0.01
9/19/2015, 104.38 ,0.00
9/20/2015, 104.38 ,0.00
9/21/2015, 104.37 ,-0.01
9/22/2015, 104.38 ,0.01
9/23/2015, 104.43 ,0.05
9/24/2015, 104.43 ,0.00
9/25/2015, 104.43 ,0.00
9/26/2015, 104.43 ,0.00
9/27/2015, 104.43 ,0.00
9/28/2015, 104.50 ,0.07
9/29/2015, 104.50 ,0.00
9/30/2015, 104.51 ,0.01
10/1/2015, 104.51 ,0.00
10/2/2015, 104.51 ,0.00
10/3/2015, 104.51 ,0.00
10/4/2015, 104.51 ,0.00
10/5/2015, 104.51 ,0.00
10/6/2015, 104.48 ,-0.03
10/7/2015, 104.47 ,-0.01
10/8/2015, 104.43 ,-0.04
10/9/2015, 104.43 ,0.00
10/10/2015, 104.43 ,0.00
10/11/2015, 104.43 ,0.00
10/12/2015, 104.44 ,0.01
10/13/2015, 104.43 ,-0.01
10/14/2015, 104.42 ,-0.01
10/15/2015, 104.37 ,-0.05
10/16/2015, 104.37 ,0.00
10/17/2015, 104.37 ,0.00
10/18/2015, 104.37 ,0.00
10/19/2015, 104.43 ,0.06
10/20/2015, 104.41 ,-0.02
10/21/2015, 104.43 ,0.02
10/22/2015, 104.44 ,0.01
10/23/2015, 104.44 ,0.00
10/24/2015, 104.44 ,0.00
10/25/2015, 104.44 ,0.00
10/26/2015, 104.48 ,0.04
10/27/2015, 105.24 ,0.76
10/28/2015, 105.52 ,0.28
10/29/2015, 105.50 ,-0.02
10/30/2015, 105.45 ,-0.05
10/31/2015, 105.45 ,0.00
11/1/2015, 105.45 ,0.00
11/2/2015, 105.49 ,0.04
11/3/2015, 105.50 ,0.01
11/4/2015, 105.50 ,0.00
11/5/2015, 105.51 ,0.01
11/6/2015, 105.50 ,-0.01
11/7/2015, 105.50 ,0.00
11/8/2015, 105.50 ,0.00
11/9/2015, 105.51 ,0.01
11/10/2015, 105.53 ,0.02
11/11/2015, 105.47 ,-0.06
11/12/2015, 105.45 ,-0.02
11/13/2015, 105.43 ,-0.02
11/14/2015, 105.43 ,0.00
11/15/2015, 105.43 ,0.00
11/16/2015, 105.45 ,0.02
11/17/2015, 105.46 ,0.01
11/18/2015, 105.49 ,0.03
11/19/2015, 105.50 ,0.01
11/20/2015, 105.50 ,0.00
11/21/2015, 105.50 ,0.00
11/22/2015, 105.50 ,0.00
11/23/2015, 105.50 ,0.00
11/24/2015, 105.50 ,0.00
11/25/2015, 105.50 ,0.00
11/26/2015, 105.51 ,0.01
11/27/2015, 105.50 ,-0.01
11/28/2015, 105.50 ,0.00
11/29/2015, 105.50 ,0.00
11/30/2015, 105.50 ,0.00
12/1/2015, 105.52 ,0.02
12/2/2015, 105.51 ,-0.01
12/3/2015, 105.53 ,0.02
12/4/2015, 105.39 ,-0.14
12/5/2015, 105.39 ,0.00
12/6/2015, 105.39 ,0.00
12/7/2015, 104.92 ,-0.47
12/8/2015, 103.85 ,-1.07
12/9/2015, 103.82 ,-0.03
12/10/2015, 104.03 ,0.21
12/11/2015, 104.26 ,0.23
12/12/2015, 104.26 ,0.00
12/13/2015, 104.26 ,0.00
12/14/2015, 104.37 ,0.11
12/15/2015, 104.95 ,0.58
12/16/2015, 104.85 ,-0.10
12/17/2015, 104.83 ,-0.02
12/18/2015, 104.72 ,-0.11
12/19/2015, 104.72 ,0.00
12/20/2015, 104.72 ,0.00
12/21/2015, 104.93 ,0.21
12/22/2015, 104.86 ,-0.07
12/23/2015, 104.78 ,-0.08
12/24/2015, 104.78 ,0.00
12/25/2015, 104.78 ,0.00
12/26/2015, 104.78 ,0.00
12/27/2015, 104.78 ,0.00
12/28/2015, 104.94 ,0.16
12/29/2015, 104.84 ,-0.10
12/30/2015, 104.87 ,0.03
12/31/2015, 104.74 ,-0.13
1/1/2016, 104.74 ,0.00
1/2/2016, 104.74 ,0.00
1/3/2016, 104.74 ,0.00
1/4/2016, 104.89 ,0.15
1/5/2016, 104.93 ,0.04
1/6/2016, 104.92 ,-0.01
1/7/2016, 104.94 ,0.02
1/8/2016, 104.94 ,0.00
1/9/2016, 104.94 ,0.00
1/10/2016, 104.94 ,0.00
1/11/2016, 104.94 ,0.00
1/12/2016, 104.93 ,-0.01
1/13/2016, 104.94 ,0.01
1/14/2016, 104.94 ,0.00
1/15/2016, 104.92 ,-0.02
1/16/2016, 104.92 ,0.00
1/17/2016, 104.92 ,0.00
1/18/2016, 104.94 ,0.02
1/19/2016, 104.94 ,0.00
1/20/2016, 104.93 ,-0.01
1/21/2016, 104.92 ,-0.01
1/22/2016, 104.94 ,0.02
1/23/2016, 104.94 ,0.00
1/24/2016, 104.94 ,0.00
1/25/2016, 104.95 ,0.01
1/26/2016, 104.94 ,-0.01
1/27/2016, 104.94 ,0.00
1/28/2016, 104.94 ,0.00
1/29/2016, 104.92 ,-0.02
1/30/2016, 104.92 ,0.00
1/31/2016, 104.92 ,0.00
2/1/2016, 104.93 ,0.01
2/2/2016, 104.93 ,0.00
2/3/2016, 104.80 ,-0.13
2/4/2016, 104.56 ,-0.24
2/5/2016, 104.56 ,0.00
2/6/2016, 104.56 ,0.00
2/7/2016, 104.56 ,0.00
2/8/2016, 104.13 ,-0.43
2/9/2016, 104.75 ,0.62
2/10/2016, 104.68 ,-0.07
2/11/2016, 104.68 ,0.00
2/12/2016, 104.55 ,-0.13
2/13/2016, 104.55 ,0.00
2/14/2016, 104.55 ,0.00
2/15/2016, 104.71 ,0.16
2/16/2016, 104.72 ,0.01
2/17/2016, 104.78 ,0.06
2/18/2016, 104.81 ,0.03
2/19/2016, 104.79 ,-0.02
2/20/2016, 104.79 ,0.00
2/21/2016, 104.79 ,0.00
2/22/2016, 104.85 ,0.06
2/23/2016, 104.79 ,-0.06
2/24/2016, 104.68 ,-0.11
2/25/2016, 104.63 ,-0.05
2/26/2016, 104.61 ,-0.02
2/27/2016, 104.61 ,0.00
2/28/2016, 104.61 ,0.00
2/29/2016, 104.69 ,0.08
3/1/2016, 104.76 ,0.07
3/2/2016, 104.74 ,-0.02
3/3/2016, 104.80 ,0.06
3/4/2016, 104.78 ,-0.02
3/5/2016, 104.78 ,0.00
3/6/2016, 104.78 ,0.00
3/7/2016, 104.73 ,-0.05
3/8/2016, 104.75 ,0.02
3/9/2016, 104.74 ,-0.01
3/10/2016, 104.72 ,-0.02
3/11/2016, 104.67 ,-0.05
3/12/2016, 104.67 ,0.00
3/13/2016, 104.67 ,0.00
3/14/2016, 104.69 ,0.02
3/15/2016, 104.68 ,-0.01
3/16/2016, 104.66 ,-0.02
3/17/2016, 104.69 ,0.03
3/18/2016, 104.69 ,0.00
3/19/2016, 104.69 ,0.00
3/20/2016, 104.69 ,0.00
3/21/2016, 104.75 ,0.06
3/22/2016, 104.76 ,0.01
3/23/2016, 104.76 ,0.00
3/24/2016, 104.76 ,0.00
3/25/2016, 104.74 ,-0.02
3/26/2016, 104.74 ,0.00
3/27/2016, 104.74 ,0.00
3/28/2016, 104.74 ,0.00
3/29/2016, 104.74 ,0.00
3/30/2016, 104.75 ,0.01
3/31/2016, 104.75 ,0.00
4/1/2016, 104.73 ,-0.02
4/2/2016, 104.73 ,0.00
4/3/2016, 104.73 ,0.00
4/4/2016, 104.71 ,-0.02
4/5/2016, 104.68 ,-0.03
4/6/2016, 104.70 ,0.02
4/7/2016, 104.69 ,-0.01
4/8/2016, 104.70 ,0.01
4/9/2016, 104.70 ,0.00
4/10/2016, 104.70 ,0.00
4/11/2016, 104.74 ,0.04
4/12/2016, 104.74 ,0.00
4/13/2016, 104.71 ,-0.03
4/14/2016, 104.69 ,-0.02
4/15/2016, 104.72 ,0.03
4/16/2016, 104.72 ,0.00
4/17/2016, 104.72 ,0.00
4/18/2016, 104.76 ,0.04
4/19/2016, 104.79 ,0.03
4/20/2016, 104.75 ,-0.04
4/21/2016, 104.74 ,-0.01
4/22/2016, 104.77 ,0.03
4/23/2016, 104.77 ,0.00
4/24/2016, 104.77 ,0.00
4/25/2016, 104.79 ,0.02
4/26/2016, 104.83 ,0.04
4/27/2016, 104.84 ,0.01
4/28/2016, 104.85 ,0.01
4/29/2016, 104.81 ,-0.04
4/30/2016, 104.81 ,0.00
5/1/2016, 104.81 ,0.00
5/2/2016, 104.77 ,-0.04
5/3/2016, 104.79 ,0.02
5/4/2016, 104.71 ,-0.08
5/5/2016, 104.69 ,-0.02
5/6/2016, 104.69 ,0.00
5/7/2016, 104.69 ,0.00
5/8/2016, 104.69 ,0.00
5/9/2016, 104.73 ,0.04
5/10/2016, 104.68 ,-0.05
5/11/2016, 104.68 ,0.00
5/12/2016, 104.69 ,0.01
5/13/2016, 104.68 ,-0.01
5/14/2016, 104.68 ,0.00
5/15/2016, 104.68 ,0.00
5/16/2016, 104.76 ,0.08
5/17/2016, 104.74 ,-0.02
5/18/2016, 104.75 ,0.01
5/19/2016, 104.79 ,0.04
5/20/2016, 104.82 ,0.03
5/21/2016, 104.82 ,0.00
5/22/2016, 104.82 ,0.00
5/23/2016, 104.85 ,0.03
5/24/2016, 104.81 ,-0.04
5/25/2016, 104.80 ,-0.01
5/26/2016, 104.82 ,0.02
5/27/2016, 104.84 ,0.02
5/28/2016, 104.84 ,0.00
5/29/2016, 104.84 ,0.00
5/30/2016, 104.86 ,0.02
5/31/2016, 104.86 ,0.00
6/1/2016, 104.80 ,-0.06
6/2/2016, 104.72 ,-0.08
6/3/2016, 104.64 ,-0.08
6/4/2016, 104.64 ,0.00
6/5/2016, 104.64 ,0.00
6/6/2016, 104.65 ,0.01
6/7/2016, 104.65 ,0.00
6/8/2016, 104.57 ,-0.08
6/9/2016, 104.40 ,-0.17
6/10/2016, 104.23 ,-0.17
6/11/2016, 104.23 ,0.00
6/12/2016, 104.23 ,0.00
6/13/2016, 104.61 ,0.38
6/14/2016, 104.67 ,0.06
6/15/2016, 104.61 ,-0.06
6/16/2016, 104.67 ,0.06
6/17/2016, 104.74 ,0.07
6/18/2016, 104.74 ,0.00
6/19/2016, 104.74 ,0.00
6/20/2016, 104.75 ,0.01
6/21/2016, 104.73 ,-0.02
6/22/2016, 104.74 ,0.01
6/23/2016, 104.77 ,0.03
6/24/2016, 104.83 ,0.06
6/25/2016, 104.83 ,0.00
6/26/2016, 104.83 ,0.00
6/27/2016, 104.82 ,-0.01
6/28/2016, 104.75 ,-0.07
6/29/2016, 104.73 ,-0.02
6/30/2016, 104.83 ,0.10
7/1/2016, 104.83 ,0.00
7/2/2016, 104.83 ,0.00
7/3/2016, 104.83 ,0.00
7/4/2016, 104.94 ,0.11
7/5/2016, 104.94 ,0.00
7/6/2016, 104.94 ,0.00
7/7/2016, 104.94 ,0.00
7/8/2016, 104.94 ,0.00
7/9/2016, 104.94 ,0.00
7/10/2016, 104.94 ,0.00
7/11/2016, 104.85 ,-0.09
7/12/2016, 104.84 ,-0.01
7/13/2016, 104.86 ,0.02
7/14/2016, 104.86 ,0.00
7/15/2016, 104.84 ,-0.02
7/16/2016, 104.84 ,0.00
7/17/2016, 104.84 ,0.00
7/18/2016, 104.86 ,0.02
7/19/2016, 104.85 ,-0.01
7/20/2016, 104.84 ,-0.01
7/21/2016, 104.85 ,0.01
7/22/2016, 104.85 ,0.00
7/23/2016, 104.85 ,0.00
7/24/2016, 104.85 ,0.00
7/25/2016, 104.86 ,0.01
7/26/2016, 104.84 ,-0.02
7/27/2016, 104.85 ,0.01
7/28/2016, 104.85 ,0.00
7/29/2016, 104.85 ,0.00
7/30/2016, 104.85 ,0.00
7/31/2016, 104.85 ,0.00
8/1/2016, 104.85 ,0.00
8/2/2016, 104.84 ,-0.01
8/3/2016, 104.66 ,-0.18
8/4/2016, 104.56 ,-0.10
8/5/2016, 104.62 ,0.06
8/6/2016, 104.62 ,0.00
8/7/2016, 104.62 ,0.00
8/8/2016, 104.73 ,0.11
8/9/2016, 104.61 ,-0.12
8/10/2016, 104.62 ,0.01
8/11/2016, 104.59 ,-0.03
8/12/2016, 104.66 ,0.07
8/13/2016, 104.66 ,0.00
8/14/2016, 104.66 ,0.00
8/15/2016, 104.70 ,0.04
8/16/2016, 104.72 ,0.02
8/17/2016, 104.71 ,-0.01
8/18/2016, 104.72 ,0.01
8/19/2016, 104.71 ,-0.01
8/20/2016, 104.71 ,0.00
8/21/2016, 104.71 ,0.00
8/22/2016, 104.84 ,0.13
8/23/2016, 104.82 ,-0.02
8/24/2016, 104.79 ,-0.03
8/25/2016, 104.80 ,0.01
8/26/2016, 104.82 ,0.02
8/27/2016, 104.82 ,0.00
8/28/2016, 104.82 ,0.00
8/29/2016, 104.83 ,0.01
8/30/2016, 104.82 ,-0.01
8/31/2016, 104.80 ,-0.02
9/1/2016, 104.70 ,-0.10
9/2/2016, 104.47 ,-0.23
9/3/2016, 104.47 ,0.00
9/4/2016, 104.47 ,0.00
9/5/2016, 104.47 ,0.00
9/6/2016, 104.66 ,0.19
9/7/2016, 104.44 ,-0.22
9/8/2016, 104.38 ,-0.06
9/9/2016, 104.33 ,-0.05
9/10/2016, 104.33 ,0.00
9/11/2016, 104.33 ,0.00
9/12/2016, 104.33 ,0.00
9/13/2016, 104.33 ,0.00
9/14/2016, 104.33 ,0.00
9/15/2016, 104.66 ,0.33
9/16/2016, 104.58 ,-0.08
9/17/2016, 104.58 ,0.00
9/18/2016, 104.58 ,0.00
9/19/2016, 104.61 ,0.03
9/20/2016, 104.64 ,0.03
9/21/2016, 104.77 ,0.13
9/22/2016, 104.80 ,0.03
9/23/2016, 104.84 ,0.04
9/24/2016, 104.84 ,0.00
9/25/2016, 104.84 ,0.00
9/26/2016, 104.84 ,0.00
9/27/2016, 104.76 ,-0.08
9/28/2016, 104.73 ,-0.03
9/29/2016, 104.73 ,0.00
9/30/2016, 104.62 ,-0.11
10/1/2016, 104.62 ,0.00
10/2/2016, 104.62 ,0.00
10/3/2016, 104.54 ,-0.08
10/4/2016, 104.57 ,0.03
10/5/2016, 104.55 ,-0.02
10/6/2016, 104.54 ,-0.01
10/7/2016, 104.69 ,0.15
10/8/2016, 104.69 ,0.00
10/9/2016, 104.69 ,0.00
10/10/2016, 104.65 ,-0.04
10/11/2016, 104.65 ,0.00
10/12/2016, 104.65 ,0.00
10/13/2016, 104.70 ,0.05
10/14/2016, 104.72 ,0.02
10/15/2016, 104.72 ,0.00
10/16/2016, 104.72 ,0.00
10/17/2016, 104.78 ,0.06
10/18/2016, 104.73 ,-0.05
10/19/2016, 104.69 ,-0.04
10/20/2016, 104.76 ,0.07
10/21/2016, 104.81 ,0.05
10/22/2016, 104.81 ,0.00
10/23/2016, 104.81 ,0.00
10/24/2016, 104.85 ,0.04
10/25/2016, 104.84 ,-0.01
10/26/2016, 104.78 ,-0.06
10/27/2016, 104.83 ,0.05
10/28/2016, 104.84 ,0.01
10/29/2016, 104.84 ,0.00
10/30/2016, 104.84 ,0.00
10/31/2016, 104.85 ,0.01
11/1/2016, 104.81 ,-0.04
11/2/2016, 104.83 ,0.02
11/3/2016, 104.77 ,-0.06
11/4/2016, 104.76 ,-0.01
11/5/2016, 104.76 ,0.00
11/6/2016, 104.76 ,0.00
11/7/2016, 104.74 ,-0.02
11/8/2016, 104.71 ,-0.03
11/9/2016, 104.71 ,0.00
11/10/2016, 104.71 ,0.00
11/11/2016, 104.78 ,0.07
11/12/2016, 104.78 ,0.00
11/13/2016, 104.78 ,0.00
11/14/2016, 104.83 ,0.05
11/15/2016, 104.78 ,-0.05
11/16/2016, 104.82 ,0.04
11/17/2016, 104.84 ,0.02
11/18/2016, 104.84 ,0.00
11/19/2016, 104.84 ,0.00
11/20/2016, 104.84 ,0.00
11/21/2016, 104.84 ,0.00
11/22/2016, 104.85 ,0.01
11/23/2016, 104.85 ,0.00
11/24/2016, 104.84 ,-0.01
11/25/2016, 104.85 ,0.01
11/26/2016, 104.85 ,0.00
11/27/2016, 104.85 ,0.00
11/28/2016, 104.84 ,-0.01
11/29/2016, 104.85 ,0.01
11/30/2016, 104.84 ,-0.01
12/1/2016, 104.83 ,-0.01
12/2/2016, 104.83 ,0.00
12/3/2016, 104.83 ,0.00
12/4/2016, 104.83 ,0.00
12/5/2016, 104.82 ,-0.01
12/6/2016, 104.81 ,-0.01
12/7/2016, 104.78 ,-0.03
12/8/2016, 104.76 ,-0.02
12/9/2016, 104.79 ,0.03
12/10/2016, 104.79 ,0.00
12/11/2016, 104.79 ,0.00
12/12/2016, 104.79 ,0.00
12/13/2016, 104.85 ,0.06
12/14/2016, 104.85 ,0.00
12/15/2016, 104.85 ,0.00
12/16/2016, 104.85 ,0.00
12/17/2016, 104.85 ,0.00
12/18/2016, 104.85 ,0.00
12/19/2016, 104.85 ,0.00
12/20/2016, 104.85 ,0.00
12/21/2016, 104.85 ,0.00
12/22/2016, 104.85 ,0.00
12/23/2016, 104.85 ,0.00
12/24/2016, 104.85 ,0.00
12/25/2016, 104.85 ,0.00
12/26/2016, 104.86 ,0.01
12/27/2016, 104.86 ,0.00
12/28/2016, 104.86 ,0.00
12/29/2016, 104.85 ,-0.01
12/30/2016, 104.60 ,-0.25
12/31/2016, 104.60 ,0.00
1/1/2017, 104.60 ,0.00
1/2/2017, 104.60 ,0.00
1/3/2017, 104.84 ,0.24
1/4/2017, 104.85 ,0.01
1/5/2017, 104.81 ,-0.04
1/6/2017, 104.79 ,-0.02
1/7/2017, 104.79 ,0.00
1/8/2017, 104.79 ,0.00
1/9/2017, 110.55 ,5.76
1/10/2017, 104.85 ,-5.70
1/11/2017, 104.85 ,0.00
1/12/2017, 104.85 ,0.00
1/13/2017, 104.85 ,0.00
1/14/2017, 104.85 ,0.00
1/15/2017, 104.85 ,0.00
1/16/2017, 104.86 ,0.01
1/17/2017, 104.85 ,-0.01
1/18/2017, 104.85 ,0.00
1/19/2017, 104.85 ,0.00
1/20/2017, 104.86 ,0.01
1/21/2017, 104.86 ,0.00
1/22/2017, 104.86 ,0.00
1/23/2017, 104.86 ,0.00
1/24/2017, 104.85 ,-0.01
1/25/2017, 104.86 ,0.01
1/26/2017, 104.85 ,-0.01
1/27/2017, 104.86 ,0.01
1/28/2017, 104.86 ,0.00
1/29/2017, 104.86 ,0.00
1/30/2017, 104.84 ,-0.02
1/31/2017, 104.84 ,0.00
2/1/2017, 110.55 ,5.71
2/2/2017, 104.80 ,-5.75
2/3/2017, 104.79 ,-0.01
2/4/2017, 104.79 ,0.00
2/5/2017, 104.79 ,0.00
2/6/2017, 104.82 ,0.03
2/7/2017, 104.81 ,-0.01
2/8/2017, 104.81 ,0.00
2/9/2017, 104.80 ,-0.01
2/10/2017, 104.79 ,-0.01
2/11/2017, 104.79 ,0.00
2/12/2017, 104.79 ,0.00
2/13/2017, 104.81 ,0.02
2/14/2017, 104.82 ,0.01
2/15/2017, 104.82 ,0.00
2/16/2017, 104.83 ,0.01
2/17/2017, 104.83 ,0.00
2/18/2017, 104.83 ,0.00
2/19/2017, 104.83 ,0.00
2/20/2017, 104.85 ,0.02
2/21/2017, 104.86 ,0.01
2/22/2017, 104.86 ,0.00
2/23/2017, 104.85 ,-0.01
2/24/2017, 104.85 ,0.00
2/25/2017, 104.85 ,0.00
2/26/2017, 104.85 ,0.00
2/27/2017, 104.86 ,0.01
2/28/2017, 104.84 ,-0.02
3/1/2017, 104.84 ,0.00
3/2/2017, 104.84 ,0.00
3/3/2017, 104.85 ,0.01
3/4/2017, 104.85 ,0.00
3/5/2017, 104.85 ,0.00
3/6/2017, 104.85 ,0.00
3/7/2017, 104.84 ,-0.01
3/8/2017, 104.84 ,0.00
3/9/2017, 104.85 ,0.01
3/10/2017, 104.85 ,0.00
3/11/2017, 104.85 ,0.00
3/12/2017, 104.85 ,0.00
3/13/2017, 104.85 ,0.00
3/14/2017, 104.85 ,0.00
3/15/2017, 104.85 ,0.00
3/16/2017, 104.85 ,0.00
3/17/2017, 104.85 ,0.00
3/18/2017, 104.85 ,0.00
3/19/2017, 104.85 ,0.00
3/20/2017, 104.86 ,0.01
3/21/2017, 104.86 ,0.00
3/22/2017, 104.86 ,0.00
3/23/2017, 104.86 ,0.00
3/24/2017, 104.84 ,-0.02
3/25/2017, 104.84 ,0.00
3/26/2017, 104.84 ,0.00
3/27/2017, 104.85 ,0.01
3/28/2017, 104.86 ,0.01
3/29/2017, 104.85 ,-0.01
3/30/2017, 104.85 ,0.00
3/31/2017, 104.85 ,0.00
4/1/2017, 104.85 ,0.00
4/2/2017, 104.85 ,0.00
4/3/2017, 104.86 ,0.01
4/4/2017, 104.86 ,0.00
4/5/2017, 104.86 ,0.00
4/6/2017, 104.85 ,-0.01
4/7/2017, 104.85 ,0.00
4/8/2017, 104.85 ,0.00
4/9/2017, 104.85 ,0.00
4/10/2017, 104.86 ,0.01
4/11/2017, 104.86 ,0.00
4/12/2017, 104.86 ,0.00
4/13/2017, 104.86 ,0.00
4/14/2017, 104.87 ,0.01
4/15/2017, 104.87 ,0.00
4/16/2017, 104.87 ,0.00
4/17/2017, 104.86 ,-0.01
4/18/2017, 104.87 ,0.01
4/19/2017, 104.86 ,-0.01
4/20/2017, 104.85 ,-0.01
4/21/2017, 104.82 ,-0.03
4/22/2017, 104.82 ,0.00
4/23/2017, 104.82 ,0.00
4/24/2017, 104.85 ,0.03
4/25/2017, 104.85 ,0.00
4/26/2017, 104.84 ,-0.01
4/27/2017, 104.79 ,-0.05
4/28/2017, 104.81 ,0.02
4/29/2017, 104.81 ,0.00
4/30/2017, 104.81 ,0.00
5/1/2017, 104.81 ,0.00
5/2/2017, 104.81 ,0.00
5/3/2017, 104.83 ,0.02
5/4/2017, 104.84 ,0.01
5/5/2017, 104.85 ,0.01
5/6/2017, 104.85 ,0.00
5/7/2017, 104.85 ,0.00
5/8/2017, 104.86 ,0.01
5/9/2017, 104.85 ,-0.01
5/10/2017, 104.82 ,-0.03
5/11/2017, 104.79 ,-0.03
5/12/2017, 104.81 ,0.02
5/13/2017, 104.81 ,0.00
5/14/2017, 104.81 ,0.00
5/15/2017, 104.84 ,0.03
5/16/2017, 104.84 ,0.00
5/17/2017, 104.85 ,0.01
5/18/2017, 104.86 ,0.01
5/19/2017, 104.86 ,0.00
5/20/2017, 104.86 ,0.00
5/21/2017, 104.86 ,0.00
5/22/2017, 104.87 ,0.01
5/23/2017, 104.87 ,0.00
5/24/2017, 104.86 ,-0.01
5/25/2017, 104.87 ,0.01
5/26/2017, 104.86 ,-0.01
5/27/2017, 104.86 ,0.00
5/28/2017, 104.86 ,0.00
5/29/2017, 104.86 ,0.00
5/30/2017, 104.87 ,0.01
5/31/2017, 104.86 ,-0.01
6/1/2017, 104.86 ,0.00
6/2/2017, 104.86 ,0.00
6/3/2017, 104.86 ,0.00
6/4/2017, 104.86 ,0.00
6/5/2017, 104.86 ,0.00
6/6/2017, 104.87 ,0.01
6/7/2017, 104.86 ,-0.01
6/8/2017, 104.86 ,0.00
6/9/2017, 104.87 ,0.01
6/10/2017, 104.87 ,0.00
6/11/2017, 104.87 ,0.00
6/12/2017, 105.55 ,0.68
6/13/2017, 104.88 ,-0.67
6/14/2017, 104.88 ,0.00
6/15/2017, 104.88 ,0.00
6/16/2017, 104.88 ,0.00
6/17/2017, 104.88 ,0.00
6/18/2017, 104.88 ,0.00
6/19/2017, 104.89 ,0.01
6/20/2017, 104.89 ,0.00
6/21/2017, 104.89 ,0.00
6/22/2017, 104.88 ,-0.01
6/23/2017, 104.89 ,0.01
6/24/2017, 104.89 ,0.00
6/25/2017, 104.89 ,0.00
6/26/2017, 104.89 ,0.00
6/27/2017, 104.89 ,0.00
6/28/2017, 104.89 ,0.00
6/29/2017, 104.90 ,0.01
6/30/2017, 104.85 ,-0.05
7/1/2017, 104.85 ,0.00
7/2/2017, 104.85 ,0.00
7/3/2017, 104.85 ,0.00
7/4/2017, 104.90 ,0.05
7/5/2017, 108.25 ,3.35
7/6/2017, 105.70 ,-2.55
7/7/2017, 106.18 ,0.48
7/8/2017, 106.18 ,0.00
7/9/2017, 106.18 ,0.00
7/10/2017, 105.22 ,-0.96
7/11/2017, 105.33 ,0.11
7/12/2017, 105.32 ,-0.01
7/13/2017, 105.33 ,0.01
7/14/2017, 105.38 ,0.05
7/15/2017, 105.38 ,0.00
7/16/2017, 105.38 ,0.00
7/17/2017, 105.39 ,0.01
7/18/2017, 105.40 ,0.01
7/19/2017, 105.25 ,-0.15
7/20/2017, 105.34 ,0.09
7/21/2017, 105.39 ,0.05
7/22/2017, 105.39 ,0.00
7/23/2017, 105.39 ,0.00
7/24/2017, 105.40 ,0.01
7/25/2017, 105.40 ,0.00
7/26/2017, 105.35 ,-0.05
7/27/2017, 105.40 ,0.05
7/28/2017, 105.40 ,0.00
7/29/2017, 105.40 ,0.00
7/30/2017, 105.40 ,0.00
7/31/2017, 105.40 ,0.00
8/1/2017, 105.40 ,0.00
8/2/2017, 105.40 ,0.00
8/3/2017, 105.40 ,0.00
8/4/2017, 105.40 ,0.00
8/5/2017, 105.40 ,0.00
8/6/2017, 105.40 ,0.00
8/7/2017, 105.40 ,0.00
8/8/2017, 105.40 ,0.00
8/9/2017, 105.40 ,0.00
8/10/2017, 105.40 ,0.00
8/11/2017, 105.40 ,0.00
8/12/2017, 105.40 ,0.00
8/13/2017, 105.40 ,0.00
8/14/2017, 105.40 ,0.00
8/15/2017, 105.40 ,0.00
8/16/2017, 105.40 ,0.00
8/17/2017, 105.40 ,0.00
8/18/2017, 105.40 ,0.00
8/19/2017, 105.40 ,0.00
8/20/2017, 105.40 ,0.00
8/21/2017, 105.40 ,0.00
8/22/2017, 105.41 ,0.01
8/23/2017, 105.40 ,-0.01
8/24/2017, 105.39 ,-0.01
8/25/2017, 105.39 ,0.00
8/26/2017, 105.39 ,0.00
8/27/2017, 105.39 ,0.00
8/28/2017, 105.40 ,0.01
8/29/2017, 105.33 ,-0.07
8/30/2017, 105.30 ,-0.03
8/31/2017, 105.40 ,0.10
9/1/2017, 105.40 ,0.00
9/2/2017, 105.40 ,0.00
9/3/2017, 105.40 ,0.00
9/4/2017, 105.40 ,0.00
9/5/2017, 105.41 ,0.01
9/6/2017, 105.40 ,-0.01
9/7/2017, 105.41 ,0.01
9/8/2017, 105.41 ,0.00
9/9/2017, 105.41 ,0.00
9/10/2017, 105.41 ,0.00
9/11/2017, 105.40 ,-0.01
9/12/2017, 105.41 ,0.01
9/13/2017, 105.41 ,0.00
9/14/2017, 105.41 ,0.00
9/15/2017, 105.41 ,0.00
9/16/2017, 105.41 ,0.00
9/17/2017, 105.41 ,0.00
9/18/2017, 105.41 ,0.00
9/19/2017, 105.41 ,0.00
9/20/2017, 105.41 ,0.00
9/21/2017, 105.41 ,0.00
9/22/2017, 105.42 ,0.01
9/23/2017, 105.42 ,0.00
9/24/2017, 105.42 ,0.00
9/25/2017, 105.42 ,0.00
9/26/2017, 105.43 ,0.01
9/27/2017, 105.43 ,0.00
9/28/2017, 105.42 ,-0.01
9/29/2017, 105.41 ,-0.01
9/30/2017, 105.41 ,0.00
10/1/2017, 105.41 ,0.00
10/2/2017, 105.43 ,0.02
10/3/2017, 105.42 ,-0.01
10/4/2017, 105.41 ,-0.01
10/5/2017, 105.41 ,0.00
10/6/2017, 105.42 ,0.01
10/7/2017, 105.42 ,0.00
10/8/2017, 105.42 ,0.00
10/9/2017, 105.43 ,0.01
10/10/2017, 105.44 ,0.01
10/11/2017, 105.42 ,-0.02
10/12/2017, 105.39 ,-0.03
10/13/2017, 105.35 ,-0.04
10/14/2017, 105.35 ,0.00
10/15/2017, 105.35 ,0.00
10/16/2017, 105.40 ,0.05
10/17/2017, 105.41 ,0.01
10/18/2017, 105.41 ,0.00
10/19/2017, 105.42 ,0.01
10/20/2017, 105.43 ,0.01
10/21/2017, 105.43 ,0.00
10/22/2017, 105.43 ,0.00
10/23/2017, 105.44 ,0.01
10/24/2017, 105.45 ,0.01
10/25/2017, 105.45 ,0.00
10/26/2017, 105.44 ,-0.01
10/27/2017, 105.41 ,-0.03
10/28/2017, 105.41 ,0.00
10/29/2017, 105.41 ,0.00
10/30/2017, 105.42 ,0.01
10/31/2017, 105.36 ,-0.06
11/1/2017, 105.38 ,0.02
11/2/2017, 105.38 ,0.00
11/3/2017, 105.40 ,0.02
11/4/2017, 105.40 ,0.00
11/5/2017, 105.40 ,0.00
11/6/2017, 105.44 ,0.04
11/7/2017, 105.44 ,0.00
11/8/2017, 105.44 ,0.00
11/9/2017, 105.44 ,0.00
11/10/2017, 105.41 ,-0.03
11/11/2017, 105.41 ,0.00
11/12/2017, 105.41 ,0.00
11/13/2017, 105.44 ,0.03
11/14/2017, 105.45 ,0.01
11/15/2017, 105.45 ,0.00
11/16/2017, 105.46 ,0.01
11/17/2017, 105.45 ,-0.01
11/18/2017, 105.45 ,0.00
11/19/2017, 105.45 ,0.00
11/20/2017, 105.47 ,0.02
11/21/2017, 105.48 ,0.01
11/22/2017, 105.49 ,0.01
11/23/2017, 105.50 ,0.01
11/24/2017, 105.51 ,0.01
11/25/2017, 105.51 ,0.00
11/26/2017, 105.51 ,0.00
11/27/2017, 105.52 ,0.01
11/28/2017, 105.50 ,-0.02
11/29/2017, 105.48 ,-0.02
11/30/2017, 105.51 ,0.03
12/1/2017, 105.51 ,0.00
12/2/2017, 105.51 ,0.00
12/3/2017, 105.51 ,0.00
12/4/2017, 105.51 ,0.00
12/5/2017, 105.53 ,0.02
12/6/2017, 105.55 ,0.02
12/7/2017, 105.54 ,-0.01
12/8/2017, 107.00 ,1.46
12/9/2017, 107.00 ,0.00
12/10/2017, 107.00 ,0.00
12/11/2017, 108.42 ,1.42
12/12/2017, 110.64 ,2.22
12/13/2017, 110.52 ,-0.12
12/14/2017, 110.09 ,-0.43
12/15/2017, 110.44 ,0.35
12/16/2017, 110.44 ,0.00
12/17/2017, 110.44 ,0.00
12/18/2017, 110.49 ,0.05
12/19/2017, 110.53 ,0.04
12/20/2017, 110.51 ,-0.02
12/21/2017, 110.50 ,-0.01
12/22/2017, 110.41 ,-0.09
12/23/2017, 110.41 ,0.00
12/24/2017, 110.41 ,0.00
12/25/2017, 110.41 ,0.00
12/26/2017, 110.50 ,0.09
12/27/2017, 110.49 ,-0.01
12/28/2017, 110.53 ,0.04
12/29/2017, 110.42 ,-0.11
12/30/2017, 110.42 ,0.00
12/31/2017, 110.42 ,0.00
1/1/2018, 110.42 ,0.00
1/2/2018, 110.52 ,0.10
1/3/2018, 110.53 ,0.01
1/4/2018, 110.54 ,0.01
1/5/2018, 110.54 ,0.00
1/6/2018, 110.54 ,0.00
1/7/2018, 110.54 ,0.00
1/8/2018, 110.54 ,0.00
1/9/2018, 110.55 ,0.01
1/10/2018, 110.55 ,0.00
1/11/2018, 110.55 ,0.00
1/12/2018, 110.55 ,0.00
1/13/2018, 110.55 ,0.00
1/14/2018, 110.55 ,0.00
1/15/2018, 110.55 ,0.00
1/16/2018, 110.55 ,0.00
1/17/2018, 110.55 ,0.00
1/18/2018, 110.55 ,0.00
1/19/2018, 110.54 ,-0.01
1/20/2018, 110.54 ,0.00
1/21/2018, 110.54 ,0.00
1/22/2018, 110.55 ,0.01
1/23/2018, 110.55 ,0.00
1/24/2018, 110.55 ,0.00
1/25/2018, 110.55 ,0.00
1/26/2018, 110.55 ,0.00
1/27/2018, 110.55 ,0.00
1/28/2018, 110.55 ,0.00
1/29/2018, 110.55 ,0.00
1/30/2018, 110.55 ,0.00
1/31/2018, 110.55 ,0.00
2/1/2018, 110.55 ,0.00
2/2/2018, 110.56 ,0.01
2/3/2018, 110.56 ,0.00
2/4/2018, 110.56 ,0.00
2/5/2018, 110.56 ,0.00
2/6/2018, 110.55 ,-0.01
2/7/2018, 110.55 ,0.00
2/8/2018, 110.55 ,0.00
2/9/2018, 110.55 ,0.00
2/10/2018, 110.55 ,0.00
2/11/2018, 110.55 ,0.00
2/12/2018, 110.56 ,0.01
2/13/2018, 110.56 ,0.00
2/14/2018, 110.55 ,-0.01
2/15/2018, 110.54 ,-0.01
2/16/2018, 110.56 ,0.02
2/17/2018, 110.56 ,0.00
2/18/2018, 110.56 ,0.00
2/19/2018, 110.57 ,0.01
2/20/2018, 110.58 ,0.01
2/21/2018, 110.58 ,0.00
2/22/2018, 110.58 ,0.00
2/23/2018, 110.58 ,0.00
2/24/2018, 110.58 ,0.00
2/25/2018, 110.58 ,0.00
2/26/2018, 110.59 ,0.01
2/27/2018, 110.58 ,-0.01
2/28/2018, 110.58 ,0.00
3/1/2018, 110.58 ,0.00
3/2/2018, 110.57 ,-0.01
3/3/2018, 110.57 ,0.00
3/4/2018, 110.57 ,0.00
3/5/2018, 110.58 ,0.01
3/6/2018, 110.58 ,0.00
3/7/2018, 110.58 ,0.00
3/8/2018, 110.57 ,-0.01
3/9/2018, 110.56 ,-0.01
3/10/2018, 110.56 ,0.00
3/11/2018, 110.56 ,0.00
3/12/2018, 110.57 ,0.01
3/13/2018, 110.58 ,0.01
3/14/2018, 110.58 ,0.00
3/15/2018, 110.57 ,-0.01
3/16/2018, 110.58 ,0.01
3/17/2018, 110.58 ,0.00
3/18/2018, 110.58 ,0.00
3/19/2018, 110.58 ,0.00
3/20/2018, 115.01 ,4.43
3/21/2018, 115.14 ,0.13
3/22/2018, 115.40 ,0.26
3/23/2018, 115.40 ,0.00
3/24/2018, 115.40 ,0.00
3/25/2018, 115.40 ,0.00
3/26/2018, 115.48 ,0.08
3/27/2018, 115.50 ,0.02
3/28/2018, 115.50 ,0.00
3/29/2018, 115.50 ,0.00
3/30/2018, 115.50 ,0.00
3/31/2018, 115.50 ,0.00
4/1/2018, 115.50 ,0.00
4/2/2018, 115.51 ,0.01
4/3/2018, 115.60 ,0.09
4/4/2018, 115.61 ,0.01
4/5/2018, 115.61 ,0.00
4/6/2018, 115.59 ,-0.02
4/7/2018, 115.59 ,0.00
4/8/2018, 115.59 ,0.00
4/9/2018, 115.61 ,0.02
4/10/2018, 115.61 ,0.00
4/11/2018, 115.61 ,0.00
4/12/2018, 115.61 ,0.00
4/13/2018, 115.61 ,0.00
4/14/2018, 115.61 ,0.00
4/15/2018, 115.61 ,0.00
4/16/2018, 115.61 ,0.00
4/17/2018, 115.61 ,0.00
4/18/2018, 115.62 ,0.01
4/19/2018, 115.62 ,0.00
4/20/2018, 115.62 ,0.00
4/21/2018, 115.62 ,0.00
4/22/2018, 115.62 ,0.00
4/23/2018, 115.62 ,0.00
4/24/2018, 115.62 ,0.00
4/25/2018, 115.62 ,0.00
4/26/2018, 115.62 ,0.00
4/27/2018, 115.62 ,0.00
4/28/2018, 115.62 ,0.00
4/29/2018, 115.62 ,0.00
4/30/2018, 115.62 ,0.00
5/1/2018, 115.62 ,0.00
5/2/2018, 115.62 ,0.00
5/3/2018, 115.61 ,-0.01
5/4/2018, 115.62 ,0.01
5/5/2018, 115.62 ,0.00
5/6/2018, 115.62 ,0.00
5/7/2018, 115.62 ,0.00
5/8/2018, 115.62 ,0.00
5/9/2018, 115.62 ,0.00
5/10/2018, 115.62 ,0.00
5/11/2018, 115.62 ,0.00
5/12/2018, 115.62 ,0.00
5/13/2018, 115.62 ,0.00
5/14/2018, 115.62 ,0.00
5/15/2018, 115.62 ,0.00
5/16/2018, 115.62 ,0.00
5/17/2018, 115.62 ,0.00
5/18/2018, 115.59 ,-0.03
5/19/2018, 115.59 ,0.00
5/20/2018, 115.59 ,0.00
5/21/2018, 115.62 ,0.03
5/22/2018, 115.62 ,0.00
5/23/2018, 115.62 ,0.00
5/24/2018, 115.62 ,0.00
5/25/2018, 115.62 ,0.00
5/26/2018, 115.62 ,0.00
5/27/2018, 115.62 ,0.00
5/28/2018, 115.64 ,0.02
5/29/2018, 115.62 ,-0.02
5/30/2018, 115.62 ,0.00
5/31/2018, 115.60 ,-0.02
6/1/2018, 115.62 ,0.02
6/2/2018, 115.62 ,0.00
6/3/2018, 115.62 ,0.00
6/4/2018, 115.62 ,0.00
6/5/2018, 115.62 ,0.00
6/6/2018, 115.62 ,0.00
6/7/2018, 115.61 ,-0.01
6/8/2018, 115.62 ,0.01
6/9/2018, 115.62 ,0.00
6/10/2018, 115.62 ,0.00
6/11/2018, 119.84 ,4.22
6/12/2018, 120.00 ,0.16
6/13/2018, 120.39 ,0.39
6/14/2018, 121.39 ,1.00
6/15/2018, 121.39 ,0.00
6/16/2018, 121.39 ,0.00
6/17/2018, 121.39 ,0.00
6/18/2018, 121.39 ,0.00
6/19/2018, 121.73 ,0.34
6/20/2018, 121.47 ,-0.26
6/21/2018, 121.47 ,0.00
6/22/2018, 121.51 ,0.04
6/23/2018, 121.51 ,0.00
6/24/2018, 121.51 ,0.00
6/25/2018, 121.51 ,0.00
6/26/2018, 121.54 ,0.03
6/27/2018, 121.54 ,0.00
6/28/2018, 121.55 ,0.01
6/29/2018, 121.50 ,-0.05
6/30/2018, 121.50 ,0.00
7/1/2018, 121.50 ,0.00
7/2/2018, 121.50 ,0.00
7/3/2018, 121.54 ,0.04
7/4/2018, 121.55 ,0.01
7/5/2018, 121.55 ,0.00
7/6/2018, 121.55 ,0.00
7/7/2018, 121.55 ,0.00
7/8/2018, 121.55 ,0.00
7/9/2018, 121.54 ,-0.01
7/10/2018, 121.55 ,0.01
7/11/2018, 121.55 ,0.00
7/12/2018, 121.55 ,0.00
7/13/2018, 121.55 ,0.00
7/14/2018, 121.55 ,0.00
7/15/2018, 121.55 ,0.00
7/16/2018, 128.00 ,6.45
7/17/2018, 128.27 ,0.27
7/18/2018, 128.48 ,0.21
7/19/2018, 128.48 ,0.00
7/20/2018, 128.50 ,0.02
7/21/2018, 128.50 ,0.00
7/22/2018, 128.50 ,0.00
7/23/2018, 128.50 ,0.00
7/24/2018, 128.32 ,-0.18
7/25/2018, 128.32 ,0.00
7/26/2018, 128.17 ,-0.15
7/27/2018, 127.86 ,-0.31
7/28/2018, 127.86 ,0.00
7/29/2018, 127.86 ,0.00
7/30/2018, 125.04 ,-2.82
7/31/2018, 124.19 ,-0.85
8/1/2018, 123.92 ,-0.27
8/2/2018, 124.06 ,0.14
8/3/2018, 124.05 ,-0.01
8/4/2018, 124.05 ,0.00
8/5/2018, 124.05 ,0.00
8/6/2018, 124.22 ,0.17
8/7/2018, 124.24 ,0.02
8/8/2018, 124.23 ,-0.01
8/9/2018, 123.96 ,-0.27
8/10/2018, 123.92 ,-0.04
8/11/2018, 123.92 ,0.00
8/12/2018, 123.92 ,0.00
8/13/2018, 123.93 ,0.01
8/14/2018, 123.93 ,0.00
8/15/2018, 123.72 ,-0.21
8/16/2018, 123.54 ,-0.18
8/17/2018, 124.05 ,0.51
8/18/2018, 124.05 ,0.00
8/19/2018, 124.05 ,0.00
8/20/2018, 124.24 ,0.19
8/21/2018, 124.24 ,0.00
8/22/2018, 124.24 ,0.00
8/23/2018, 124.24 ,0.00
8/24/2018, 124.24 ,0.00
8/25/2018, 124.24 ,0.00
8/26/2018, 124.24 ,0.00
8/27/2018, 124.25 ,0.01
8/28/2018, 124.25 ,0.00
8/29/2018, 124.20 ,-0.05
8/30/2018, 124.24 ,0.04
8/31/2018, 124.24 ,0.00
9/1/2018, 124.24 ,0.00
9/2/2018, 124.24 ,0.00
9/3/2018, 124.19 ,-0.05
9/4/2018, 124.25 ,0.06
9/5/2018, 124.25 ,0.00
9/6/2018, 124.24 ,-0.01
9/7/2018, 124.25 ,0.01
9/8/2018, 124.25 ,0.00
9/9/2018, 124.25 ,0.00
9/10/2018, 124.25 ,0.00
9/11/2018, 124.25 ,0.00
9/12/2018, 124.25 ,0.00
9/13/2018, 124.25 ,0.00
9/14/2018, 124.25 ,0.00
9/15/2018, 124.25 ,0.00
9/16/2018, 124.25 ,0.00
9/17/2018, 124.25 ,0.00
9/18/2018, 124.25 ,0.00
9/19/2018, 124.25 ,0.00
9/20/2018, 124.25 ,0.00
9/21/2018, 124.25 ,0.00
9/22/2018, 124.25 ,0.00
9/23/2018, 124.25 ,0.00
9/24/2018, 124.25 ,0.00
9/25/2018, 124.25 ,0.00
9/26/2018, 124.25 ,0.00
9/27/2018, 124.25 ,0.00
9/28/2018, 124.25 ,0.00
9/29/2018, 124.25 ,0.00
9/30/2018, 124.25 ,0.00
10/1/2018, 124.25 ,0.00
10/2/2018, 124.25 ,0.00
10/3/2018, 124.25 ,0.00
10/4/2018, 124.25 ,0.00
10/5/2018, 124.25 ,0.00
10/6/2018, 124.25 ,0.00
10/7/2018, 124.25 ,0.00
10/8/2018, 124.27 ,0.02
10/9/2018, 133.64 ,9.37
10/10/2018, 133.76 ,0.12
10/11/2018, 133.81 ,0.05
10/12/2018, 131.93 ,-1.88
10/13/2018, 131.93 ,0.00
10/14/2018, 131.93 ,0.00
10/15/2018, 133.25 ,1.32
10/16/2018, 133.86 ,0.61
10/17/2018, 133.77 ,-0.09
10/18/2018, 133.66 ,-0.11
10/19/2018, 133.72 ,0.06
10/20/2018, 133.72 ,0.00
10/21/2018, 133.72 ,0.00
10/22/2018, 133.89 ,0.17
10/23/2018, 133.92 ,0.03
10/24/2018, 132.03 ,-1.89
10/25/2018, 132.23 ,0.20
10/26/2018, 132.46 ,0.23
10/27/2018, 132.46 ,0.00
10/28/2018, 132.46 ,0.00
10/29/2018, 132.61 ,0.15
10/30/2018, 132.62 ,0.01
10/31/2018, 132.49 ,-0.13
11/1/2018, 132.47 ,-0.02
11/2/2018, 132.55 ,0.08
11/3/2018, 132.55 ,0.00
11/4/2018, 132.55 ,0.00
11/5/2018, 132.48 ,-0.07
11/6/2018, 132.67 ,0.19
11/7/2018, 132.68 ,0.01
11/8/2018, 133.02 ,0.34
11/9/2018, 133.85 ,0.83
11/10/2018, 133.85 ,0.00
11/11/2018, 133.85 ,0.00
11/12/2018, 133.96 ,0.11
11/13/2018, 133.99 ,0.03
11/14/2018, 133.98 ,-0.01
11/15/2018, 133.98 ,0.00
11/16/2018, 133.99 ,0.01
11/17/2018, 133.99 ,0.00
11/18/2018, 133.99 ,0.00
11/19/2018, 134.00 ,0.01
11/20/2018, 133.99 ,-0.01
11/21/2018, 133.99 ,0.00
11/22/2018, 134.00 ,0.01
11/23/2018, 134.00 ,0.00
11/24/2018, 134.00 ,0.00
11/25/2018, 134.00 ,0.00
11/26/2018, 134.04 ,0.04
11/27/2018, 134.04 ,0.00
11/28/2018, 133.99 ,-0.05
11/29/2018, 133.99 ,0.00
11/30/2018, 139.06 ,5.07
12/1/2018, 139.06 ,0.00
12/2/2018, 139.06 ,0.00
12/3/2018, 137.85 ,-1.21
12/4/2018, 137.79 ,-0.06
12/5/2018, 138.60 ,0.81
12/6/2018, 138.74 ,0.14
12/7/2018, 138.89 ,0.15
12/8/2018, 138.89 ,0.00
12/9/2018, 138.89 ,0.00
12/10/2018, 138.89 ,0.00
12/11/2018, 138.89 ,0.00
12/12/2018, 138.91 ,0.02
12/13/2018, 138.91 ,0.00
12/14/2018, 138.89 ,-0.02
12/15/2018, 138.89 ,0.00
12/16/2018, 138.89 ,0.00
12/17/2018, 138.93 ,0.04
12/18/2018, 138.93 ,0.00
12/19/2018, 138.94 ,0.01
12/20/2018, 138.95 ,0.01
12/21/2018, 138.94 ,-0.01
12/22/2018, 138.94 ,0.00
12/23/2018, 138.94 ,0.00
12/24/2018, 138.93 ,-0.01
12/25/2018, 138.93 ,0.00
12/26/2018, 138.92 ,-0.01
12/27/2018, 138.92 ,0.00
12/28/2018, 138.92 ,0.00
12/29/2018, 138.92 ,0.00
12/30/2018, 138.92 ,0.00
12/31/2018, 138.86 ,-0.06
1/1/2019, 138.86 ,0.00
1/2/2019, 138.90 ,0.04
1/3/2019, 138.92 ,0.02
1/4/2019, 138.86 ,-0.06
1/5/2019, 138.86 ,0.00
1/6/2019, 138.86 ,0.00
1/7/2019, 138.93 ,0.07
1/8/2019, 138.88 ,-0.05
1/9/2019, 138.91 ,0.03
1/10/2019, 138.86 ,-0.05
1/11/2019, 138.85 ,-0.01
1/12/2019, 138.85 ,0.00
1/13/2019, 138.85 ,0.00
1/14/2019, 138.94 ,0.09
1/15/2019, 138.90 ,-0.04
1/16/2019, 138.91 ,0.01
1/17/2019, 138.89 ,-0.02
1/18/2019, 138.84 ,-0.05
1/19/2019, 138.84 ,0.00
1/20/2019, 138.84 ,0.00
1/21/2019, 138.83 ,-0.01
1/22/2019, 138.93 ,0.10
1/23/2019, 138.93 ,0.00
1/24/2019, 138.89 ,-0.04
1/25/2019, 138.78 ,-0.11
1/26/2019, 138.78 ,0.00
1/27/2019, 138.78 ,0.00
1/28/2019, 138.75 ,-0.03
1/29/2019, 138.65 ,-0.10
1/30/2019, 138.58 ,-0.07
1/31/2019, 138.23 ,-0.35
2/1/2019, 138.24 ,0.01
2/2/2019, 138.24 ,0.00
2/3/2019, 138.24 ,0.00
2/4/2019, 138.28 ,0.04
2/5/2019, 138.28 ,0.00
2/6/2019, 138.22 ,-0.06
2/7/2019, 138.24 ,0.02
2/8/2019, 138.40 ,0.16
2/9/2019, 138.40 ,0.00
2/10/2019, 138.40 ,0.00
2/11/2019, 138.94 ,0.54
2/12/2019, 138.92 ,-0.02
2/13/2019, 138.94 ,0.02
2/14/2019, 138.93 ,-0.01
2/15/2019, 138.83 ,-0.10
2/16/2019, 138.83 ,0.00
2/17/2019, 138.83 ,0.00
2/18/2019, 138.72 ,-0.11
2/19/2019, 138.92 ,0.20
2/20/2019, 138.90 ,-0.02
2/21/2019, 138.63 ,-0.27
2/22/2019, 138.55 ,-0.08
2/23/2019, 138.55 ,0.00
2/24/2019, 138.55 ,0.00
2/25/2019, 138.58 ,0.03
2/26/2019, 138.88 ,0.30
2/27/2019, 139.26 ,0.38
2/28/2019, 138.82 ,-0.44
3/1/2019, 138.53 ,-0.29
3/2/2019, 138.53 ,0.00
3/3/2019, 138.53 ,0.00
3/4/2019, 138.68 ,0.15
3/5/2019, 138.73 ,0.05
3/6/2019, 138.84 ,0.11
3/7/2019, 138.64 ,-0.20
3/8/2019, 138.55 ,-0.09
3/9/2019, 138.55 ,0.00
3/10/2019, 138.55 ,0.00
3/11/2019, 138.81 ,0.26
3/12/2019, 138.82 ,0.01
3/13/2019, 138.81 ,-0.01
3/14/2019, 139.19 ,0.38
3/15/2019, 139.28 ,0.09
3/16/2019, 139.28 ,0.00
3/17/2019, 139.28 ,0.00
3/18/2019, 139.39 ,0.11
3/19/2019, 139.39 ,0.00
3/20/2019, 139.44 ,0.05
3/21/2019, 139.49 ,0.05
3/22/2019, 140.24 ,0.75
3/23/2019, 140.24 ,0.00
3/24/2019, 140.24 ,0.00
3/25/2019, 140.29 ,0.05
3/26/2019, 140.27 ,-0.02
3/27/2019, 140.28 ,0.01
3/28/2019, 140.29 ,0.01
3/29/2019, 140.78 ,0.49
3/30/2019, 140.78 ,0.00
3/31/2019, 140.78 ,0.00
4/1/2019, 140.89 ,0.11
4/2/2019, 141.10 ,0.21
4/3/2019, 141.40 ,0.30
4/4/2019, 141.40 ,0.00
4/5/2019, 141.30 ,-0.10
4/6/2019, 141.30 ,0.00
4/7/2019, 141.30 ,0.00
4/8/2019, 141.39 ,0.09
4/9/2019, 141.38 ,-0.01
4/10/2019, 141.38 ,0.00
4/11/2019, 141.39 ,0.01
4/12/2019, 141.39 ,0.00
4/13/2019, 141.39 ,0.00
4/14/2019, 141.39 ,0.00
4/15/2019, 141.40 ,0.01
4/16/2019, 141.40 ,0.00
4/17/2019, 141.40 ,0.00
4/18/2019, 141.40 ,0.00
4/19/2019, 141.40 ,0.00
4/20/2019, 141.40 ,0.00
4/21/2019, 141.40 ,0.00
4/22/2019, 141.40 ,0.00
4/23/2019, 141.40 ,0.00
4/24/2019, 141.40 ,0.00
4/25/2019, 141.40 ,0.00
4/26/2019, 141.40 ,0.00
4/27/2019, 141.40 ,0.00
4/28/2019, 141.40 ,0.00
4/29/2019, 141.40 ,0.00
4/30/2019, 141.39 ,-0.01
5/1/2019, 141.39 ,0.00
5/2/2019, 141.29 ,-0.10
5/3/2019, 141.32 ,0.03
5/4/2019, 141.32 ,0.00
5/5/2019, 141.32 ,0.00
5/6/2019, 141.29 ,-0.03
5/7/2019, 141.29 ,0.00
5/8/2019, 141.12 ,-0.17
5/9/2019, 141.39 ,0.27
5/10/2019, 141.39 ,0.00
5/11/2019, 141.39 ,0.00
5/12/2019, 141.39 ,0.00
5/13/2019, 141.39 ,0.00
5/14/2019, 141.40 ,0.01
5/15/2019, 141.40 ,0.00
5/16/2019, 146.52 ,5.12
5/17/2019, 147.88 ,1.36
5/18/2019, 147.88 ,0.00
5/19/2019, 147.88 ,0.00
5/20/2019, 149.65 ,1.77
5/21/2019, 151.92 ,2.27
5/22/2019, 151.95 ,0.03
5/23/2019, 151.45 ,-0.50
5/24/2019, 150.92 ,-0.53
5/25/2019, 150.92 ,0.00
5/26/2019, 150.92 ,0.00
5/27/2019, 149.75 ,-1.17
5/28/2019, 150.23 ,0.48
5/29/2019, 149.64 ,-0.59
5/30/2019, 148.21 ,-1.43
5/31/2019, 147.93 ,-0.28
6/1/2019, 147.93 ,0.00
6/2/2019, 147.93 ,0.00
6/3/2019, 148.60 ,0.67
6/4/2019, 148.60 ,0.00
6/5/2019, 148.60 ,0.00
6/6/2019, 148.60 ,0.00
6/7/2019, 148.60 ,0.00
6/8/2019, 148.60 ,0.00
6/9/2019, 148.60 ,0.00
6/10/2019, 150.10 ,1.50
6/11/2019, 151.47 ,1.37
6/12/2019, 151.57 ,0.10
6/13/2019, 152.90 ,1.33
6/14/2019, 155.85 ,2.95
6/15/2019, 155.85 ,0.00
6/16/2019, 155.85 ,0.00
6/17/2019, 156.96 ,1.11
6/18/2019, 156.81 ,-0.15
6/19/2019, 156.97 ,0.16
6/20/2019, 156.96 ,-0.01
6/21/2019, 156.83 ,-0.13
6/22/2019, 156.83 ,0.00
6/23/2019, 156.83 ,0.00
6/24/2019, 156.99 ,0.16
6/25/2019, 156.99 ,0.00
6/26/2019, 162.17 ,5.18
6/27/2019, 164.06 ,1.89
6/28/2019, 160.05 ,-4.01
6/29/2019, 160.05 ,0.00
6/30/2019, 160.05 ,0.00
7/1/2019, 160.05 ,0.00
7/2/2019, 158.06 ,-1.99
7/3/2019, 157.61 ,-0.45
7/4/2019, 156.57 ,-1.04
7/5/2019, 156.93 ,0.36
7/6/2019, 156.93 ,0.00
7/7/2019, 156.93 ,0.00
7/8/2019, 157.32 ,0.39
7/9/2019, 157.38 ,0.06
7/10/2019, 157.88 ,0.50
7/11/2019, 158.49 ,0.61
7/12/2019, 158.79 ,0.30
7/13/2019, 158.79 ,0.00
7/14/2019, 158.79 ,0.00
7/15/2019, 159.86 ,1.07
7/16/2019, 160.06 ,0.20
7/17/2019, 159.82 ,-0.24
7/18/2019, 160.03 ,0.21
7/19/2019, 160.19 ,0.16
7/20/2019, 160.19 ,0.00
7/21/2019, 160.19 ,0.00
7/22/2019, 160.53 ,0.34
7/23/2019, 160.59 ,0.06
7/24/2019, 160.78 ,0.19
7/25/2019, 160.45 ,-0.33
7/26/2019, 160.59 ,0.14
7/27/2019, 160.59 ,0.00
7/28/2019, 160.59 ,0.00
7/29/2019, 160.45 ,-0.14
7/30/2019, 160.05 ,-0.40
7/31/2019, 159.60 ,-0.45
8/1/2019, 159.42 ,-0.18
8/2/2019, 159.12 ,-0.30
8/3/2019, 159.12 ,0.00
8/4/2019, 159.12 ,0.00
8/5/2019, 158.94 ,-0.18
8/6/2019, 158.65 ,-0.29
8/7/2019, 158.25 ,-0.40
8/8/2019, 158.26 ,0.01
8/9/2019, 158.45 ,0.19
8/10/2019, 158.45 ,0.00
8/11/2019, 158.45 ,0.00
8/12/2019, 158.45 ,0.00
8/13/2019, 158.45 ,0.00
8/14/2019, 158.45 ,0.00
8/15/2019, 158.45 ,0.00
8/16/2019, 158.96 ,0.51
8/17/2019, 158.96 ,0.00
8/18/2019, 158.96 ,0.00
8/19/2019, 158.62 ,-0.34
8/20/2019, 158.59 ,-0.03
8/21/2019, 158.58 ,-0.01
8/22/2019, 158.23 ,-0.35
8/23/2019, 157.52 ,-0.71
8/24/2019, 157.52 ,0.00
8/25/2019, 157.52 ,0.00
8/26/2019, 157.36 ,-0.16
8/27/2019, 157.26 ,-0.10
8/28/2019, 157.29 ,0.03
8/29/2019, 157.22 ,-0.07
8/30/2019, 156.86 ,-0.36
8/31/2019, 156.86 ,0.00
9/1/2019, 156.86 ,0.00
9/2/2019, 156.63 ,-0.23
9/3/2019, 156.63 ,0.00
9/4/2019, 156.23 ,-0.40
9/5/2019, 156.23 ,0.00
9/6/2019, 156.32 ,0.09
9/7/2019, 156.32 ,0.00
9/8/2019, 156.32 ,0.00
9/9/2019, 156.32 ,0.00
9/10/2019, 156.32 ,0.00
9/11/2019, 156.31 ,-0.01
9/12/2019, 156.18 ,-0.13
9/13/2019, 156.19 ,0.01
9/14/2019, 156.19 ,0.00
9/15/2019, 156.19 ,0.00
9/16/2019, 156.24 ,0.05
9/17/2019, 156.32 ,0.08
9/18/2019, 156.25 ,-0.07
9/19/2019, 156.24 ,-0.01
9/20/2019, 156.08 ,-0.16
9/21/2019, 156.08 ,0.00
9/22/2019, 156.08 ,0.00
9/23/2019, 156.17 ,0.09
9/24/2019, 156.17 ,0.00
9/25/2019, 156.17 ,0.00
9/26/2019, 156.19 ,0.02
9/27/2019, 156.17 ,-0.02
9/28/2019, 156.17 ,0.00
9/29/2019, 156.17 ,0.00
9/30/2019, 156.37 ,0.20
10/1/2019, 156.36 ,-0.01
10/2/2019, 156.35 ,-0.01
10/3/2019, 156.36 ,0.01
10/4/2019, 156.53 ,0.17
10/5/2019, 156.53 ,0.00
10/6/2019, 156.53 ,0.00
10/7/2019, 156.41 ,-0.12
10/8/2019, 156.45 ,0.04
10/9/2019, 156.32 ,-0.13
10/10/2019, 156.17 ,-0.15
10/11/2019, 156.07 ,-0.10
10/12/2019, 156.07 ,0.00
10/13/2019, 156.07 ,0.00
10/14/2019, 156.08 ,0.01
10/15/2019, 156.06 ,-0.02
10/16/2019, 156.01 ,-0.05
10/17/2019, 155.89 ,-0.12
10/18/2019, 155.91 ,0.02
10/19/2019, 155.91 ,0.00
10/20/2019, 155.91 ,0.00
10/21/2019, 155.91 ,0.00
10/22/2019, 155.88 ,-0.03
10/23/2019, 155.89 ,0.01
10/24/2019, 155.89 ,0.00
10/25/2019, 155.88 ,-0.01
10/26/2019, 155.88 ,0.00
10/27/2019, 155.88 ,0.00
10/28/2019, 155.84 ,-0.04
10/29/2019, 155.78 ,-0.06
10/30/2019, 155.73 ,-0.05
10/31/2019, 155.67 ,-0.06
11/1/2019, 155.65 ,-0.02
11/2/2019, 155.65 ,0.00
11/3/2019, 155.65 ,0.00
11/4/2019, 155.65 ,0.00
11/5/2019, 155.64 ,-0.01
11/6/2019, 155.59 ,-0.05
11/7/2019, 155.55 ,-0.04
11/8/2019, 155.47 ,-0.08
11/9/2019, 155.47 ,0.00
11/10/2019, 155.47 ,0.00
11/11/2019, 155.44 ,-0.03
11/12/2019, 155.44 ,0.00
11/13/2019, 155.40 ,-0.04
11/14/2019, 155.42 ,0.02
11/15/2019, 155.39 ,-0.03
11/16/2019, 155.39 ,0.00
11/17/2019, 155.39 ,0.00
11/18/2019, 155.35 ,-0.04
11/19/2019, 155.36 ,0.01
11/20/2019, 155.37 ,0.01
11/21/2019, 155.34 ,-0.03
11/22/2019, 155.29 ,-0.05
11/23/2019, 155.29 ,0.00
11/24/2019, 155.29 ,0.00
11/25/2019, 155.31 ,0.02
11/26/2019, 155.34 ,0.03
11/27/2019, 155.33 ,-0.01
11/28/2019, 155.33 ,0.00
11/29/2019, 155.24 ,-0.09
11/30/2019, 155.24 ,0.00
12/1/2019, 155.24 ,0.00
12/2/2019, 155.29 ,0.05
12/3/2019, 155.19 ,-0.10
12/4/2019, 155.14 ,-0.05
12/5/2019, 155.10 ,-0.04
12/6/2019, 155.07 ,-0.03
12/7/2019, 155.07 ,0.00
12/8/2019, 155.07 ,0.00
12/9/2019, 154.97 ,-0.10
12/10/2019, 154.98 ,0.01
12/11/2019, 154.98 ,0.00
12/12/2019, 154.99 ,0.01
12/13/2019, 154.96 ,-0.03
12/14/2019, 154.96 ,0.00
12/15/2019, 154.96 ,0.00
12/16/2019, 155.01 ,0.05
12/17/2019, 154.95 ,-0.06
12/18/2019, 154.95 ,0.00
12/19/2019, 154.90 ,-0.05
12/20/2019, 154.90 ,0.00
12/21/2019, 154.90 ,0.00
12/22/2019, 154.90 ,0.00
12/23/2019, 154.91 ,0.01
12/24/2019, 154.90 ,-0.01
12/25/2019, 154.90 ,0.00
12/26/2019, 155.07 ,0.17
12/27/2019, 155.03 ,-0.04
12/28/2019, 155.03 ,0.00
12/29/2019, 155.03 ,0.00
12/30/2019, 154.94 ,-0.09
12/31/2019, 154.85 ,-0.09
1/1/2020, 154.85 ,0.00
1/2/2020, 154.88 ,0.03
1/3/2020, 154.90 ,0.02
1/4/2020, 154.90 ,0.00
1/5/2020, 154.90 ,0.00
1/6/2020, 154.96 ,0.06
1/7/2020, 155.01 ,0.05
1/8/2020, 155.01 ,0.00
1/9/2020, 154.89 ,-0.12
1/10/2020, 154.83 ,-0.06
1/11/2020, 154.83 ,0.00
1/12/2020, 154.83 ,0.00
1/13/2020, 154.85 ,0.02
1/14/2020, 154.85 ,0.00
1/15/2020, 154.78 ,-0.07
1/16/2020, 154.66 ,-0.12
1/17/2020, 154.57 ,-0.09
1/18/2020, 154.57 ,0.00
1/19/2020, 154.57 ,0.00
1/20/2020, 154.60 ,0.03
1/21/2020, 154.61 ,0.01
1/22/2020, 154.53 ,-0.08
1/23/2020, 154.61 ,0.08
1/24/2020, 154.57 ,-0.04
1/25/2020, 154.57 ,0.00
1/26/2020, 154.57 ,0.00
1/27/2020, 154.57 ,0.00
1/28/2020, 154.57 ,0.00
1/29/2020, 154.56 ,-0.01
1/30/2020, 154.47 ,-0.09
1/31/2020, 154.49 ,0.02
2/1/2020, 154.49 ,0.00
2/2/2020, 154.49 ,0.00
2/3/2020, 154.51 ,0.02
2/4/2020, 154.41 ,-0.10
2/5/2020, 154.41 ,0.00
2/6/2020, 154.49 ,0.08
2/7/2020, 154.41 ,-0.08
2/8/2020, 154.41 ,0.00
2/9/2020, 154.41 ,0.00
2/10/2020, 154.43 ,0.02
2/11/2020, 154.42 ,-0.01
2/12/2020, 154.36 ,-0.06
2/13/2020, 154.38 ,0.02
2/14/2020, 154.38 ,0.00
2/15/2020, 154.38 ,0.00
2/16/2020, 154.38 ,0.00
2/17/2020, 154.28 ,-0.10
2/18/2020, 154.23 ,-0.05
2/19/2020, 154.26 ,0.03
2/20/2020, 154.24 ,-0.02
2/21/2020, 154.20 ,-0.04
2/22/2020, 154.20 ,0.00
2/23/2020, 154.20 ,0.00
2/24/2020, 154.21 ,0.01
2/25/2020, 154.26 ,0.05
2/26/2020, 154.25 ,-0.01
2/27/2020, 154.21 ,-0.04
2/28/2020, 154.23 ,0.02
2/29/2020, 154.23 ,0.00
3/1/2020, 154.23 ,0.00
3/2/2020, 154.37 ,0.14
3/3/2020, 154.29 ,-0.08
3/4/2020, 154.21 ,-0.08
3/5/2020, 154.27 ,0.06
3/6/2020, 154.24 ,-0.03
3/7/2020, 154.24 ,0.00
3/8/2020, 154.24 ,0.00
3/9/2020, 156.58 ,2.34
3/10/2020, 157.45 ,0.87
3/11/2020, 158.42 ,0.97
3/12/2020, 159.13 ,0.71
3/13/2020, 158.98 ,-0.15
3/14/2020, 158.98 ,0.00
3/15/2020, 158.98 ,0.00
3/16/2020, 158.41 ,-0.57
3/17/2020, 158.43 ,0.02
3/18/2020, 158.52 ,0.09
3/19/2020, 158.58 ,0.06
3/20/2020, 158.58 ,0.00
3/21/2020, 158.58 ,0.00
3/22/2020, 158.58 ,0.00
3/23/2020, 158.58 ,0.00
3/24/2020, 159.01 ,0.43
3/25/2020, 161.61 ,2.60
3/26/2020, 166.13 ,4.52
3/27/2020, 165.54 ,-0.59
3/28/2020, 165.54 ,0.00
3/29/2020, 165.54 ,0.00
3/30/2020, 166.14 ,0.60
3/31/2020, 166.70 ,0.56
4/1/2020, 166.83 ,0.13
4/2/2020, 166.83 ,0.00
4/3/2020, 166.83 ,0.00
4/4/2020, 166.83 ,0.00
4/5/2020, 166.83 ,0.00
4/6/2020, 166.99 ,0.16
4/7/2020, 167.90 ,0.91
4/8/2020, 167.76 ,-0.14
4/9/2020, 167.19 ,-0.57
4/10/2020, 166.79 ,-0.40
4/11/2020, 166.79 ,0.00
4/12/2020, 166.79 ,0.00
4/13/2020, 166.83 ,0.04
4/14/2020, 166.83 ,0.00
4/15/2020, 166.98 ,0.15
4/16/2020, 166.88 ,-0.10
4/17/2020, 166.88 ,0.00
4/18/2020, 166.88 ,0.00
4/19/2020, 166.88 ,0.00
4/20/2020, 166.88 ,0.00
4/21/2020, 161.13 ,-5.75
4/22/2020, 160.36 ,-0.77
4/23/2020, 159.98 ,-0.38
4/24/2020, 160.48 ,0.50
4/25/2020, 160.48 ,0.00
4/26/2020, 160.48 ,0.00
4/27/2020, 160.48 ,0.00
4/28/2020, 160.48 ,0.00
4/29/2020, 160.48 ,0.00
4/30/2020, 160.18 ,-0.30
5/1/2020, 160.18 ,0.00
5/2/2020, 160.18 ,0.00
5/3/2020, 160.18 ,0.00
5/4/2020, 159.91 ,-0.27
5/5/2020, 159.65 ,-0.26
5/6/2020, 160.06 ,0.41
5/7/2020, 160.23 ,0.17
5/8/2020, 159.97 ,-0.26
5/9/2020, 159.97 ,0.00
5/10/2020, 159.97 ,0.00
5/11/2020, 160.08 ,0.11
5/12/2020, 160.46 ,0.38
5/13/2020, 160.95 ,0.49
5/14/2020, 160.95 ,0.00
5/15/2020, 160.95 ,0.00
5/16/2020, 160.95 ,0.00
5/17/2020, 160.95 ,0.00
5/18/2020, 160.37 ,-0.58
5/19/2020, 160.75 ,0.38
5/20/2020, 160.77 ,0.02
5/21/2020, 160.92 ,0.15
5/22/2020, 160.92 ,0.00
5/23/2020, 160.92 ,0.00
5/24/2020, 160.92 ,0.00
5/25/2020, 160.92 ,0.00
5/26/2020, 160.92 ,0.00
5/27/2020, 160.92 ,0.00
5/28/2020, 161.99 ,1.07
5/29/2020, 163.10 ,1.11
5/30/2020, 163.10 ,0.00
5/31/2020, 163.10 ,0.00
6/1/2020, 164.08 ,0.98
6/2/2020, 164.90 ,0.82
6/3/2020, 164.33 ,-0.57
6/4/2020, 163.66 ,-0.67
6/5/2020, 163.66 ,0.00
6/6/2020, 163.66 ,0.00
6/7/2020, 163.66 ,0.00
6/8/2020, 163.62 ,-0.04
6/9/2020, 164.34 ,0.72
6/10/2020, 164.55 ,0.21
6/11/2020, 164.59 ,0.04
6/12/2020, 164.25 ,-0.34
6/13/2020, 164.25 ,0.00
6/14/2020, 164.25 ,0.00
6/15/2020, 164.86 ,0.61
6/16/2020, 164.88 ,0.02
6/17/2020, 165.71 ,0.83
6/18/2020, 166.35 ,0.64
6/19/2020, 166.64 ,0.29
6/20/2020, 166.64 ,0.00
6/21/2020, 166.64 ,0.00
6/22/2020, 166.59 ,-0.05
6/23/2020, 167.65 ,1.06
6/24/2020, 167.65 ,0.00
6/25/2020, 167.65 ,0.00
6/26/2020, 167.65 ,0.00
6/27/2020, 167.65 ,0.00
6/28/2020, 167.65 ,0.00
6/29/2020, 168.19 ,0.54
6/30/2020, 168.19 ,0.00
7/1/2020, 168.19 ,0.00
7/2/2020, 166.89 ,-1.30
7/3/2020, 166.21 ,-0.68
7/4/2020, 166.21 ,0.00
7/5/2020, 166.21 ,0.00
7/6/2020, 166.72 ,0.51
7/7/2020, 166.95 ,0.23
7/8/2020, 166.76 ,-0.19
7/9/2020, 166.58 ,-0.18
7/10/2020, 166.35 ,-0.23
7/11/2020, 166.35 ,0.00
7/12/2020, 166.35 ,0.00
7/13/2020, 166.63 ,0.28
7/14/2020, 166.68 ,0.05
7/15/2020, 166.67 ,-0.01
7/16/2020, 166.99 ,0.32
7/17/2020, 167.33 ,0.34
7/18/2020, 167.33 ,0.00
7/19/2020, 167.33 ,0.00
7/20/2020, 168.30 ,0.97
7/21/2020, 167.90 ,-0.40
7/22/2020, 167.64 ,-0.26
7/23/2020, 167.63 ,-0.01
7/24/2020, 167.26 ,-0.37
7/25/2020, 167.26 ,0.00
7/26/2020, 167.26 ,0.00
7/27/2020, 167.26 ,0.00
7/28/2020, 166.46 ,-0.80
7/29/2020, 166.46 ,0.00
7/30/2020, 166.46 ,0.00
7/31/2020, 166.46 ,0.00
8/1/2020, 166.46 ,0.00
8/2/2020, 166.46 ,0.00
8/3/2020, 166.46 ,0.00
8/4/2020, 166.46 ,0.00
8/5/2020, 168.23 ,1.77
8/6/2020, 168.23 ,0.00
8/7/2020, 167.88 ,-0.35
8/8/2020, 167.88 ,0.00
8/9/2020, 167.88 ,0.00
8/10/2020, 168.38 ,0.50
8/11/2020, 168.27 ,-0.11
8/12/2020, 168.27 ,0.00
8/13/2020, 167.93 ,-0.34
8/14/2020, 167.93 ,0.00
8/15/2020, 167.93 ,0.00
8/16/2020, 167.93 ,0.00
8/17/2020, 167.93 ,0.00
8/18/2020, 168.19 ,0.26
8/19/2020, 168.19 ,0.00
8/20/2020, 168.38 ,0.19
8/21/2020, 168.29 ,-0.09
8/22/2020, 168.29 ,0.00
8/23/2020, 168.29 ,0.00
8/24/2020, 168.38 ,0.09
8/25/2020, 168.37 ,-0.01
8/26/2020, 168.44 ,0.07
8/27/2020, 167.43 ,-1.01
8/28/2020, 167.43 ,0.00
8/29/2020, 167.43 ,0.00
8/30/2020, 167.43 ,0.00
8/31/2020, 166.24 ,-1.19
9/1/2020, 165.63 ,-0.61
9/2/2020, 165.60 ,-0.03
9/3/2020, 166.04 ,0.44
9/4/2020, 165.77 ,-0.27
9/5/2020, 165.77 ,0.00
9/6/2020, 165.77 ,0.00
9/7/2020, 165.87 ,0.10
9/8/2020, 166.43 ,0.56
9/9/2020, 166.53 ,0.10
9/10/2020, 166.40 ,-0.13
9/11/2020, 165.97 ,-0.43
9/12/2020, 165.97 ,0.00
9/13/2020, 165.97 ,0.00
9/14/2020, 166.17 ,0.20
9/15/2020, 166.27 ,0.10
9/16/2020, 166.34 ,0.07
9/17/2020, 166.21 ,-0.13
9/18/2020, 166.21 ,0.00
9/19/2020, 166.21 ,0.00
9/20/2020, 166.21 ,0.00
9/21/2020, 166.30 ,0.09
9/22/2020, 166.30 ,0.00
9/23/2020, 166.23 ,-0.07
9/24/2020, 165.96 ,-0.27
9/25/2020, 165.79 ,-0.17
9/26/2020, 165.79 ,0.00
9/27/2020, 165.79 ,0.00
9/28/2020, 165.89 ,0.10
9/29/2020, 165.88 ,-0.01
9/30/2020, 165.70 ,-0.18
10/1/2020, 165.01 ,-0.69
10/2/2020, 164.51 ,-0.50
10/3/2020, 164.51 ,0.00
10/4/2020, 164.51 ,0.00
10/5/2020, 164.32 ,-0.19
10/6/2020, 164.04 ,-0.28
10/7/2020, 163.97 ,-0.07
10/8/2020, 163.72 ,-0.25
10/9/2020, 163.84 ,0.12
10/10/2020, 163.84 ,0.00
10/11/2020, 163.84 ,0.00
10/12/2020, 163.81 ,-0.03
10/13/2020, 163.87 ,0.06
10/14/2020, 163.48 ,-0.39
10/15/2020, 162.86 ,-0.62
10/16/2020, 162.49 ,-0.37
10/17/2020, 162.49 ,0.00
10/18/2020, 162.49 ,0.00
10/19/2020, 162.38 ,-0.11
10/20/2020, 162.28 ,-0.10
10/21/2020, 162.13 ,-0.15
10/22/2020, 161.82 ,-0.31
10/23/2020, 161.37 ,-0.45
10/24/2020, 161.37 ,0.00
10/25/2020, 161.37 ,0.00
10/26/2020, 161.05 ,-0.32
10/27/2020, 160.91 ,-0.14
10/28/2020, 160.62 ,-0.29
10/29/2020, 160.26 ,-0.36
10/30/2020, 160.26 ,0.00
10/31/2020, 160.26 ,0.00
11/1/2020, 160.26 ,0.00
11/2/2020, 160.11 ,-0.15
11/3/2020, 159.97 ,-0.14
11/4/2020, 159.81 ,-0.16
11/5/2020, 159.46 ,-0.35
11/6/2020, 159.09 ,-0.37
11/7/2020, 159.09 ,0.00
11/8/2020, 159.09 ,0.00
11/9/2020, 158.91 ,-0.18
11/10/2020, 158.69 ,-0.22
11/11/2020, 158.49 ,-0.20
11/12/2020, 158.33 ,-0.16
11/13/2020, 158.16 ,-0.17
11/14/2020, 158.16 ,0.00
11/15/2020, 158.16 ,0.00
11/16/2020, 158.17 ,0.01
11/17/2020, 158.31 ,0.14
11/18/2020, 159.83 ,1.52
11/19/2020, 160.62 ,0.79
11/20/2020, 160.73 ,0.11
11/21/2020, 160.73 ,0.00
11/22/2020, 160.73 ,0.00
11/23/2020, 161.05 ,0.32
11/24/2020, 160.09 ,-0.96
11/25/2020, 159.28 ,-0.81
11/26/2020, 159.27 ,-0.01
11/27/2020, 159.46 ,0.19
11/28/2020, 159.46 ,0.00
11/29/2020, 159.46 ,0.00
11/30/2020, 159.42 ,-0.04
12/1/2020, 159.82 ,0.40
12/2/2020, 160.46 ,0.64
12/3/2020, 160.17 ,-0.29
12/4/2020, 160.13 ,-0.04
12/5/2020, 160.13 ,0.00
12/6/2020, 160.13 ,0.00
12/7/2020, 160.32 ,0.19
12/8/2020, 160.47 ,0.15
12/9/2020, 160.49 ,0.02
12/10/2020, 160.29 ,-0.20
12/11/2020, 160.14 ,-0.15
12/12/2020, 160.14 ,0.00
12/13/2020, 160.14 ,0.00
12/14/2020, 160.47 ,0.33
12/15/2020, 160.59 ,0.12
12/16/2020, 160.39 ,-0.20
12/17/2020, 160.11 ,-0.28
12/18/2020, 160.09 ,-0.02
12/19/2020, 160.09 ,0.00
12/20/2020, 160.09 ,0.00
12/21/2020, 160.71 ,0.62
12/22/2020, 160.68 ,-0.03
12/23/2020, 160.55 ,-0.13
12/24/2020, 160.32 ,-0.23
12/25/2020, 160.32 ,0.00
12/26/2020, 160.32 ,0.00
12/27/2020, 160.32 ,0.00
12/28/2020, 160.38 ,0.06
12/29/2020, 160.39 ,0.01
12/30/2020, 160.28 ,-0.11
12/31/2020, 159.83 ,-0.45
1/1/2021, 159.83 ,0.00
1/2/2021, 159.83 ,0.00
1/3/2021, 159.83 ,0.00
1/4/2021, 159.98 ,0.15
1/5/2021, 160.33 ,0.35
1/6/2021, 160.29 ,-0.04
1/7/2021, 160.02 ,-0.27
1/8/2021, 160.17 ,0.15
1/9/2021, 160.17 ,0.00
1/10/2021, 160.17 ,0.00
1/11/2021, 160.39 ,0.22
1/12/2021, 160.37 ,-0.02
1/13/2021, 160.35 ,-0.02
1/14/2021, 160.18 ,-0.17
1/15/2021, 160.33 ,0.15
1/16/2021, 160.33 ,0.00
1/17/2021, 160.33 ,0.00
1/18/2021, 160.52 ,0.19
1/19/2021, 160.61 ,0.09
1/20/2021, 160.50 ,-0.11
1/21/2021, 160.62 ,0.12
1/22/2021, 160.75 ,0.13
1/23/2021, 160.75 ,0.00
1/24/2021, 160.75 ,0.00
1/25/2021, 160.80 ,0.05
1/26/2021, 160.64 ,-0.16
1/27/2021, 160.54 ,-0.10
1/28/2021, 160.28 ,-0.26
1/29/2021, 160.10 ,-0.18
1/30/2021, 160.10 ,0.00
1/31/2021, 160.10 ,0.00
2/1/2021, 160.22 ,0.12
2/2/2021, 160.16 ,-0.06
2/3/2021, 160.19 ,0.03
2/4/2021, 159.99 ,-0.20
2/5/2021, 159.99 ,0.00
2/6/2021, 159.99 ,0.00
2/7/2021, 159.99 ,0.00
2/8/2021, 159.56 ,-0.43
2/9/2021, 159.35 ,-0.21
2/10/2021, 159.31 ,-0.04
2/11/2021, 159.07 ,-0.24
2/12/2021, 158.82 ,-0.25
2/13/2021, 158.82 ,0.00
2/14/2021, 158.82 ,0.00
2/15/2021, 159.27 ,0.45
2/16/2021, 159.54 ,0.27
2/17/2021, 159.26 ,-0.28
2/18/2021, 158.93 ,-0.33
2/19/2021, 159.10 ,0.17
2/20/2021, 159.10 ,0.00
2/21/2021, 159.10 ,0.00
2/22/2021, 159.07 ,-0.03
2/23/2021, 158.89 ,-0.18
2/24/2021, 158.76 ,-0.13
2/25/2021, 158.46 ,-0.30
2/26/2021, 158.10 ,-0.36
2/27/2021, 158.10 ,0.00
2/28/2021, 158.10 ,0.00
3/1/2021, 158.04 ,-0.06
3/2/2021, 157.85 ,-0.19
3/3/2021, 157.13 ,-0.72
3/4/2021, 157.16 ,0.03
3/5/2021, 157.12 ,-0.04
3/6/2021, 157.12 ,0.00
3/7/2021, 157.12 ,0.00
3/8/2021, 157.08 ,-0.04
3/9/2021, 157.04 ,-0.04
3/10/2021, 157.13 ,0.09
3/11/2021, 157.09 ,-0.04
3/12/2021, 157.14 ,0.05
3/13/2021, 157.14 ,0.00
3/14/2021, 157.14 ,0.00
3/15/2021, 157.00 ,-0.14
3/16/2021, 156.72 ,-0.28
3/17/2021, 155.74 ,-0.98
3/18/2021, 155.45 ,-0.29
3/19/2021, 155.97 ,0.52
3/20/2021, 155.97 ,0.00
3/21/2021, 155.97 ,0.00
3/22/2021, 155.85 ,-0.12
3/23/2021, 155.85 ,0.00
3/24/2021, 155.39 ,-0.46
3/25/2021, 155.01 ,-0.38
3/26/2021, 154.59 ,-0.42
3/27/2021, 154.59 ,0.00
3/28/2021, 154.59 ,0.00
3/29/2021, 154.04 ,-0.55
3/30/2021, 153.09 ,-0.95
3/31/2021, 152.76 ,-0.33
4/1/2021, 153.30 ,0.54
4/2/2021, 153.55 ,0.25
4/3/2021, 153.55 ,0.00
4/4/2021, 153.55 ,0.00
4/5/2021, 153.66 ,0.11
4/6/2021, 153.33 ,-0.33
4/7/2021, 153.18 ,-0.15
4/8/2021, 153.02 ,-0.16
4/9/2021, 152.94 ,-0.08
4/10/2021, 152.94 ,0.00
4/11/2021, 152.94 ,0.00
4/12/2021, 152.75 ,-0.19
4/13/2021, 152.83 ,0.08
4/14/2021, 152.83 ,0.00
4/15/2021, 152.83 ,0.00
4/16/2021, 152.82 ,-0.01
4/17/2021, 152.82 ,0.00
4/18/2021, 152.82 ,0.00
4/19/2021, 152.93 ,0.11
4/20/2021, 152.99 ,0.06
4/21/2021, 153.24 ,0.25
4/22/2021, 153.46 ,0.22
4/23/2021, 153.87 ,0.41
4/24/2021, 153.87 ,0.00
4/25/2021, 153.87 ,0.00
4/26/2021, 154.13 ,0.26
4/27/2021, 154.50 ,0.37
4/28/2021, 153.88 ,-0.62
4/29/2021, 153.62 ,-0.26
4/30/2021, 153.45 ,-0.17
5/1/2021, 153.45 ,0.00
5/2/2021, 153.45 ,0.00
5/3/2021, 153.36 ,-0.09
5/4/2021, 153.24 ,-0.12
5/5/2021, 153.04 ,-0.20
5/6/2021, 152.60 ,-0.44
5/7/2021, 152.28 ,-0.32
5/8/2021, 152.28 ,0.00
5/9/2021, 152.28 ,0.00
5/10/2021, 152.28 ,0.00
5/11/2021, 152.28 ,0.00
5/12/2021, 152.28 ,0.00
5/13/2021, 152.28 ,0.00
5/14/2021, 152.28 ,0.00
5/15/2021, 152.28 ,0.00
5/16/2021, 152.28 ,0.00
5/17/2021, 152.60 ,0.32
5/18/2021, 152.89 ,0.29
5/19/2021, 153.22 ,0.33
5/20/2021, 153.46 ,0.24
5/21/2021, 153.36 ,-0.10
5/22/2021, 153.36 ,0.00
5/23/2021, 153.36 ,0.00
5/24/2021, 153.70 ,0.34
5/25/2021, 154.37 ,0.67
5/26/2021, 154.78 ,0.41
5/27/2021, 154.84 ,0.06
5/28/2021, 154.43 ,-0.41
5/29/2021, 154.43 ,0.00
5/30/2021, 154.43 ,0.00
5/31/2021, 154.40 ,-0.03
6/1/2021, 154.54 ,0.14
6/2/2021, 154.77 ,0.23
6/3/2021, 154.79 ,0.02
6/4/2021, 154.62 ,-0.17
6/5/2021, 154.62 ,0.00
6/6/2021, 154.62 ,0.00
6/7/2021, 155.31 ,0.69
6/8/2021, 155.78 ,0.47
6/9/2021, 155.69 ,-0.09
6/10/2021, 155.92 ,0.23
6/11/2021, 155.74 ,-0.18
6/12/2021, 155.74 ,0.00
6/13/2021, 155.74 ,0.00
6/14/2021, 156.19 ,0.45
6/15/2021, 156.79 ,0.60
6/16/2021, 156.96 ,0.17
6/17/2021, 156.74 ,-0.22
6/18/2021, 156.89 ,0.15
6/19/2021, 156.89 ,0.00
6/20/2021, 156.89 ,0.00
6/21/2021, 157.51 ,0.62
6/22/2021, 158.19 ,0.68
6/23/2021, 158.53 ,0.34
6/24/2021, 157.68 ,-0.85
6/25/2021, 157.62 ,-0.06
6/26/2021, 157.62 ,0.00
6/27/2021, 157.62 ,0.00
6/28/2021, 158.22 ,0.60
6/29/2021, 157.74 ,-0.48
6/30/2021, 157.54 ,-0.20
7/1/2021, 157.54 ,0.00
7/2/2021, 157.87 ,0.33
7/3/2021, 157.87 ,0.00
7/4/2021, 157.87 ,0.00
7/5/2021, 158.18 ,0.31
7/6/2021, 158.37 ,0.19
7/7/2021, 158.92 ,0.55
7/8/2021, 159.33 ,0.41
7/9/2021, 159.17 ,-0.16
7/10/2021, 159.17 ,0.00
7/11/2021, 159.17 ,0.00
7/12/2021, 159.36 ,0.19
7/13/2021, 159.51 ,0.15
7/14/2021, 159.13 ,-0.38
7/15/2021, 159.30 ,0.17
7/16/2021, 159.94 ,0.64
7/17/2021, 159.94 ,0.00
7/18/2021, 159.94 ,0.00
7/19/2021, 161.48 ,1.54
7/20/2021, 161.48 ,0.00
7/21/2021, 161.48 ,0.00
7/22/2021, 161.48 ,0.00
7/23/2021, 162.32 ,0.84
7/24/2021, 162.32 ,0.00
7/25/2021, 162.32 ,0.00
7/26/2021, 161.23 ,-1.09
7/27/2021, 161.33 ,0.10
7/28/2021, 161.90 ,0.57
7/29/2021, 161.89 ,-0.01
7/30/2021, 162.43 ,0.54
7/31/2021, 162.43 ,0.00
8/1/2021, 162.43 ,0.00
8/2/2021, 163.67 ,1.24
8/3/2021, 163.89 ,0.22
8/4/2021, 163.47 ,-0.42
8/5/2021, 163.23 ,-0.24
8/6/2021, 163.45 ,0.22
8/7/2021, 163.45 ,0.00
8/8/2021, 163.45 ,0.00
8/9/2021, 163.90 ,0.45
8/10/2021, 163.76 ,-0.14
8/11/2021, 163.92 ,0.16
8/12/2021, 164.01 ,0.09
8/13/2021, 164.00 ,-0.01
8/14/2021, 164.00 ,0.00
8/15/2021, 164.00 ,0.00
8/16/2021, 164.19 ,0.19
8/17/2021, 164.08 ,-0.11
8/18/2021, 164.08 ,0.00
8/19/2021, 164.08 ,0.00
8/20/2021, 164.18 ,0.10
8/21/2021, 164.18 ,0.00
8/22/2021, 164.18 ,0.00
8/23/2021, 164.43 ,0.25
8/24/2021, 165.20 ,0.77
8/25/2021, 166.28 ,1.08
8/26/2021, 165.81 ,-0.47
8/27/2021, 165.62 ,-0.19
8/28/2021, 165.62 ,0.00
8/29/2021, 165.62 ,0.00
8/30/2021, 165.96 ,0.34
8/31/2021, 166.39 ,0.43
9/1/2021, 166.87 ,0.48
9/2/2021, 166.98 ,0.11
9/3/2021, 166.91 ,-0.07
9/4/2021, 166.91 ,0.00
9/5/2021, 166.91 ,0.00
9/6/2021, 167.23 ,0.32
9/7/2021, 167.63 ,0.40
9/8/2021, 167.25 ,-0.38
9/9/2021, 167.66 ,0.41
9/10/2021, 168.02 ,0.36
9/11/2021, 168.02 ,0.00
9/12/2021, 168.02 ,0.00
9/13/2021, 168.10 ,0.08
9/14/2021, 168.94 ,0.84
9/15/2021, 169.12 ,0.18
9/16/2021, 168.18 ,-0.94
9/17/2021, 168.19 ,0.01
9/18/2021, 168.19 ,0.00
9/19/2021, 168.19 ,0.00
9/20/2021, 168.72 ,0.53
9/21/2021, 168.52 ,-0.20
9/22/2021, 168.68 ,0.16
9/23/2021, 169.03 ,0.35
9/24/2021, 169.08 ,0.05
9/25/2021, 169.08 ,0.00
9/26/2021, 169.08 ,0.00
9/27/2021, 169.60 ,0.52
9/28/2021, 169.97 ,0.37
9/29/2021, 170.48 ,0.51
9/30/2021, 170.66 ,0.18
10/1/2021, 170.48 ,-0.18
10/2/2021, 170.48 ,0.00
10/3/2021, 170.48 ,0.00
10/4/2021, 170.80 ,0.32
10/5/2021, 170.80 ,0.00
10/6/2021, 170.96 ,0.16
10/7/2021, 170.87 ,-0.09
10/8/2021, 170.53 ,-0.34
10/9/2021, 170.53 ,0.00
10/10/2021, 170.53 ,0.00
10/11/2021, 170.74 ,0.21
10/12/2021, 171.04 ,0.30
10/13/2021, 171.13 ,0.09
10/14/2021, 171.20 ,0.07
10/15/2021, 171.18 ,-0.02
10/16/2021, 171.18 ,0.00
10/17/2021, 171.18 ,0.00
10/18/2021, 172.78 ,1.60
10/19/2021, 172.78 ,0.00
10/20/2021, 173.47 ,0.69
10/21/2021, 173.96 ,0.49
10/22/2021, 174.00 ,0.04
10/23/2021, 174.00 ,0.00
10/24/2021, 174.00 ,0.00
10/25/2021, 174.43 ,0.43
10/26/2021, 175.27 ,0.84
10/27/2021, 172.78 ,-2.49
10/28/2021, 172.26 ,-0.52
10/29/2021, 171.65 ,-0.61
10/30/2021, 171.65 ,0.00
10/31/2021, 171.65 ,0.00
11/1/2021, 171.29 ,-0.36
11/2/2021, 170.54 ,-0.75
11/3/2021, 169.97 ,-0.57
11/4/2021, 170.01 ,0.04
11/5/2021, 170.01 ,0.00
11/6/2021, 170.01 ,0.00
11/7/2021, 170.01 ,0.00
11/8/2021, 170.01 ,0.00
11/9/2021, 171.63 ,1.62
11/10/2021, 172.93 ,1.30
11/11/2021, 174.19 ,1.26
11/12/2021, 175.73 ,1.54
11/13/2021, 175.73 ,0.00
11/14/2021, 175.73 ,0.00
11/15/2021, 175.29 ,-0.44
11/16/2021, 174.89 ,-0.40
11/17/2021, 173.76 ,-1.13
11/18/2021, 174.67 ,0.91
11/19/2021, 175.24 ,0.57
11/20/2021, 175.24 ,0.00
11/21/2021, 175.24 ,0.00
11/22/2021, 174.77 ,-0.47
11/23/2021, 174.30 ,-0.47
11/24/2021, 175.04 ,0.74
11/25/2021, 174.98 ,-0.06
11/26/2021, 175.46 ,0.48
11/27/2021, 175.46 ,0.00
11/28/2021, 175.46 ,0.00
11/29/2021, 176.20 ,0.74
11/30/2021, 175.72 ,-0.48
12/1/2021, 175.48 ,-0.24
12/2/2021, 176.42 ,0.94
12/3/2021, 176.77 ,0.35
12/4/2021, 176.77 ,0.00
12/5/2021, 176.77 ,0.00
12/6/2021, 176.48 ,-0.29
12/7/2021, 176.79 ,0.31
12/8/2021, 177.43 ,0.64
12/9/2021, 177.43 ,0.00
12/10/2021, 177.71 ,0.28
12/11/2021, 177.71 ,0.00
12/12/2021, 177.71 ,0.00
12/13/2021, 177.71 ,0.00
12/14/2021, 177.88 ,0.17
12/15/2021, 177.98 ,0.10
12/16/2021, 177.98 ,0.00
12/17/2021, 178.04 ,0.06
12/18/2021, 178.04 ,0.00
12/19/2021, 178.04 ,0.00
12/20/2021, 178.04 ,0.00
12/21/2021, 178.05 ,0.01
12/22/2021, 178.15 ,0.10
12/23/2021, 178.12 ,-0.03
12/24/2021, 178.13 ,0.01
12/25/2021, 178.13 ,0.00
12/26/2021, 178.13 ,0.00
12/27/2021, 178.17 ,0.04
12/28/2021, 178.19 ,0.02
12/29/2021, 178.24 ,0.05
12/30/2021, 177.51 ,-0.73
12/31/2021, 176.51 ,-1.00
1/1/2022, 176.51 ,0.00
1/2/2022, 176.51 ,0.00
1/3/2022, 176.51 ,0.00
1/4/2022, 176.51 ,0.00
1/5/2022, 176.74 ,0.23
1/6/2022, 176.92 ,0.18
1/7/2022, 176.67 ,-0.25
1/8/2022, 176.67 ,0.00
1/9/2022, 176.67 ,0.00
1/10/2022, 176.68 ,0.01
1/11/2022, 176.63 ,-0.05
1/12/2022, 176.23 ,-0.40
1/13/2022, 176.38 ,0.15
1/14/2022, 176.07 ,-0.31
1/15/2022, 176.07 ,0.00
1/16/2022, 176.07 ,0.00
1/17/2022, 175.92 ,-0.15
1/18/2022, 176.18 ,0.26
1/19/2022, 176.22 ,0.04
1/20/2022, 176.49 ,0.27
1/21/2022, 176.24 ,-0.25
1/22/2022, 176.24 ,0.00
1/23/2022, 176.24 ,0.00
1/24/2022, 176.49 ,0.25
1/25/2022, 176.72 ,0.23
1/26/2022, 176.98 ,0.26
1/27/2022, 176.98 ,0.00
1/28/2022, 176.77 ,-0.21
1/29/2022, 176.77 ,0.00
1/30/2022, 176.77 ,0.00
1/31/2022, 176.72 ,-0.05
2/1/2022, 176.43 ,-0.29
2/2/2022, 176.41 ,-0.02
2/3/2022, 175.52 ,-0.89
2/4/2022, 174.48 ,-1.04
2/5/2022, 174.48 ,0.00
2/6/2022, 174.48 ,0.00
2/7/2022, 174.47 ,-0.01
2/8/2022, 174.50 ,0.03
2/9/2022, 174.89 ,0.39
2/10/2022, 174.87 ,-0.02
2/11/2022, 174.71 ,-0.16
2/12/2022, 174.71 ,0.00
2/13/2022, 174.71 ,0.00
2/14/2022, 175.47 ,0.76
2/15/2022, 175.78 ,0.31
2/16/2022, 175.67 ,-0.11
2/17/2022, 175.39 ,-0.28
2/18/2022, 175.86 ,0.47
2/19/2022, 175.86 ,0.00
2/20/2022, 175.86 ,0.00
2/21/2022, 175.75 ,-0.11
2/22/2022, 176.23 ,0.48
2/23/2022, 176.16 ,-0.07
2/24/2022, 176.39 ,0.23
2/25/2022, 177.11 ,0.72
2/26/2022, 177.11 ,0.00
2/27/2022, 177.11 ,0.00
2/28/2022, 177.47 ,0.36
3/1/2022, 177.41 ,-0.06
3/2/2022, 177.62 ,0.21
3/3/2022, 177.83 ,0.21
3/4/2022, 177.50 ,-0.33
3/5/2022, 177.50 ,0.00
3/6/2022, 177.50 ,0.00
3/7/2022, 178.13 ,0.63
3/8/2022, 178.61 ,0.48
3/9/2022, 178.63 ,0.02
3/10/2022, 178.63 ,0.00
3/11/2022, 178.51 ,-0.12
3/12/2022, 178.51 ,0.00
3/13/2022, 178.51 ,0.00
3/14/2022, 178.98 ,0.47
3/15/2022, 179.22 ,0.24
3/16/2022, 179.44 ,0.22
3/17/2022, 180.07 ,0.63
3/18/2022, 180.57 ,0.50
3/19/2022, 180.57 ,0.00
3/20/2022, 180.57 ,0.00
3/21/2022, 181.25 ,0.68
3/22/2022, 181.73 ,0.48
3/23/2022, 181.73 ,0.00
3/24/2022, 181.73 ,0.00
3/25/2022, 181.78 ,0.05
3/26/2022, 181.78 ,0.00
3/27/2022, 181.78 ,0.00
3/28/2022, 182.19 ,0.41
3/29/2022, 182.34 ,0.15
3/30/2022, 182.64 ,0.30
3/31/2022, 183.48 ,0.84
4/1/2022, 184.09 ,0.61
4/2/2022, 184.09 ,0.00
4/3/2022, 184.09 ,0.00
4/4/2022, 184.09 ,0.00
4/5/2022, 185.23 ,1.14
4/6/2022, 186.13 ,0.90
4/7/2022, 188.18 ,2.05
4/8/2022, 184.68 ,-3.50
4/9/2022, 184.68 ,0.00
4/10/2022, 184.68 ,0.00
4/11/2022, 182.93 ,-1.75
4/12/2022, 182.02 ,-0.91
4/13/2022, 181.82 ,-0.20
4/14/2022, 181.69 ,-0.13
4/15/2022, 181.58 ,-0.11
4/16/2022, 181.58 ,0.00
4/17/2022, 181.58 ,0.00
4/18/2022, 182.54 ,0.96
4/19/2022, 184.44 ,1.90
4/20/2022, 185.92 ,1.48
4/21/2022, 186.97 ,1.05
4/22/2022, 186.70 ,-0.27
4/23/2022, 186.70 ,0.00
4/24/2022, 186.70 ,0.00
4/25/2022, 186.05 ,-0.65
4/26/2022, 185.62 ,-0.43
4/27/2022, 185.45 ,-0.17
4/28/2022, 185.87 ,0.42
4/29/2022, 185.63 ,-0.24
4/30/2022, 185.63 ,0.00
5/1/2022, 185.63 ,0.00
5/2/2022, 185.63 ,0.00
5/3/2022, 185.63 ,0.00
5/4/2022, 185.63 ,0.00
5/5/2022, 185.63 ,0.00
5/6/2022, 186.63 ,1.00
5/7/2022, 186.63 ,0.00
5/8/2022, 186.63 ,0.00
5/9/2022, 187.53 ,0.90
5/10/2022, 188.66 ,1.13
5/11/2022, 190.02 ,1.36
5/12/2022, 191.77 ,1.75
5/13/2022, 192.53 ,0.76
5/14/2022, 192.53 ,0.00
5/15/2022, 192.53 ,0.00
5/16/2022, 194.18 ,1.65
5/17/2022, 195.74 ,1.56
5/18/2022, 198.39 ,2.65
5/19/2022, 200.00 ,1.61
5/20/2022, 200.14 ,0.14
5/21/2022, 200.14 ,0.00
5/22/2022, 200.14 ,0.00
5/23/2022, 200.93 ,0.79
5/24/2022, 201.41 ,0.48
5/25/2022, 201.92 ,0.51
5/26/2022, 202.01 ,0.09
5/27/2022, 199.76 ,-2.25
5/28/2022, 199.76 ,0.00
5/29/2022, 199.76 ,0.00
5/30/2022, 199.06 ,-0.70
5/31/2022, 198.46 ,-0.60
6/1/2022, 197.87 ,-0.59
6/2/2022, 197.59 ,-0.28
6/3/2022, 197.92 ,0.33
6/4/2022, 197.92 ,0.00
6/5/2022, 197.92 ,0.00
6/6/2022, 200.06 ,2.14
6/7/2022, 202.83 ,2.77
6/8/2022, 201.52 ,-1.31
6/9/2022, 200.77 ,-0.75
6/10/2022, 202.35 ,1.58
6/11/2022, 202.35 ,0.00
6/12/2022, 202.35 ,0.00
6/13/2022, 203.86 ,1.51
6/14/2022, 205.16 ,1.30
6/15/2022, 206.46 ,1.30
6/16/2022, 207.67 ,1.21
6/17/2022, 208.75 ,1.08
6/18/2022, 208.75 ,0.00
6/19/2022, 208.75 ,0.00
6/20/2022, 209.96 ,1.21
6/21/2022, 211.48 ,1.52
6/22/2022, 211.93 ,0.45
6/23/2022, 211.93 ,0.00
6/24/2022, 207.48 ,-4.45
6/25/2022, 207.48 ,0.00
6/26/2022, 207.48 ,0.00
6/27/2022, 207.94 ,0.46
6/28/2022, 206.87 ,-1.07
6/29/2022, 205.12 ,-1.75
6/30/2022, 204.85 ,-0.27
7/1/2022, 204.85 ,0.00
7/2/2022, 204.85 ,0.00
7/3/2022, 204.85 ,0.00
7/4/2022, 204.56 ,-0.29
7/5/2022, 206.94 ,2.38
7/6/2022, 207.99 ,1.05
7/7/2022, 207.91 ,-0.08
7/8/2022, 207.91 ,0.00
7/9/2022, 207.91 ,0.00
7/10/2022, 207.91 ,0.00
7/11/2022, 207.91 ,0.00
7/12/2022, 207.91 ,0.00
7/13/2022, 210.10 ,2.19
7/14/2022, 209.80 ,-0.30
7/15/2022, 210.95 ,1.15
7/16/2022, 210.95 ,0.00
7/17/2022, 210.95 ,0.00
7/18/2022, 215.20 ,4.25
7/19/2022, 221.99 ,6.79
7/20/2022, 224.92 ,2.93
7/21/2022, 226.81 ,1.89
7/22/2022, 228.37 ,1.56
7/23/2022, 228.37 ,0.00
7/24/2022, 228.37 ,0.00
7/25/2022, 229.88 ,1.51
7/26/2022, 232.93 ,3.05
7/27/2022, 236.02 ,3.09
7/28/2022, 239.94 ,3.92
7/29/2022, 239.37 ,-0.57
7/30/2022, 239.37 ,0.00
7/31/2022, 239.37 ,0.00
8/1/2022, 238.84 ,-0.53
8/2/2022, 238.38 ,-0.46
8/3/2022, 228.80 ,-9.58
8/4/2022, 226.15 ,-2.65
8/5/2022, 224.04 ,-2.11
8/6/2022, 224.04 ,0.00
8/7/2022, 224.04 ,0.00
8/8/2022, 224.04 ,0.00
8/9/2022, 224.04 ,0.00
8/10/2022, 221.91 ,-2.13
8/11/2022, 218.88 ,-3.03
8/12/2022, 215.49 ,-3.39
8/13/2022, 215.49 ,0.00
8/14/2022, 215.49 ,0.00
8/15/2022, 213.98 ,-1.51
8/16/2022, 213.90 ,-0.08
8/17/2022, 214.88 ,0.98
8/18/2022, 214.95 ,0.07
8/19/2022, 214.65 ,-0.30
8/20/2022, 214.65 ,0.00
8/21/2022, 214.65 ,0.00
8/22/2022, 216.66 ,2.01
8/23/2022, 217.66 ,1.00
8/24/2022, 218.38 ,0.72
8/25/2022, 219.41 ,1.03
8/26/2022, 220.66 ,1.25
8/27/2022, 220.66 ,0.00
8/28/2022, 220.66 ,0.00
8/29/2022, 221.92 ,1.26
8/30/2022, 220.12 ,-1.80
8/31/2022, 218.75 ,-1.37
9/1/2022, 218.60 ,-0.15
9/2/2022, 218.98 ,0.38
9/3/2022, 218.98 ,0.00
9/4/2022, 218.98 ,0.00
9/5/2022, 219.86 ,0.88
9/6/2022, 221.42 ,1.56
9/7/2022, 223.42 ,2.00
9/8/2022, 225.42 ,2.00
9/9/2022, 228.18 ,2.76
9/10/2022, 228.18 ,0.00
9/11/2022, 228.18 ,0.00
9/12/2022, 229.82 ,1.64
9/13/2022, 231.92 ,2.10
9/14/2022, 234.32 ,2.40
9/15/2022, 235.88 ,1.56
9/16/2022, 236.84 ,0.96
9/17/2022, 236.84 ,0.00
9/18/2022, 236.84 ,0.00
9/19/2022, 237.91 ,1.07
9/20/2022, 238.91 ,1.00
9/21/2022, 239.65 ,0.74
9/22/2022, 239.71 ,0.06
9/23/2022, 239.65 ,-0.06
9/24/2022, 239.65 ,0.00
9/25/2022, 239.65 ,0.00
9/26/2022, 237.02 ,-2.63
9/27/2022, 233.91 ,-3.11
9/28/2022, 232.12 ,-1.79
9/29/2022, 229.63 ,-2.49
9/30/2022, 228.45 ,-1.18
10/1/2022, 228.45 ,0.00
10/2/2022, 228.45 ,0.00
10/3/2022, 228.45 ,0.00
10/4/2022, 225.64 ,-2.81
10/5/2022, 223.94 ,-1.70
10/6/2022, 221.94 ,-2.00
10/7/2022, 219.92 ,-2.02
10/8/2022, 219.92 ,0.00
10/9/2022, 219.92 ,0.00
10/10/2022, 217.97 ,-1.95
10/11/2022, 217.79 ,-0.18
10/12/2022, 217.88 ,0.09
10/13/2022, 218.38 ,0.50
10/14/2022, 218.43 ,0.05
10/15/2022, 218.43 ,0.00
10/16/2022, 218.43 ,0.00
10/17/2022, 218.89 ,0.46
10/18/2022, 219.71 ,0.82
10/19/2022, 220.88 ,1.17
10/20/2022, 220.95 ,0.07
10/21/2022, 220.84 ,-0.11
10/22/2022, 220.84 ,0.00
10/23/2022, 220.84 ,0.00
10/24/2022, 220.41 ,-0.43
10/25/2022, 219.73 ,-0.68
10/26/2022, 220.68 ,0.95
10/27/2022, 221.50 ,0.82
10/28/2022, 222.47 ,0.97
10/29/2022, 222.47 ,0.00
10/30/2022, 222.47 ,0.00
10/31/2022, 220.89 ,-1.58
11/1/2022, 220.65 ,-0.24
11/2/2022, 221.43 ,0.78
11/3/2022, 221.95 ,0.52
11/4/2022, 221.92 ,-0.03
11/5/2022, 221.92 ,0.00
11/6/2022, 221.92 ,0.00
11/7/2022, 221.66 ,-0.26
11/8/2022, 221.65 ,-0.01
11/9/2022, 221.65 ,0.00
11/10/2022, 221.42 ,-0.23
11/11/2022, 221.64 ,0.22
11/12/2022, 221.64 ,0.00
11/13/2022, 221.64 ,0.00
11/14/2022, 221.69 ,0.05
11/15/2022, 221.91 ,0.22
11/16/2022, 222.41 ,0.50
11/17/2022, 222.67 ,0.26
11/18/2022, 223.17 ,0.50
11/19/2022, 223.17 ,0.00
11/20/2022, 223.17 ,0.00
11/21/2022, 223.66 ,0.49
11/22/2022, 223.42 ,-0.24
11/23/2022, 223.81 ,0.39
11/24/2022, 223.92 ,0.11
11/25/2022, 223.94 ,0.02
11/26/2022, 223.94 ,0.00
11/27/2022, 223.94 ,0.00
11/28/2022, 223.95 ,0.01
11/29/2022, 223.95 ,0.00
11/30/2022, 223.95 ,0.00
12/1/2022, 223.69 ,-0.26
12/2/2022, 223.69 ,0.00
12/3/2022, 223.69 ,0.00
12/4/2022, 223.69 ,0.00
12/5/2022, 223.91 ,0.22
12/6/2022, 224.11 ,0.20
12/7/2022, 224.16 ,0.05
12/8/2022, 224.37 ,0.21
12/9/2022, 224.40 ,0.03
12/10/2022, 224.40 ,0.00
12/11/2022, 224.40 ,0.00
12/12/2022, 224.65 ,0.25
12/13/2022, 224.70 ,0.05
12/14/2022, 224.71 ,0.01
12/15/2022, 224.71 ,0.00
12/16/2022, 224.94 ,0.23
12/17/2022, 224.94 ,0.00
12/18/2022, 224.94 ,0.00
12/19/2022, 224.94 ,0.00
12/20/2022, 225.12 ,0.18
12/21/2022, 225.40 ,0.28
12/22/2022, 225.43 ,0.03
12/23/2022, 225.64 ,0.21
12/24/2022, 225.64 ,0.00
12/25/2022, 225.64 ,0.00
12/26/2022, 225.82 ,0.18
12/27/2022, 226.15 ,0.33
12/28/2022, 226.37 ,0.22
12/29/2022, 226.41 ,0.04
12/30/2022, 226.43 ,0.02
12/31/2022, 226.43 ,0.00
1/1/2023, 226.43 ,0.00
1/2/2023, 226.43 ,0.00
1/3/2023, 226.94 ,0.51
1/4/2023, 226.95 ,0.01
1/5/2023, 227.12 ,0.17
1/6/2023, 227.14 ,0.02
1/7/2023, 227.14 ,0.00
1/8/2023, 227.14 ,0.00
1/9/2023, 227.41 ,0.27
1/10/2023, 227.88 ,0.47
1/11/2023, 227.93 ,0.05
1/12/2023, 228.14 ,0.21
1/13/2023, 228.15 ,0.01
1/14/2023, 228.15 ,0.00
1/15/2023, 228.15 ,0.00
1/16/2023, 228.34 ,0.19
1/17/2023, 228.66 ,0.32
1/18/2023, 228.91 ,0.25
1/19/2023, 229.15 ,0.24
1/20/2023, 229.67 ,0.52
1/21/2023, 229.67 ,0.00
1/22/2023, 229.67 ,0.00
1/23/2023, 230.15 ,0.48
1/24/2023, 230.40 ,0.25
1/25/2023, 230.89 ,0.49
1/26/2023, 255.43 ,24.54
1/27/2023, 262.60 ,7.17
1/28/2023, 262.60 ,0.00
1/29/2023, 262.60 ,0.00
1/30/2023, 269.63 ,7.03
1/31/2023, 267.89 ,-1.74
2/1/2023, 268.83 ,0.94
2/2/2023, 271.36 ,2.53
2/3/2023, 276.58 ,5.22
2/4/2023, 276.58 ,0.00
2/5/2023, 276.58 ,0.00
2/6/2023, 275.30 ,-1.28
2/7/2023, 276.28 ,0.98
2/8/2023, 273.33 ,-2.95
2/9/2023, 270.51 ,-2.82
2/10/2023, 269.28 ,-1.23
2/11/2023, 269.28 ,0.00
2/12/2023, 269.28 ,0.00
2/13/2023, 269.44 ,0.16
2/14/2023, 267.34 ,-2.10
2/15/2023, 265.38 ,-1.96
2/16/2023, 264.38 ,-1.00
2/17/2023, 262.82 ,-1.56
2/18/2023, 262.82 ,0.00
2/19/2023, 262.82 ,0.00
2/20/2023, 261.88 ,-0.94
2/21/2023, 262.51 ,0.63
2/22/2023, 261.90 ,-0.61
2/23/2023, 260.93 ,-0.97
2/24/2023, 259.99 ,-0.94
2/25/2023, 259.99 ,0.00
2/26/2023, 259.99 ,0.00
2/27/2023, 259.92 ,-0.07
2/28/2023, 261.50 ,1.58
3/1/2023, 266.11 ,4.61
3/2/2023, 285.09 ,18.98
3/3/2023, 278.46 ,-6.63
3/4/2023, 278.46 ,0.00
3/5/2023, 278.46 ,0.00
3/6/2023, 277.92 ,-0.54
3/7/2023, 277.87 ,-0.05
3/8/2023, 279.12 ,1.25
3/9/2023, 282.30 ,3.18
3/10/2023, 280.77 ,-1.53
3/11/2023, 280.77 ,0.00
3/12/2023, 280.77 ,0.00
3/13/2023, 281.61 ,0.84
3/14/2023, 282.29 ,0.68
3/15/2023, 282.85 ,0.56
3/16/2023, 282.42 ,-0.43
3/17/2023, 281.71 ,-0.71
3/18/2023, 281.71 ,0.00
3/19/2023, 281.71 ,0.00
3/20/2023, 284.03 ,2.32
3/21/2023, 283.92 ,-0.11
3/22/2023, 283.20 ,-0.72
3/23/2023, 283.20 ,0.00
3/24/2023, 283.20 ,0.00
3/25/2023, 283.20 ,0.00
3/26/2023, 283.20 ,0.00
3/27/2023, 283.58 ,0.38
3/28/2023, 283.55 ,-0.03
3/29/2023, 283.92 ,0.37
3/30/2023, 283.66 ,-0.26
3/31/2023, 283.79 ,0.13
4/1/2023, 283.79 ,0.00
4/2/2023, 283.79 ,0.00
4/3/2023, 285.04 ,1.25
4/4/2023, 287.29 ,2.25
4/5/2023, 287.85 ,0.56
4/6/2023, 284.42 ,-3.43
4/7/2023, 284.65 ,0.23
4/8/2023, 284.65 ,0.00
4/9/2023, 284.65 ,0.00
4/10/2023, 287.09 ,2.44
4/11/2023, 288.43 ,1.34
4/12/2023, 286.62 ,-1.81
4/13/2023, 284.91 ,-1.71
4/14/2023, 284.40 ,-0.51
4/15/2023, 284.40 ,0.00
4/16/2023, 284.40 ,0.00
4/17/2023, 284.71 ,0.31
4/18/2023, 283.90 ,-0.81
4/19/2023, 283.89 ,-0.01
4/20/2023, 283.47 ,-0.42
4/21/2023, 283.47 ,0.00
4/22/2023, 283.47 ,0.00
4/23/2023, 283.47 ,0.00
4/24/2023, 283.47 ,0.00
4/25/2023, 283.47 ,0.00
4/26/2023, 283.39 ,-0.08
4/27/2023, 283.92 ,0.53
4/28/2023, 283.84 ,-0.08
4/29/2023, 283.84 ,0.00
4/30/2023, 283.84 ,0.00
5/1/2023, 283.84 ,0.00
5/2/2023, 283.92 ,0.08
5/3/2023, 283.88 ,-0.04
5/4/2023, 283.82 ,-0.06
5/5/2023, 283.59 ,-0.23
5/6/2023, 283.59 ,0.00
5/7/2023, 283.59 ,0.00
5/8/2023, 283.85 ,0.26
5/9/2023, 284.84 ,0.99
5/10/2023, 290.22 ,5.38
5/11/2023, 298.93 ,8.71
5/12/2023, 285.08 ,-13.85
5/13/2023, 285.08 ,0.00
5/14/2023, 285.08 ,0.00
5/15/2023, 284.97 ,-0.11
5/16/2023, 284.96 ,-0.01
5/17/2023, 285.40 ,0.44
5/18/2023, 285.62 ,0.22
5/19/2023, 285.82 ,0.20
5/20/2023, 285.82 ,0.00
5/21/2023, 285.82 ,0.00
5/22/2023, 286.56 ,0.74
5/23/2023, 287.15 ,0.59
5/24/2023, 287.13 ,-0.02
5/25/2023, 285.74 ,-1.39
5/26/2023, 285.15 ,-0.59
5/27/2023, 285.15 ,0.00
5/28/2023, 285.15 ,0.00
5/29/2023, 285.42 ,0.27
5/30/2023, 285.35 ,-0.07
5/31/2023, 285.47 ,0.12
6/1/2023, 285.38 ,-0.09
6/2/2023, 285.68 ,0.30
6/3/2023, 285.68 ,0.00
6/4/2023, 285.68 ,0.00
6/5/2023, 286.19 ,0.51
6/6/2023, 286.56 ,0.37
6/7/2023, 286.88 ,0.32
6/8/2023, 286.81 ,-0.07
6/9/2023, 286.93 ,0.12
6/10/2023, 286.93 ,0.00
6/11/2023, 286.93 ,0.00
6/12/2023, 287.63 ,0.70
6/13/2023, 287.97 ,0.34
6/14/2023, 287.18 ,-0.79
6/15/2023, 287.37 ,0.19
6/16/2023, 287.19 ,-0.18
6/17/2023, 287.19 ,0.00
6/18/2023, 287.19 ,0.00
6/19/2023, 287.26 ,0.07
6/20/2023, 287.22 ,-0.04
6/21/2023, 286.98 ,-0.24
6/22/2023, 286.73 ,-0.25
6/23/2023, 286.74 ,0.01
6/24/2023, 286.74 ,0.00
6/25/2023, 286.74 ,0.00
6/26/2023, 286.71 ,-0.03
6/27/2023, 285.99 ,-0.72
6/28/2023, 285.99 ,0.00
6/29/2023, 285.99 ,0.00
6/30/2023, 285.99 ,0.00
7/1/2023, 285.99 ,0.00
7/2/2023, 285.99 ,0.00
7/3/2023, 285.99 ,0.00
7/4/2023, 275.44 ,-10.55
7/5/2023, 277.41 ,1.97
7/6/2023, 277.04 ,-0.37
7/7/2023, 277.90 ,0.86
7/8/2023, 277.90 ,0.00
7/9/2023, 277.90 ,0.00
7/10/2023, 279.80 ,1.90
7/11/2023, 278.57 ,-1.23
7/12/2023, 277.48 ,-1.09
7/13/2023, 276.46 ,-1.02
7/14/2023, 277.59 ,1.13
7/15/2023, 277.59 ,0.00
7/16/2023, 277.59 ,0.00
7/17/2023, 279.26 ,1.67
7/18/2023, 283.04 ,3.78
7/19/2023, 283.80 ,0.76
7/20/2023, 285.15 ,1.35
7/21/2023, 286.81 ,1.66
7/22/2023, 286.81 ,0.00
7/23/2023, 286.81 ,0.00
7/24/2023, 287.92 ,1.11
7/25/2023, 288.52 ,0.60
7/26/2023, 287.04 ,-1.48
7/27/2023, 286.45 ,-0.59
7/28/2023, 286.45 ,0.00
7/29/2023, 286.45 ,0.00
7/30/2023, 286.45 ,0.00
7/31/2023, 286.64 ,0.19
8/1/2023, 287.54 ,0.90
8/2/2023, 289.38 ,1.84
8/3/2023, 287.20 ,-2.18
8/4/2023, 286.97 ,-0.23
8/5/2023, 286.97 ,0.00
8/6/2023, 286.97 ,0.00
8/7/2023, 287.43 ,0.46
8/8/2023, 287.91 ,0.48
8/9/2023, 287.46 ,-0.45
8/10/2023, 287.60 ,0.14
8/11/2023, 288.49 ,0.89
8/12/2023, 288.49 ,0.00
8/13/2023, 288.49 ,0.00
8/14/2023, 288.49 ,0.00
8/15/2023, 291.51 ,3.02
8/16/2023, 294.93 ,3.42
8/17/2023, 294.92 ,-0.01
8/18/2023, 295.78 ,0.86
8/19/2023, 295.78 ,0.00
8/20/2023, 295.78 ,0.00
8/21/2023, 297.13 ,1.35
8/22/2023, 299.01 ,1.88
8/23/2023, 299.64 ,0.63
8/24/2023, 300.22 ,0.58
8/25/2023, 301.00 ,0.78
8/26/2023, 301.00 ,0.00
8/27/2023, 301.00 ,0.00
8/28/2023, 302.00 ,1.00
8/29/2023, 303.05 ,1.05
8/30/2023, 304.45 ,1.40
8/31/2023, 305.54 ,1.09
9/1/2023, 305.47 ,-0.07
9/2/2023, 305.47 ,0.00
9/3/2023, 305.47 ,0.00
9/4/2023, 305.64 ,0.17
9/5/2023, 307.10 ,1.46
9/6/2023, 306.98 ,-0.12
9/7/2023, 304.94 ,-2.04
9/8/2023, 302.95 ,-1.99
9/9/2023, 302.95 ,0.00
9/10/2023, 302.95 ,0.00
9/11/2023, 301.16 ,-1.79
9/12/2023, 299.89 ,-1.27
9/13/2023, 298.82 ,-1.07
9/14/2023, 297.96 ,-0.86
9/15/2023, 296.85 ,-1.11
9/16/2023, 296.85 ,0.00
9/17/2023, 296.85 ,0.00
9/18/2023, 295.95 ,-0.90
9/19/2023, 294.90 ,-1.05
9/20/2023, 293.88 ,-1.02
9/21/2023, 292.78 ,-1.10
9/22/2023, 291.76 ,-1.02
9/23/2023, 291.76 ,0.00
9/24/2023, 291.76 ,0.00
9/25/2023, 290.86 ,-0.90
9/26/2023, 289.80 ,-1.06
9/27/2023, 288.75 ,-1.05
9/28/2023, 287.74 ,-1.01
9/29/2023, 287.74 ,0.00
9/30/2023, 287.74 ,0.00
10/1/2023, 287.74 ,0.00
10/2/2023, 286.76 ,-0.98
10/3/2023, 285.72 ,-1.04
10/4/2023, 284.68 ,-1.04
10/5/2023, 283.62 ,-1.06
10/6/2023, 282.69 ,-0.93
10/7/2023, 282.69 ,0.00
10/8/2023, 282.69 ,0.00
10/9/2023, 281.65 ,-1.04
10/10/2023, 280.51 ,-1.14
10/11/2023, 279.51 ,-1.00
10/12/2023, 278.58 ,-0.93
10/13/2023, 277.62 ,-0.96
10/14/2023, 277.62 ,0.00
10/15/2023, 277.62 ,0.00
10/16/2023, 276.83 ,-0.79
10/17/2023, 277.03 ,0.20
10/18/2023, 280.29 ,3.26
10/19/2023, 278.81 ,-1.48
10/20/2023, 278.80 ,-0.01
10/21/2023, 278.80 ,0.00
10/22/2023, 278.80 ,0.00
10/23/2023, 279.12 ,0.32
10/24/2023, 279.43 ,0.31
10/25/2023, 279.88 ,0.45
10/26/2023, 280.09 ,0.21
10/27/2023, 280.57 ,0.48
10/28/2023, 280.57 ,0.00
10/29/2023, 280.57 ,0.00
10/30/2023, 280.95 ,0.38
10/31/2023, 281.47 ,0.52
11/1/2023, 282.65 ,1.18
11/2/2023, 283.43 ,0.78
11/3/2023, 284.31 ,0.88
11/4/2023, 284.31 ,0.00
11/5/2023, 284.31 ,0.00
11/6/2023, 285.29 ,0.98
11/7/2023, 286.39 ,1.10
11/8/2023, 286.90 ,0.51
11/9/2023, 286.90 ,0.00
11/10/2023, 287.03 ,0.13
11/11/2023, 287.03 ,0.00
11/12/2023, 287.03 ,0.00
11/13/2023, 287.55 ,0.52
11/14/2023, 287.87 ,0.32
11/15/2023, 288.14 ,0.27
11/16/2023, 287.38 ,-0.76
11/17/2023, 286.50 ,-0.88
11/18/2023, 286.50 ,0.00
11/19/2023, 286.50 ,0.00
11/20/2023, 285.97 ,-0.53
11/21/2023, 285.79 ,-0.18
11/22/2023, 285.13 ,-0.66
11/23/2023, 285.27 ,0.14
11/24/2023, 285.37 ,0.10
11/25/2023, 285.37 ,0.00
11/26/2023, 285.37 ,0.00
11/27/2023, 285.64 ,0.27
11/28/2023, 285.52 ,-0.12
11/29/2023, 285.39 ,-0.13
11/30/2023, 285.17 ,-0.22
12/1/2023, 284.97 ,-0.20
12/2/2023, 284.97 ,0.00
12/3/2023, 284.97 ,0.00
12/4/2023, 284.53 ,-0.44
12/5/2023, 284.38 ,-0.15
12/6/2023, 284.14 ,-0.24
12/7/2023, 284.12 ,-0.02
12/8/2023, 283.87 ,-0.25
12/9/2023, 283.87 ,0.00
12/10/2023, 283.87 ,0.00
12/11/2023, 283.90 ,0.03
12/12/2023, 283.78 ,-0.12
12/13/2023, 283.61 ,-0.17
12/14/2023, 283.51 ,-0.10
12/15/2023, 283.26 ,-0.25
12/16/2023, 283.26 ,0.00
12/17/2023, 283.26 ,0.00
12/18/2023, 283.21 ,-0.05
12/19/2023, 283.01 ,-0.20
12/20/2023, 282.90 ,-0.11
12/21/2023, 282.79 ,-0.11
12/22/2023, 282.53 ,-0.26
12/23/2023, 282.53 ,0.00
12/24/2023, 282.53 ,0.00
12/25/2023, 282.53 ,0.00
12/26/2023, 282.37 ,-0.16
12/27/2023, 282.20 ,-0.17
12/28/2023, 281.93 ,-0.27
12/29/2023, 281.86 ,-0.07
12/30/2023, 281.86 ,0.00
12/31/2023, 281.86 ,0.00
1/1/2024, 281.86 ,0.00
1/2/2024, 281.89 ,0.03
1/3/2024, 281.72 ,-0.17
1/4/2024, 281.67 ,-0.05
1/5/2024, 281.40 ,-0.27
1/6/2024, 281.40 ,0.00
1/7/2024, 281.40 ,0.00
1/8/2024, 281.28 ,-0.12
1/9/2024, 281.22 ,-0.06
1/10/2024, 281.13 ,-0.09
1/11/2024, 281.11 ,-0.02
1/12/2024, 280.36 ,-0.75
1/13/2024, 280.36 ,0.00
1/14/2024, 280.36 ,0.00
1/15/2024, 280.24 ,-0.12
1/16/2024, 280.25 ,0.01
1/17/2024, 280.10 ,-0.15
1/18/2024, 279.98 ,-0.12
1/19/2024, 279.90 ,-0.08
1/20/2024, 279.90 ,0.00
1/21/2024, 279.90 ,0.00
1/22/2024, 279.85 ,-0.05
1/23/2024, 279.79 ,-0.06
1/24/2024, 279.67 ,-0.12
1/25/2024, 279.67 ,0.00
1/26/2024, 279.59 ,-0.08
1/27/2024, 279.59 ,0.00
1/28/2024, 279.59 ,0.00
1/29/2024, 279.64 ,0.05
1/30/2024, 279.55 ,-0.09
1/31/2024, 279.50 ,-0.05
2/1/2024, 279.48 ,-0.02
2/2/2024, 279.41 ,-0.07
2/3/2024, 279.41 ,0.00
2/4/2024, 279.41 ,0.00
2/5/2024, 279.41 ,0.00
2/6/2024, 279.42 ,0.01
2/7/2024, 279.34 ,-0.08
2/8/2024, 279.34 ,0.00
2/9/2024, 279.28 ,-0.06
2/10/2024, 279.28 ,0.00
2/11/2024, 279.28 ,0.00
2/12/2024, 279.33 ,0.05
2/13/2024, 279.31 ,-0.02
2/14/2024, 279.32 ,0.01
2/15/2024, 279.38 ,0.06
2/16/2024, 279.36 ,-0.02
2/17/2024, 279.36 ,0.00
2/18/2024, 279.36 ,0.00
2/19/2024, 279.36 ,0.00
2/20/2024, 279.57 ,0.21
2/21/2024, 279.50 ,-0.07
2/22/2024, 279.33 ,-0.17
2/23/2024, 279.36 ,0.03
2/24/2024, 279.36 ,0.00
2/25/2024, 279.36 ,0.00
2/26/2024, 279.20 ,-0.16
2/27/2024, 279.28 ,0.08
2/28/2024, 279.12 ,-0.16
2/29/2024, 279.11 ,-0.01
3/1/2024, 279.19 ,0.08
3/2/2024, 279.19 ,0.00
3/3/2024, 279.19 ,0.00
3/4/2024, 279.26 ,0.07
3/5/2024, 279.31 ,0.05
3/6/2024, 279.35 ,0.04
3/7/2024, 279.29 ,-0.06
3/8/2024, 279.04 ,-0.25
3/9/2024, 279.04 ,0.00
3/10/2024, 279.04 ,0.00
3/11/2024, 279.08 ,0.04
3/12/2024, 279.08 ,0.00
3/13/2024, 278.79 ,-0.29
3/14/2024, 278.77 ,-0.02
3/15/2024, 278.74 ,-0.03
3/16/2024, 278.74 ,0.00
3/17/2024, 278.74 ,0.00
3/18/2024, 278.63 ,-0.11
3/19/2024, 278.64 ,0.01
3/20/2024, 278.41 ,-0.23
3/21/2024, 278.40 ,-0.01
3/22/2024, 278.14 ,-0.26
3/23/2024, 278.14 ,0.00
3/24/2024, 278.14 ,0.00
3/25/2024, 278.13 ,-0.01
3/26/2024, 278.08 ,-0.05
3/27/2024, 278.04 ,-0.04
3/28/2024, 278.03 ,-0.01
3/29/2024, 277.95 ,-0.08
3/30/2024, 277.95 ,0.00
3/31/2024, 277.95 ,0.00
4/1/2024, 277.94 ,-0.01
4/2/2024, 277.84 ,-0.10
4/3/2024, 277.92 ,0.08
4/4/2024, 277.93 ,0.01
4/5/2024, 277.93 ,0.00
4/6/2024, 277.93 ,0.00
4/7/2024, 277.93 ,0.00
4/8/2024, 277.95 ,0.02
4/9/2024, 277.94 ,-0.01
4/10/2024, 277.94 ,0.00
4/11/2024, 277.94 ,0.00
4/12/2024, 277.94 ,0.00
4/13/2024, 277.94 ,0.00
4/14/2024, 277.94 ,0.00
4/15/2024, 278.12 ,0.18
4/16/2024, 278.29 ,0.17
4/17/2024, 278.40 ,0.11
4/18/2024, 278.44 ,0.04
4/19/2024, 278.31 ,-0.13
4/20/2024, 278.31 ,0.00
4/21/2024, 278.31 ,0.00
4/22/2024, 278.33 ,0.02
4/23/2024, 278.38 ,0.05
4/24/2024, 278.39 ,0.01
4/25/2024, 278.48 ,0.09
4/26/2024, 278.39 ,-0.09
4/27/2024, 278.39 ,0.00
4/28/2024, 278.39 ,0.00
4/29/2024, 278.40 ,0.01
4/30/2024, 278.31 ,-0.09
5/1/2024, 278.31 ,0.00
5/2/2024, 278.30 ,-0.01
5/3/2024, 278.21 ,-0.09
5/4/2024, 278.21 ,0.00
5/5/2024, 278.21 ,0.00
5/6/2024, 278.24 ,0.03
5/7/2024, 278.12 ,-0.12
5/8/2024, 278.10 ,-0.02
5/9/2024, 278.20 ,0.10
5/10/2024, 278.12 ,-0.08
5/11/2024, 278.12 ,0.00
5/12/2024, 278.12 ,0.00
5/13/2024, 278.20 ,0.08
5/14/2024, 278.18 ,-0.02
5/15/2024, 278.26 ,0.08
5/16/2024, 278.40 ,0.14
5/17/2024, 278.21 ,-0.19
5/18/2024, 278.21 ,0.00
5/19/2024, 278.21 ,0.00
5/20/2024, 278.30 ,0.09
5/21/2024, 278.39 ,0.09
5/22/2024, 278.47 ,0.08
5/23/2024, 278.30 ,-0.17
5/24/2024, 278.21 ,-0.09
5/25/2024, 278.21 ,0.00
5/26/2024, 278.21 ,0.00
5/27/2024, 278.30 ,0.09
5/28/2024, 278.30 ,0.00
5/29/2024, 278.40 ,0.10
5/30/2024, 278.50 ,0.10
5/31/2024, 278.33 ,-0.17
6/1/2024, 278.33 ,0.00
6/2/2024, 278.33 ,0.00
6/3/2024, 278.36 ,0.03
6/4/2024, 278.30 ,-0.06
6/5/2024, 278.30 ,0.00
6/6/2024, 278.39 ,0.09
6/7/2024, 278.20 ,-0.19
6/8/2024, 278.20 ,0.00
6/9/2024, 278.20 ,0.00
6/10/2024, 278.37 ,0.17
6/11/2024, 278.50 ,0.13
6/12/2024, 278.61 ,0.11
6/13/2024, 278.59 ,-0.02
6/14/2024, 278.51 ,-0.08
6/15/2024, 278.51 ,0.00
6/16/2024, 278.51 ,0.00
6/17/2024, 278.51 ,0.00
6/18/2024, 278.51 ,0.00
6/19/2024, 278.51 ,0.00
6/20/2024, 278.60 ,0.09
6/21/2024, 278.51 ,-0.09
6/22/2024, 278.51 ,0.00
6/23/2024, 278.51 ,0.00
6/24/2024, 278.62 ,0.11
6/25/2024, 278.50 ,-0.12
6/26/2024, 278.40 ,-0.10
6/27/2024, 278.38 ,-0.02
6/28/2024, 278.34 ,-0.04
6/29/2024, 278.34 ,0.00
6/30/2024, 278.34 ,0.00
7/1/2024, 278.34 ,0.00
7/2/2024, 278.38 ,0.04
7/3/2024, 278.40 ,0.02
7/4/2024, 278.50 ,0.10
7/5/2024, 278.38 ,-0.12
7/6/2024, 278.38 ,0.00
7/7/2024, 278.38 ,0.00
7/8/2024, 278.50 ,0.12
7/9/2024, 278.40 ,-0.10
7/10/2024, 278.51 ,0.11
7/11/2024, 278.61 ,0.10
7/12/2024, 278.40 ,-0.21
7/13/2024, 278.40 ,0.00
7/14/2024, 278.40 ,0.00
7/15/2024, 278.11 ,-0.29
7/16/2024, 278.11 ,0.00
7/17/2024, 278.11 ,0.00
7/18/2024, 278.17 ,0.06
7/19/2024, 278.13 ,-0.04
7/20/2024, 278.13 ,0.00
7/21/2024, 278.13 ,0.00
7/22/2024, 278.30 ,0.17
7/23/2024, 278.41 ,0.11
7/24/2024, 278.50 ,0.09
7/25/2024, 278.41 ,-0.09
7/26/2024, 278.34 ,-0.07
7/27/2024, 278.34 ,0.00
7/28/2024, 278.34 ,0.00
7/29/2024, 278.50 ,0.16
7/30/2024, 278.66 ,0.16
7/31/2024, 278.74 ,0.08
8/1/2024, 278.66 ,-0.08
8/2/2024, 278.50 ,-0.16
8/3/2024, 278.50 ,0.00
8/4/2024, 278.50 ,0.00
8/5/2024, 278.63 ,0.13
8/6/2024, 278.69 ,0.06
8/7/2024, 278.73 ,0.04
8/8/2024, 278.69 ,-0.04
8/9/2024, 278.55 ,-0.14
8/10/2024, 278.55 ,0.00
8/11/2024, 278.55 ,0.00
8/12/2024, 278.64 ,0.09
8/13/2024, 278.70 ,0.06
8/14/2024, 278.70 ,0.00
8/15/2024, 278.70 ,0.00
8/16/2024, 278.54 ,-0.16
8/17/2024, 278.54 ,0.00
8/18/2024, 278.54 ,0.00
8/19/2024, 278.44 ,-0.10
8/20/2024, 278.34 ,-0.10
8/21/2024, 278.52 ,0.18
8/22/2024, 278.67 ,0.15
8/23/2024, 278.50 ,-0.17
8/24/2024, 278.50 ,0.00
8/25/2024, 278.50 ,0.00
8/26/2024, 278.42 ,-0.08
8/27/2024, 278.32 ,-0.10
8/28/2024, 278.45 ,0.13
8/29/2024, 278.64 ,0.19
8/30/2024, 278.54 ,-0.10
8/31/2024, 278.54 ,0.00
9/1/2024, 278.54 ,0.00
9/2/2024, 278.64 ,0.10
9/3/2024, 278.70 ,0.06
9/4/2024, 278.77 ,0.07
9/5/2024, 278.68 ,-0.09
9/6/2024, 278.57 ,-0.11
9/7/2024, 278.57 ,0.00
9/8/2024, 278.57 ,0.00
9/9/2024, 278.70 ,0.13
9/10/2024, 278.62 ,-0.08
9/11/2024, 278.54 ,-0.08
9/12/2024, 278.44 ,-0.10
9/13/2024, 278.16 ,-0.28
9/14/2024, 278.16 ,0.00
9/15/2024, 278.16 ,0.00
9/16/2024, 278.13 ,-0.03
9/17/2024, 278.13 ,0.00
9/18/2024, 278.04 ,-0.09
9/19/2024, 277.91 ,-0.13
9/20/2024, 277.84 ,-0.07
9/21/2024, 277.84 ,0.00
9/22/2024, 277.84 ,0.00
9/23/2024, 277.87 ,0.03
9/24/2024, 277.80 ,-0.07
9/25/2024, 277.85 ,0.05
9/26/2024, 277.69 ,-0.16
9/27/2024, 277.64 ,-0.05
9/28/2024, 277.64 ,0.00
9/29/2024, 277.64 ,0.00
9/30/2024, 277.71 ,0.07
10/1/2024, 277.69 ,-0.02
10/2/2024, 277.64 ,-0.05
10/3/2024, 277.74 ,0.10
10/4/2024, 277.52 ,-0.22
10/5/2024, 277.52 ,0.00
10/6/2024, 277.52 ,0.00
10/7/2024, 277.64 ,0.12
10/8/2024, 277.67 ,0.03
10/9/2024, 277.72 ,0.05
10/10/2024, 277.79 ,0.07
10/11/2024, 277.64 ,-0.15
10/12/2024, 277.64 ,0.00
10/13/2024, 277.64 ,0.00
10/14/2024, 277.66 ,0.02
10/15/2024, 277.74 ,0.08
10/16/2024, 277.84 ,0.10
10/17/2024, 277.79 ,-0.05
10/18/2024, 277.61 ,-0.18
10/19/2024, 277.61 ,0.00
10/20/2024, 277.61 ,0.00
10/21/2024, 277.69 ,0.08
10/22/2024, 277.74 ,0.05
10/23/2024, 277.73 ,-0.01
10/24/2024, 277.84 ,0.11
10/25/2024, 277.64 ,-0.20
10/26/2024, 277.64 ,0.00
10/27/2024, 277.64 ,0.00
10/28/2024, 277.68 ,0.04
10/29/2024, 277.74 ,0.06
10/30/2024, 277.79 ,0.05
10/31/2024, 277.85 ,0.06
11/1/2024, 277.70 ,-0.15
11/2/2024, 277.70 ,0.00
11/3/2024, 277.70 ,0.00
11/4/2024, 277.79 ,0.09
11/5/2024, 277.84 ,0.05
11/6/2024, 277.89 ,0.05
11/7/2024, 277.95 ,0.06
11/8/2024, 277.74 ,-0.21
11/9/2024, 277.74 ,0.00
11/10/2024, 277.74 ,0.00
11/11/2024, 277.86 ,0.12
11/12/2024, 277.93 ,0.07
11/13/2024, 277.85 ,-0.08
11/14/2024, 277.74 ,-0.11
11/15/2024, 277.67 ,-0.07
11/16/2024, 277.67 ,0.00
11/17/2024, 277.67 ,0.00
11/18/2024, 277.86 ,0.19
11/19/2024, 277.95 ,0.09
11/20/2024, 278.04 ,0.09
11/21/2024, 277.96 ,-0.08
11/22/2024, 277.76 ,-0.20
11/23/2024, 277.76 ,0.00
11/24/2024, 277.76 ,0.00
11/25/2024, 277.75 ,-0.01
11/26/2024, 277.84 ,0.09
11/27/2024, 277.96 ,0.12
11/28/2024, 278.04 ,0.08
11/29/2024, 278.05 ,0.01
11/30/2024, 278.05 ,0.00
12/1/2024, 278.05 ,0.00
12/2/2024, 277.97 ,-0.08
12/3/2024, 277.87 ,-0.10
12/4/2024, 277.92 ,0.05
12/5/2024, 277.94 ,0.02
12/6/2024, 278.01 ,0.07
12/7/2024, 278.01 ,0.00
12/8/2024, 278.01 ,0.00
12/9/2024, 277.98 ,-0.03
12/10/2024, 278.05 ,0.07
12/11/2024, 278.17 ,0.12
12/12/2024, 278.23 ,0.06
12/13/2024, 278.12 ,-0.11
12/14/2024, 278.12 ,0.00
12/15/2024, 278.12 ,0.00
12/16/2024, 278.17 ,0.05
12/17/2024, 278.27 ,0.10
12/18/2024, 278.23 ,-0.04
12/19/2024, 278.35 ,0.12
12/20/2024, 278.42 ,0.07
12/21/2024, 278.42 ,0.00
12/22/2024, 278.42 ,0.00
12/23/2024, 278.57 ,0.15
12/24/2024, 278.47 ,-0.10
12/25/2024, 278.47 ,0.00
12/26/2024, 278.37 ,-0.10
12/27/2024, 278.47 ,0.10
12/28/2024, 278.47 ,0.00
12/29/2024, 278.47 ,0.00
12/30/2024, 278.48 ,0.01
12/31/2024, 278.55 ,0.07
1/1/2025, 278.55 ,0.00
1/2/2025, 278.64 ,0.09
1/3/2025, 278.56 ,-0.08
1/4/2025, 278.56 ,0.00
1/5/2025, 278.56 ,0.00
1/6/2025, 278.62 ,0.06
1/7/2025, 278.67 ,0.05
1/8/2025, 278.72 ,0.05
1/9/2025, 278.61 ,-0.11
1/10/2025, 278.58 ,-0.03
1/11/2025, 278.58 ,0.00
1/12/2025, 278.58 ,0.00
1/13/2025, 278.68 ,0.10
1/14/2025, 278.72 ,0.04
1/15/2025, 278.77 ,0.05
1/16/2025, 278.86 ,0.09
1/17/2025, 278.71 ,-0.15
1/18/2025, 278.71 ,0.00
1/19/2025, 278.71 ,0.00
1/20/2025, 278.65 ,-0.06
1/21/2025, 278.82 ,0.17
1/22/2025, 278.85 ,0.03
1/23/2025, 278.72 ,-0.13
1/24/2025, 278.75 ,0.03
1/25/2025, 278.75 ,0.00
1/26/2025, 278.75 ,0.00
1/27/2025, 278.83 ,0.08
1/28/2025, 278.93 ,0.10
1/29/2025, 278.87 ,-0.06
1/30/2025, 278.97 ,0.10
1/31/2025, 278.95 ,-0.02
2/1/2025, 278.95 ,0.00
2/2/2025, 278.95 ,0.00
2/3/2025, 279.04 ,0.09
2/4/2025, 278.96 ,-0.08
2/5/2025, 278.96 ,0.00
2/6/2025, 279.15 ,0.19
2/7/2025, 279.05 ,-0.10
2/8/2025, 279.05 ,0.00
2/9/2025, 279.05 ,0.00
2/10/2025, 279.22 ,0.17
2/11/2025, 279.17 ,-0.05
2/12/2025, 279.26 ,0.09
2/13/2025, 279.26 ,0.00
2/14/2025, 279.21 ,-0.05
2/15/2025, 279.21 ,0.00
2/16/2025, 279.21 ,0.00
2/17/2025, 279.27 ,0.06
2/18/2025, 279.37 ,0.10
2/19/2025, 279.47 ,0.10
2/20/2025, 279.46 ,-0.01
2/21/2025, 279.57 ,0.11
2/22/2025, 279.57 ,0.00
2/23/2025, 279.57 ,0.00
2/24/2025, 279.66 ,0.09
2/25/2025, 279.67 ,0.01
2/26/2025, 279.62 ,-0.05
2/27/2025, 279.72 ,0.10
2/28/2025, 279.67 ,-0.05
3/1/2025, 279.67 ,0.00
3/2/2025, 279.67 ,0.00
3/3/2025, 279.67 ,0.00
3/4/2025, 279.77 ,0.10
3/5/2025, 279.87 ,0.10
3/6/2025, 279.82 ,-0.05
3/7/2025, 279.97 ,0.15
3/8/2025, 279.97 ,0.00
3/9/2025, 279.97 ,0.00
3/10/2025, 280.07 ,0.10
3/11/2025, 279.95 ,-0.12
3/12/2025, 279.97 ,0.02
3/13/2025, 280.05 ,0.08
3/14/2025, 280.22 ,0.17
3/15/2025, 280.22 ,0.00
3/16/2025, 280.22 ,0.00
3/17/2025, 280.17 ,-0.05
3/18/2025, 280.27 ,0.10
3/19/2025, 280.21 ,-0.06
3/20/2025, 280.23 ,0.02
3/21/2025, 280.26 ,0.03
3/22/2025, 280.26 ,0.00
3/23/2025, 280.26 ,0.00
3/24/2025, 280.37 ,0.11
3/25/2025, 280.42 ,0.05
3/26/2025, 280.26 ,-0.16
3/27/2025, 280.22 ,-0.04
3/28/2025, 280.16 ,-0.06
3/29/2025, 280.16 ,0.00
3/30/2025, 280.16 ,0.00
3/31/2025, 280.16 ,0.00
4/1/2025, 280.16 ,0.00
4/2/2025, 280.16 ,0.00
4/3/2025, 280.56 ,0.40
4/4/2025, 280.47 ,-0.09
4/5/2025, 280.47 ,0.00
4/6/2025, 280.47 ,0.00
4/7/2025, 280.57 ,0.10
4/8/2025, 280.73 ,0.16
4/9/2025, 280.78 ,0.05
4/10/2025, 280.56 ,-0.22
4/11/2025, 280.47 ,-0.09
4/12/2025, 280.47 ,0.00
4/13/2025, 280.47 ,0.00
4/14/2025, 280.60 ,0.13
4/15/2025, 280.57 ,-0.03
4/16/2025, 280.46 ,-0.11
4/17/2025, 280.62 ,0.16
4/18/2025, 280.72 ,0.10
4/19/2025, 280.72 ,0.00
4/20/2025, 280.72 ,0.00
4/21/2025, 280.87 ,0.15
4/22/2025, 280.77 ,-0.10
4/23/2025, 280.97 ,0.20
4/24/2025, 281.07 ,0.10
4/25/2025, 280.97 ,-0.10
4/26/2025, 280.97 ,0.00
4/27/2025, 280.97 ,0.00
4/28/2025, 281.07 ,0.10
4/29/2025, 281.02 ,-0.05
4/30/2025, 280.97 ,-0.05
5/1/2025, 280.97 ,0.00
5/2/2025, 281.06 ,0.09
5/3/2025, 281.06 ,0.00
5/4/2025, 281.06 ,0.00
5/5/2025, 281.22 ,0.16
5/6/2025, 281.37 ,0.15
5/7/2025, 281.47 ,0.10
5/8/2025, 281.52 ,0.05
5/9/2025, 281.71 ,0.19
5/10/2025, 281.71 ,0.00
5/11/2025, 281.71 ,0.00
5/12/2025, 281.57 ,-0.14
5/13/2025, 281.67 ,0.10
5/14/2025, 281.72 ,0.05
5/15/2025, 281.61 ,-0.11
5/16/2025, 281.66 ,0.05
5/17/2025, 281.66 ,0.00
5/18/2025, 281.66 ,0.00
5/19/2025, 281.77 ,0.11
5/20/2025, 281.92 ,0.15
5/21/2025, 281.97 ,0.05
5/22/2025, 282.06 ,0.09
5/23/2025, 281.97 ,-0.09
5/24/2025, 281.97 ,0.00
5/25/2025, 281.97 ,0.00
5/26/2025, 282.06 ,0.09
5/27/2025, 282.17 ,0.11
5/28/2025, 282.17 ,0.00
5/29/2025, 282.07 ,-0.10
5/30/2025, 282.02 ,-0.05
5/31/2025, 282.02 ,0.00
6/1/2025, 282.02 ,0.00
6/2/2025, 281.97 ,-0.05
6/3/2025, 282.12 ,0.15
6/4/2025, 282.22 ,0.10
6/5/2025, 282.17 ,-0.05
6/6/2025, 282.17 ,0.00
6/7/2025, 282.17 ,0.00
6/8/2025, 282.17 ,0.00
6/9/2025, 282.17 ,0.00
6/10/2025, 282.21 ,0.04
6/11/2025, 282.47 ,0.26
,,
,,
,,
,,
,,
,,
,,
,,
,,
,,
,,
,,
,,
,,
,,
,,
,,
,,
,,
,,
,,
,,
,,
,,
,,
,,
,,
,,
,,
,,
,,
,,
,,
,,
,,
,,
,,
,,
,,
,,
,,
,,
,,
,,
,,
,,
,,
,,
,,
,,
,,
,,
,,
,,
,,
,,
,,
,,
,,
,,
,,
,,
,,
,,
,,
,,
,,
,,
,,
,,
,,
,,
,,
,,
,,
,,
,,
,,
,,
,,
,,
,,
,,
,,
,,
,,
,,
,,
,,
,,
,,
,,
,,
,,
,,
,,
,,
,,
,,
,,
,,
,,
,,
,,
,,
,,
,,
,,
,,
,,
,,
,,
,,
,,
,,
,,
,,
,,
,,
,,
,,
,,
,,
,,
,,
,,
,,
,,
,,
,,
,,
,,
,,
,,
,,
,,
,,
,,
,,
,,
,,
,,
,,
,,
,,
,,
,,
,,
,,
,,
,,
,,
,,
,,
,,
,,
,,
,,
,,
,,
,,
,,
,,
,,
,,
,,
,,
,,
,,
,,
,,
,,
,,
,,
,,
,,
,,
,,
,,
,,
,,
,,
,,
,,
,,
,,
,,
,,
,,
,,
,,
,,
,,
,,
,,
,,
,,
,,
,,
,,
,,
,,
,,
,,
,,
,,
,,
,,
,,
,,
,,
,,
,,
,,
,,
,,
,,
,,
,,
,,
,,
,,
,,
,,
,,
,,
,,
,,
,,
,,
,,
,,
,,
,,
,,
,,
,,
,,
,,
,,
,,
,,
,,
,,
,,
,,
,,
,,
,,
,,
,,
,,
,,
,,
,,
,,
,,
,,
,,
,,
,,
,,
,,
,,
,,
,,
,,
,,
,,
,,
,,
,,
,,
,,
,,
,,
,,
,,
,,
,,
,,
,,
,,
,,
,,
,,
,,
,,
,,
,,
,,
,,
,,
,,
,,
,,
,,
,,
,,
,,
,,
,,
,,
,,
,,
,,
,,
,,
,,
,,
,,
,,
,,
,,
,,
,,
,,
,,
,,
,,
,,
,,
,,
,,
,,
,,
,,
,,
,,
,,
,,
,,
,,
,,
,,
,,
,,
,,
,,
,,
,,
,,
,,
,,
,,
,,
,,
,,
,,
,,
,,
,,
,,
,,
,,
,,
,,
,,
,,
,,
,,
,,
,,
,,
,,
,,
,,
,,
,,
,,
,,
,,
,,
,,
,,
,,
,,
,,
,,
,,
,,
,,
,,
,,
,,
,,
,,
,,
,,
,,
,,
,,
,,
,,
,,
,,
,,
,,
,,
,,
,,
,,
,,
,,
,,
,,
,,
,,
,,
,,
,,
,,
,,
,,
,,
,,
,,
,,
,,
,,
,,
,,
,,
,,
,,
,,
,,
,,
,,
,,
,,
,,
,,
,,
,,
,,
,,
,,
,,
,,
,,
,,
,,
,,
,,
,,
,,
,,
,,
,,
,,
,,
,,
,,
,,
,,
,,
,,
,,
,,
,,
,,
,,
,,
,,
,,
,,
,,
,,
,,
,,
,,
,,
,,
,,
,,
,,
,,
,,
,,
,,
,,
,,
,,
,,
,,
,,
,,
,,
,,
,,
,,
,,
,,
,,
,,
,,
,,
,,
,,
,,
,,
,,
,,
,,
,,
,,
,,
,,
,,
,,
,,
,,
,,
,,
,,
,,
,,
,,
,,
,,
,,
,,
,,
,,
,,
,,
,,
,,
,,
,,
,,
,,
,,
,,
,,
,,
,,
,,
,,
,,
,,
,,
,,
,,
,,
,,
,,
,,
,,
,,
,,
,,
,,
,,
,,
,,
,,
,,
,,
,,
,,
,,
,,
,,
,,
,,
,,
,,
,,
,,
,,
,,
,,
,,
,,
,,
,,
,,
,,
,,
,,
,,
,,
,,
,,
,,
,,
,,
,,
,,
,,
,,
,,
,,
,,
,,
,,
,,
,,
,,
,,
,,
,,
,,
,,
,,
,,
,,
,,
,,
,,
,,
,,
,,
,,
,,
,,
,,
,,
,,
,,
,,
,,
,,
,,
,,
,,
,,
,,
,,
,,
,,
,,
,,
,,
,,
,,
,,
,,
,,
,,
,,
,,
,,
,,
,,
,,
,,
,,
,,
,,
,,
,,
,,
,,
,,
,,
,,
,,
,,
,,
,,
,,
,,
,,
,,
,,
,,
,,
,,
,,
,,
,,
,,
,,
,,
,,
,,
,,
,,
,,
,,
,,
,,
,,
,,
,,
,,
,,
,,
,,
,,
,,
,,
,,
,,
,,
,,
,,
,,
,,
,,
,,
,,
,,
,,
,,
,,
,,
,,
,,
,,
,,
,,
,,
,,
,,
,,
,,
,,
,,
,,
,,
,,
,,
,,
,,
,,
,,
,,
,,
,,
,,
,,
,,
,,
,,
,,
,,
,,
,,
,,
,,
,,
,,
,,
,,
,,
,,
,,
,,
,,
,,
,,
,,
,,
,,
,,
,,
,,
,,
,,
,,
,,
,,
,,
,,
,,
,,
,,
,,
,,
,,
,,
,,
,,
,,
,,
,,
,,
,,
,,
,,
,,
,,
,,
,,
,,
,,
,,
,,
,,
,,
,,
,,
,,
,,
,,
,,
,,
,,
,,
,,
,,
,,
,,
,,
,,
,,
,,
,,
,,
,,
,,
,,
,,
,,
,,
,,
,,
,,
,,
,,
,,
,,
,,
,,
,,
,,
,,
,,
,,
,,
,,
,,
,,
,,
,,
,,
,,
,,
,,
,,
,,
,,
,,
,,
,,
,,
,,
,,
,,
,,
,,
,,
,,
,,
,,
,,
,,
,,
,,
,,
,,
,,
,,
,,
,,
,,
,,
,,
,,
,,
,,
,,
,,
,,
,,
,,
,,
,,
,,
,,
,,
,,
,,
,,
,,
,,
,,
,,
,,
,,
,,
,,
,,
,,
,,
,,
,,
,,
,,
,,
,,
,,
,,
,,
,,
,,
,,
,,
,,
,,
,,
,,
,,
,,
,,
,,
,,
,,
,,
,,
,,
,,
,,
,,
,,
,,
,,
,,
,,
,,
,,
,,
,,
,,
,,
,,
,,
,,
,,
,,
,,
,,
,,
,,
,,
,,
,,
,,
,,
,,
,,
,,
,,
,,
,,
,,
,,
,,
,,
,,
,,
,,
,,
,,
,,
,,
,,
,,
,,
,,
,,
,,
,,
,,
,,
,,
,,
,,
,,
,,
,,
,,
,,
,,
,,
,,
,,
,,
,,
,,
,,
,,
,,
,,
,,
,,
,,
,,
,,
,,
,,
,,
,,
,,
,,
,,
,,
,,
,,
,,
,,
,,
,,
,,
,,
,,
,,
,,
,,
,,
,,
,,
,,
,,
,,
,,
,,
,,
,,
,,
,,
,,
,,
,,
,,
,,
,,
,,
,,
,,
,,
,,
,,
,,
,,
,,
,,
,,
,,
,,
,,
,,
,,
,,
,,
,,
,,
,,
,,
,,
,,
,,
,,
,,
,,
,,
,,
,,
,,
,,
,,
,,
,,
,,
,,
,,
,,
,,
,,
,,
,,
,,
,,
,,
,,
,,
,,
,,
,,
,,
,,
,,
,,
,,
,,
,,
,,
,,
,,
,,
,,
,,
,,
,,
,,
,,
,,
,,
,,
,,
,,
,,
,,
,,
,,
,,
,,
,,
,,
,,
,,
,,
,,
,,
,,
,,
,,
,,
,,
,,
,,
,,
,,
,,
,,
,,
,,
,,
,,
,,
,,
,,
,,
,,
,,
,,
,,
,,
,,
,,
,,
,,
,,
,,
,,
,,
,,
,,
,,
,,
,,
,,
,,
,,
,,
,,
,,
,,
,,
,,
,,
,,
,,
,,
,,
,,
,,
,,
,,
,,
,,
,,
,,
,,
,,
,,
,,
,,
,,
,,
,,
,,
,,
,,
,,
,,
,,
,,
,,
,,
,,
,,
,,
,,
,,
,,
,,
,,
,,
,,
,,
,,
,,
,,
,,
,,
,,
,,
,,
,,
,,
,,
,,
,,
,,
,,
,,
,,
,,
,,
,,
,,
,,
,,
,,
,,
,,
,,
,,
,,
,,
,,
,,
,,
,,
,,
,,
,,
,,
,,
,,
,,
,,
,,
,,
,,
,,
,,
,,
,,
,,
,,
,,
,,
,,
,,
,,
,,
,,
,,
,,
,,
,,
,,
,,
,,
,,
,,
,,
,,
,,
,,
,,
,,
,,
,,
,,
,,
,,
,,
,,
,,
,,
,,
,,
,,
,,
,,
,,
,,
,,
,,
,,
,,
,,
,,
,,
,,
,,
,,
,,
,,
,,
,,
,,
,,
,,
,,
,,
,,
,,
,,
,,
,,
,,
,,
,,
,,
,,
,,
,,
,,
,,
,,
,,
,,
,,
,,
,,
,,
,,
,,
,,
,,
,,
,,
,,
,,
,,
,,
,,
,,
,,
,,
,,
,,
,,
,,
,,
,,
,,
,,
,,
,,
,,
,,
,,
,,
,,
,,
,,
,,
,,
,,
,,
,,
,,
,,
,,
,,
,,
,,
,,
,,
,,
,,
,,
,,
,,
,,
,,
,,
,,
,,
,,
,,
,,
,,
,,
,,
,,
,,
,,
,,
,,
,,
,,
,,
,,
,,
,,
,,
,,
,,
,,
,,
,,
,,
,,
,,
,,
,,
,,
,,
,,
,,
,,
,,
,,
,,
,,
,,
,,
,,
,,
,,
,,
,,
,,
,,
,,
,,
,,
,,
,,
,,
,,
,,
,,
,,
,,
,,
,,
,,
,,
,,
,,
,,
,,
,,
,,
,,
,,
,,
,,
,,
,,
,,
,,
,,
,,
,,
,,
,,
,,
,,
,,
,,
,,
,,
,,
,,
,,
,,
,,
,,
,,
,,
,,
,,
,,
,,
,,
,,
,,
,,
,,
,,
,,
,,
,,
,,
,,
,,
,,
,,
,,
,,
,,
,,
,,
,,
,,
,,
,,
,,
,,
,,
,,
,,
,,
,,
,,
,,
,,
,,
,,
,,
,,
,,
,,
,,
,,
,,
,,
,,
,,
,,
,,
,,
,,
,,
,,
,,
,,
,,
,,
,,
,,
,,
,,
,,
,,
,,
,,
,,
,,
,,
,,
,,
,,
,,
,,
,,
,,
,,
,,
,,
,,
,,
,,
,,
,,
,,
,,
,,
,,
,,
,,
,,
,,
,,
,,
,,
,,
,,
,,
,,
,,
,,
,,
,,
,,
,,
,,
,,
,,
,,
,,
,,
,,
,,
,,
,,
,,
,,
,,
,,
,,
,,
,,
,,
,,
,,
,,
,,
,,
,,
,,
,,
,,
,,
,,
,,
,,
,,
,,
,,
,,
,,
,,
,,
,,
,,
,,
,,
,,
,,
,,
,,
,,
,,
,,
,,
,,
,,
,,
,,
,,
,,
,,
,,
,,
,,
,,
,,
,,
,,
,,
,,
,,
,,
,,
,,
,,
,,
,,
,,
,,
,,
,,
,,
,,
,,
,,
,,
,,
,,
,,
,,
,,
,,
,,
,,
,,
,,
,,
,,
,,
,,
,,
,,
,,
,,
,,
,,
,,
,,
,,
,,
,,
,,
,,
,,
,,
,,
,,
,,
,,
,,
,,
,,
,,
,,
,,
,,
,,
,,
,,
,,
,,
,,
,,
,,
,,
,,
,,
,,
,,
,,
,,
,,
,,
,,
,,
,,
,,
,,
,,
,,
,,
,,
,,
,,
,,
,,
,,
,,
,,
,,
,,
,,
,,
,,
,,
,,
,,
,,
,,
,,
,,
,,
,,
,,
,,
,,
,,
,,
,,
,,
,,
,,
,,
,,
,,
,,
,,
,,
,,
,,
,,
,,
,,
,,
,,
,,
,,
,,
,,
,,
,,
,,
,,
,,
,,
,,
,,
,,
,,
,,
,,
,,
,,
,,
,,
,,
,,
,,
,,
,,
,,
,,
,,
,,
,,
,,
,,
,,
,,
,,
,,
,,
,,
,,
,,
,,
,,
,,
,,
,,
,,
,,
,,
,,
,,
,,
,,
,,
,,
,,
,,
,,
,,
,,
,,
,,
,,
,,
,,
,,
,,
,,
,,
,,
,,
,,
,,
,,
,,
,,
,,
,,
,,
,,
,,
,,
,,
,,
,,
,,
,,
,,
,,
,,
,,
,,
,,
,,
,,
,,
,,
,,
,,
,,
,,
,,
,,
,,
,,
,,
,,
,,
,,
,,
,,
,,
,,
,,
,,
,,
,,
,,
,,
,,
,,
,,
,,
,,
,,
,,
,,
,,
,,
,,
,,
,,
,,
,,
,,
,,
,,
,,
,,
,,
,,
,,
,,
,,
,,
,,
,,
,,
,,
,,
,,
,,
,,
,,
,,
,,
,,
,,
,,
,,
,,
,,
,,
,,
,,
,,
,,
,,
,,
,,
,,
,,
,,
,,
,,
,,
,,
,,
,,
,,
,,
,,
,,
,,
,,
,,
,,
,,
,,
,,
,,
,,
,,
,,
,,
,,
,,
,,
,,
,,
,,
,,
,,
,,
,,
,,
,,
,,
,,
,,
,,
,,
,,
,,
,,
,,
,,
,,
,,
,,
,,
,,
,,
,,
,,
,,
,,
,,
,,
,,
,,
,,
,,
,,
,,
,,
,,
,,
,,
,,
,,
,,
,,
,,
,,
,,
,,
,,
,,
,,
,,
,,
,,
,,
,,
,,
,,
,,
,,
,,
,,
,,
,,
,,
,,
,,
,,
,,
,,
,,
,,
,,
,,
,,
,,
,,
,,
,,
,,
,,
,,
,,
,,
,,
,,
,,
,,
,,
,,
,,
,,
,,
,,
,,
,,
,,
,,
,,
,,
,,
,,
,,
,,
,,
,,
,,
,,
,,
,,
,,
,,
,,
,,
,,
,,
,,
,,
,,
,,
,,
,,
,,
,,
,,
,,
,,
,,
,,
,,
,,
,,
,,
,,
,,
,,
,,
,,
,,
,,
,,
,,
,,
,,
,,
,,
,,
,,
,,
,,
,,
,,
,,
,,
,,
,,
,,
,,
,,
,,
,,
,,
,,
,,
,,
,,
,,
,,
,,
,,
,,
,,
,,
,,
,,
,,
,,
,,
,,
,,
,,
,,
,,
,,
,,
,,
,,
,,
,,
,,
,,
,,
,,
,,
,,
,,
,,
,,
,,
,,
,,
,,
,,
,,
,,
,,
,,
,,
,,
,,
,,
,,
,,
,,
,,
,,
,,
,,
,,
,,
,,
,,
,,
,,
,,
,,
,,
,,
,,
,,
,,
,,
,,
,,
,,
,,
,,
,,
,,
,,
,,
,,
,,
,,
,,
,,
,,
,,
,,
,,
,,
,,
,,
,,
,,
,,
,,
,,
,,
,,
,,
,,
,,
,,
,,
,,
,,
,,
,,
,,
,,
,,
,,
,,
,,
,,
,,
,,
,,
,,
,,
,,
,,
,,
,,
,,
,,
,,
,,
,,
,,
,,
,,
,,
,,
,,
,,
,,
,,
,,
,,
,,
,,
,,
,,
,,
,,
,,
,,
,,
,,
,,
,,
,,
,,
,,
,,
,,
,,
,,
,,
,,
,,
,,
,,
,,
,,
,,
,,
,,
,,
,,
,,
,,
,,
,,
,,
,,
,,
,,
,,
,,
,,
,,
,,
,,
,,
,,
,,
,,
,,
,,
,,
,,
,,
,,
,,
,,
,,
,,
,,
,,
,,
,,
,,
,,
,,
,,
,,
,,
,,
,,
,,
,,
,,
,,
,,
,,
,,
,,
,,
,,
,,
,,
,,
,,
,,
,,
,,
,,
,,
,,
,,
,,
,,
,,
,,
,,
,,
,,
,,
,,
,,
,,
,,
,,
,,
,,
,,
,,
,,
,,
,,
,,
,,
,,
,,
,,
,,
,,
,,
,,
,,
,,
,,
,,
,,
,,
,,
,,
,,
,,
,,
,,
,,
,,
,,
,,
,,
,,
,,
,,
,,
,,
,,
,,
,,
,,
,,
,,
,,
,,
,,
,,
,,
,,
,,
,,
,,
,,
,,
,,
,,
,,
,,
,,
,,
,,
,,
,,
,,
,,
,,
,,
,,
,,
,,
,,
,,
,,
,,
,,
,,
,,
,,
,,
,,
,,
,,
,,
,,
,,
,,
,,
,,
,,
,,
,,
,,
,,
,,
,,
,,
,,
,,
,,
,,
,,
,,
,,
,,
,,
,,
,,
,,
,,
,,
,,
,,
,,
,,
,,
,,
,,
,,
,,
,,
,,
,,
,,
,,
,,
,,
,,
,,
,,
,,
,,
,,
,,
,,
,,
,,
,,
,,
,,
,,
,,
,,
,,
,,
,,
,,
,,
,,
,,
,,
,,
,,
,,
,,
,,
,,
,,
,,
,,
,,
,,
,,
,,
,,
,,
,,
,,
,,
,,
,,
,,
,,
,,
,,
,,
,,
,,
,,
,,
,,
,,
,,
,,
,,
,,
,,
,,
,,
,,
,,
,,
,,
,,
,,
,,
,,
,,
,,
,,
,,
,,
,,
,,
,,
,,
,,
,,
,,
,,
,,
,,
,,
,,
,,
,,
,,
,,
,,
,,
,,
,,
,,
,,
,,
,,
,,
,,
,,
,,
,,
,,
,,
,,
,,
,,
,,
,,
,,
,,
,,
,,
,,
,,
,,
,,
,,
,,
,,
,,
,,
,,
,,
,,
,,
,,
,,
,,
,,
,,
,,
,,
,,
,,
,,
,,
,,
,,
,,
,,
,,
,,
,,
,,
,,
,,
,,
,,
,,
,,
,,
,,
,,
,,
,,
,,
,,
,,
,,
,,
,,
,,
,,
,,
,,
,,
,,
,,
,,
,,
,,
,,
,,
,,
,,
,,
,,
,,
,,
,,
,,
,,
,,
,,
,,
,,
,,
,,
,,
,,
,,
,,
,,
,,
,,
,,
,,
,,
,,
,,
,,
,,
,,
,,
,,
,,
,,
,,
,,
,,
,,
,,
,,
,,
,,
,,
,,
,,
,,
,,
,,
,,
,,
,,
,,
,,
,,
,,
,,
,,
,,
,,
,,
,,
,,
,,
,,
,,
,,
,,
,,
,,
,,
,,
,,
,,
,,
,,
,,
,,
,,
,,
,,
,,
,,
,,
,,
,,
,,
,,
,,
,,
,,
,,
,,
,,
,,
,,
,,
,,
,,
,,
,,
,,
,,
,,
,,
,,
,,
,,
,,
,,
,,
,,
,,
,,
,,
,,
,,
,,
,,
,,
,,
,,
,,
,,
,,
,,
,,
,,
,,
,,
,,
,,
,,
,,
,,
,,
,,
,,
,,
,,
,,
,,
,,
,,
,,
,,
,,
,,
,,
,,
,,
,,
,,
,,
,,
,,
,,
,,
,,
,,
,,
,,
,,
,,
,,
,,
,,
,,
,,
,,
,,
,,
,,
,,
,,
,,
,,
,,
,,
,,
,,
,,
,,
,,
,,
,,
,,
,,
,,
,,
,,
,,
,,
,,
,,
,,
,,
,,
,,
,,
,,
,,
,,
,,
,,
,,
,,
,,
,,
,,
,,
,,
,,
,,
,,
,,
,,
,,
,,
,,
,,
,,
,,
,,
,,
,,
,,
,,
,,
,,
,,
,,
,,
,,
,,
,,
,,
,,
,,
,,
,,
,,
,,
,,
,,
,,
,,
,,
,,
,,
,,
,,
,,
,,
,,
,,
,,
,,
,,
,,
,,
,,
,,
,,
,,
,,
,,
,,
,,
,,
,,
,,
,,
,,
,,
,,
,,
,,
,,
,,
,,
,,
,,
,,
,,
,,
,,
,,
,,
,,
,,
,,
,,
,,
,,
,,
,,
,,
,,
,,
,,
,,
,,
,,
,,
,,
,,
,,
,,
,,
,,
,,
,,
,,
,,
,,
,,
,,
,,
,,
,,
,,
,,
,,
,,
,,
,,
,,
,,
,,
,,
,,
,,
,,
,,
,,
,,
,,
,,
,,
,,
,,
,,
,,
,,
,,
,,
,,
,,
,,
,,
,,
,,
,,
,,
,,
,,
,,
,,
,,
,,
,,
,,
,,
,,
,,
,,
,,
,,
,,
,,
,,
,,
,,
,,
,,
,,
,,
,,
,,
,,
,,
,,
,,
,,
,,
,,
,,
,,
,,
,,
,,
,,
,,
,,
,,
,,
,,
,,
,,
,,
,,
,,
,,
,,
,,
,,
,,
,,
,,
,,
,,
,,
,,
,,
,,
,,
,,
,,
,,
,,
,,
,,
,,
,,
,,
,,
,,
,,
,,
,,
,,
,,
,,
,,
,,
,,
,,
,,
,,
,,
,,
,,
,,
,,
,,
,,
,,
,,
,,
,,
,,
,,
,,
,,
,,
,,
,,
,,
,,
,,
,,
,,
,,
,,
,,
,,
,,
,,
,,
,,
,,
,,
,,
,,
,,
,,
,,
,,
,,
,,
,,
,,
,,
,,
,,
,,
,,
,,
,,
,,
,,
,,
,,
,,
,,
,,
,,
,,
,,
,,
,,
,,
,,
,,
,,
,,
,,
,,
,,
,,
,,
,,
,,
,,
,,
,,
,,
,,
,,
,,
,,
,,
,,
,,
,,
,,
,,
,,
,,
,,
,,
,,
,,
,,
,,
,,
,,
,,
,,
,,
,,
,,
,,
,,
,,
,,
,,
,,
,,
,,
,,
,,
,,
,,
,,
,,
,,
,,
,,
,,
,,
,,
,,
,,
,,
,,
,,
,,
,,
,,
,,
,,
,,
,,
,,
,,
,,
,,
,,
,,
,,
,,
,,
,,
,,
,,
,,
,,
,,
,,
,,
,,
,,
,,
,,
,,
,,
,,
,,
,,
,,
,,
,,
,,
,,
,,
,,
,,
,,
,,
,,
,,
,,
,,
,,
,,
,,
,,
,,
,,
,,
,,
,,
,,
,,
,,
,,
,,
,,
,,
,,
,,
,,
,,
,,
,,
,,
,,
,,
,,
,,
,,
,,
,,
,,
,,
,,
,,
,,
,,
,,
,,
,,
,,
,,
,,
,,
,,
,,
,,
,,
,,
,,
,,
,,
,,
,,
,,
,,
,,
,,
,,
,,
,,
,,
,,
,,
,,
,,
,,
,,
,,
,,
,,
,,
,,
,,
,,
,,
,,
,,
,,
,,
,,
,,
,,
,,
,,
,,
,,
,,
,,
,,
,,
,,
,,
,,
,,
,,
,,
,,
,,
,,
,,
,,
,,
,,
,,
,,
,,
,,
,,
,,
,,
,,
,,
,,
,,
,,
,,
,,
,,
,,
,,
,,
,,
,,
,,
,,
,,
,,
,,
,,
,,
,,
,,
,,
,,
,,
,,
,,
,,
,,
,,
,,
,,
,,
,,
,,
,,
,,
,,
,,
,,
,,
,,
,,
,,
,,
,,
,,
,,
,,
,,
,,
,,
,,
,,
,,
,,
,,
,,
,,
,,
,,
,,
,,
,,
,,
,,
,,
,,
,,
,,
,,
,,
,,
,,
,,
,,
,,
,,
,,
,,
,,
,,
,,
,,
,,
,,
,,
,,
,,
,,
,,
,,
,,
,,
,,
,,
,,
,,
,,
,,
,,
,,
,,
,,
,,
,,
,,
,,
,,
,,
,,
,,
,,
,,
,,
,,
,,
,,
,,
,,
,,
,,
,,
,,
,,
,,
,,
,,
,,
,,
,,
,,
,,
,,
,,
,,
,,
,,
,,
,,
,,
,,
,,
,,
,,
,,
,,
,,
,,
,,
,,
,,
,,
,,
,,
,,
,,
,,
,,
,,
,,
,,
,,
,,
,,
,,
,,
,,
,,
,,
,,
,,
,,
,,
,,
,,
,,
,,
,,
,,
,,
,,
,,
,,
,,
,,
,,
,,
,,
,,
,,
,,
,,
,,
,,
,,
,,
,,
,,
,,
,,
,,
,,
,,
,,
,,
,,
,,
,,
,,
,,
,,
,,
,,
,,
,,
,,
,,
,,
,,
,,
,,
,,
,,
,,
,,
,,
,,
,,
,,
,,
,,
,,
,,
,,
,,
,,
,,
,,
,,
,,
,,
,,
,,
,,
,,
,,
,,
,,
,,
,,
,,
,,
,,
,,
,,
,,
,,
,,
,,
,,
,,
,,
,,
,,
,,
,,
,,
,,
,,
,,
,,
,,
,,
,,
,,
,,
,,
,,
,,
,,
,,
,,
,,
,,
,,
,,
,,
,,
,,
,,
,,
,,
,,
,,
,,
,,
,,
,,
,,
,,
,,
,,
,,
,,
,,
,,
,,
,,
,,
,,
,,
,,
,,
,,
,,
,,
,,
,,
,,
,,
,,
,,
,,
,,
,,
,,
,,
,,
,,
,,
,,
,,
,,
,,
,,
,,
,,
,,
,,
,,
,,
,,
,,
,,
,,
,,
,,
,,
,,
,,
,,
,,
,,
,,
,,
,,
,,
,,
,,
,,
,,
,,
,,
,,
,,
,,
,,
,,
,,
,,
,,
,,
,,
,,
,,
,,
,,
,,
,,
,,
,,
,,
,,
,,
,,
,,
,,
,,
,,
,,
,,
,,
,,
,,
,,
,,
,,
,,
,,
,,
,,
,,
,,
,,
,,
,,
,,
,,
,,
,,
,,
,,
,,
,,
,,
,,
,,
,,
,,
,,
,,
,,
,,
,,
,,
,,
,,
,,
,,
,,
,,
,,
,,
,,
,,
,,
,,
,,
,,
,,
,,
,,
,,
,,
,,
,,
,,
,,
,,
,,
,,
,,
,,
,,
,,
,,
,,
,,
,,
,,
,,
,,
,,
,,
,,
,,
,,
,,
,,
,,
,,
,,
,,
,,
,,
,,
,,
,,
,,
,,
,,
,,
,,
,,
,,
,,
,,
,,
,,
,,
,,
,,
,,
,,
,,
,,
,,
,,
,,
,,
,,
,,
,,
,,
,,
,,
,,
,,
,,
,,
,,
,,
,,
,,
,,
,,
,,
,,
,,
,,
,,
,,
,,
,,
,,
,,
,,
,,
,,
,,
,,
,,
,,
,,
,,
,,
,,
,,
,,
,,
,,
,,
,,
,,
,,
,,
,,
,,
,,
,,
,,
,,
,,
,,
,,
,,
,,
,,
,,
,,
,,
,,
,,
,,
,,
,,
,,
,,
,,
,,
,,
,,
,,
,,
,,
,,
,,
,,
,,
,,
,,
,,
,,
,,
,,
,,
,,
,,
,,
,,
,,
,,
,,
,,
,,
,,
,,
,,
,,
,,
,,
,,
,,
,,
,,
,,
,,
,,
,,
,,
,,
,,
,,
,,
,,
,,
,,
,,
,,
,,
,,
,,
,,
,,
,,
,,
,,
,,
,,
,,
,,
,,
,,
,,
,,
,,
,,
,,
,,
,,
,,
,,
,,
,,
,,
,,
,,
,,
,,
,,
,,
,,
,,
,,
,,
,,
,,
,,
,,
,,
,,
,,
,,
,,
,,
,,
,,
,,
,,
,,
,,
,,
,,
,,
,,
,,
,,
,,
,,
,,
,,
,,
,,
,,
,,
,,
,,
,,
,,
,,
,,
,,
,,
,,
,,
,,
,,
,,
,,
,,
,,
,,
,,
,,
,,
,,
,,
,,
,,
,,
,,
,,
,,
,,
,,
,,
,,
,,
,,
,,
,,
,,
,,
,,
,,
,,
,,
,,
,,
,,
,,
,,
,,
,,
,,
,,
,,
,,
,,
,,
,,
,,
,,
,,
,,
,,
,,
,,
,,
,,
,,
,,
,,
,,
,,
,,
,,
,,
,,
,,
,,
,,
,,
,,
,,
,,
,,
,,
,,
,,
,,
,,
,,
,,
,,
,,
,,
,,
,,
,,
,,
,,
,,
,,
,,
,,
,,
,,
,,
,,
,,
,,
,,
,,
,,
,,
,,
,,
,,
,,
,,
,,
,,
,,
,,
,,
,,
,,
,,
,,
,,
,,
,,
,,
,,
,,
,,
,,
,,
,,
,,
,,
,,
,,
,,
,,
,,
,,
,,
,,
,,
,,
,,
,,
,,
,,
,,
,,
,,
,,
,,
,,
,,
,,
,,
,,
,,
,,
,,
,,
,,
,,
,,
,,
,,
,,
,,
,,
,,
,,
,,
,,
,,
,,
,,
,,
,,
,,
,,
,,
,,
,,
,,
,,
,,
,,
,,
,,
,,
,,
,,
,,
,,
,,
,,
,,
,,
,,
,,
,,
,,
,,
,,
,,
,,
,,
,,
,,
,,
,,
,,
,,
,,
,,
,,
,,
,,
,,
,,
,,
,,
,,
,,
,,
,,
,,
,,
,,
,,
,,
,,
,,
,,
,,
,,
,,
,,
,,
,,
,,
,,
,,
,,
,,
,,
,,
,,
,,
,,
,,
,,
,,
,,
,,
,,
,,
,,
,,
,,
,,
,,
,,
,,
,,
,,
,,
,,
,,
,,
,,
,,
,,
,,
,,
,,
,,
,,
,,
,,
,,
,,
,,
,,
,,
,,
,,
,,
,,
,,
,,
,,
,,
,,
,,
,,
,,
,,
,,
,,
,,
,,
,,
,,
,,
,,
,,
,,
,,
,,
,,
,,
,,
,,
,,
,,
,,
,,
,,
,,
,,
,,
,,
,,
,,
,,
,,
,,
,,
,,
,,
,,
,,
,,
,,
,,
,,
,,
,,
,,
,,
,,
,,
,,
,,
,,
,,
,,
,,
,,
,,
,,
,,
,,
,,
,,
,,
,,
,,
,,
,,
,,
,,
,,
,,
,,
,,
,,
,,
,,
,,
,,
,,
,,
,,
,,
,,
,,
,,
,,
,,
,,
,,
,,
,,
,,
,,
,,
,,
,,
,,
,,
,,
,,
,,
,,
,,
,,
,,
,,
,,
,,
,,
,,
,,
,,
,,
,,
,,
,,
,,
,,
,,
,,
,,
,,
,,
,,
,,
,,
,,
,,
,,
,,
,,
,,
,,
,,
,,
,,
,,
,,
,,
,,
,,
,,
,,
,,
,,
,,
,,
,,
,,
,,
,,
,,
,,
,,
,,
,,
,,
,,
,,
,,
,,
,,
,,
,,
,,
,,
,,
,,
,,
,,
,,
,,
,,
,,
,,
,,
,,
,,
,,
,,
,,
,,
,,
,,
,,
,,
,,
,,
,,
,,
,,
,,
,,
,,
,,
,,
,,
,,
,,
,,
,,
,,
,,
,,
,,
,,
,,
,,
,,
,,
,,
,,
,,
,,
,,
,,
,,
,,
,,
,,
,,
,,
,,
,,
,,
,,
,,
,,
,,
,,
,,
,,
,,
,,
,,
,,
,,
,,
,,
,,
,,
,,
,,
,,
,,
,,
,,
,,
,,
,,
,,
,,
,,
,,
,,
,,
,,
,,
,,
,,
,,
,,
,,
,,
,,
,,
,,
,,
,,
,,
,,
,,
,,
,,
,,
,,
,,
,,
,,
,,
,,
,,
,,
,,
,,
,,
,,
,,
,,
,,
,,
,,
,,
,,
,,
,,
,,
,,
,,
,,
,,
,,
,,
,,
,,
,,
,,
,,
,,
,,
,,
,,
,,
,,
,,
,,
,,
,,
,,
,,
,,
,,
,,
,,
,,
,,
,,
,,
,,
,,
,,
,,
,,
,,
,,
,,
,,
,,
,,
,,
,,
,,
,,
,,
,,
,,
,,
,,
,,
,,
,,
,,
,,
,,
,,
,,
,,
,,
,,
,,
,,
,,
,,
,,
,,
,,
,,
,,
,,
,,
,,
,,
,,
,,
,,
,,
,,
,,
,,
,,
,,
,,
,,
,,
,,
,,
,,
,,
,,
,,
,,
,,
,,
,,
,,
,,
,,
,,
,,
,,
,,
,,
,,
,,
,,
,,
,,
,,
,,
,,
,,
,,
,,
,,
,,
,,
,,
,,
,,
,,
,,
,,
,,
,,
,,
,,
,,
,,
,,
,,
,,
,,
,,
,,
,,
,,
,,
,,
,,
,,
,,
,,
,,
,,
,,
,,
,,
,,
,,
,,
,,
,,
,,
,,
,,
,,
,,
,,
,,
,,
,,
,,
,,
,,
,,
,,
,,
,,
,,
,,
,,
,,
,,
,,
,,
,,
,,
,,
,,
,,
,,
,,
,,
,,
,,
,,
,,
,,
,,
,,
,,
,,
,,
,,
,,
,,
,,
,,
,,
,,
,,
,,
,,
,,
,,
,,
,,
,,
,,
,,
,,
,,
,,
,,
,,
,,
,,
,,
,,
,,
,,
,,
,,
,,
,,
,,
,,
,,
,,
,,
,,
,,
,,
,,
,,
,,
,,
,,
,,
,,
,,
,,
,,
,,
,,
,,
,,
,,
,,
,,
,,
,,
,,
,,
,,
,,
,,
,,
,,
,,
,,
,,
,,
,,
,,
,,
,,
,,
,,
,,
,,
,,
,,
,,
,,
,,
,,
,,
,,
,,
,,
,,
,,
,,
,,
,,
,,
,,
,,
,,
,,
,,
,,
,,
,,
,,
,,
,,
,,
,,
,,
,,
,,
,,
,,
,,
,,
,,
,,
,,
,,
,,
,,
,,
,,
,,
,,
,,
,,
,,
,,
,,
,,
,,
,,
,,
,,
,,
,,
,,
,,
,,
,,
,,
,,
,,
,,
,,
,,
,,
,,
,,
,,
,,
,,
,,
,,
,,
,,
,,
,,
,,
,,
,,
,,
,,
,,
,,
,,
,,
,,
,,
,,
,,
,,
,,
,,
,,
,,
,,
,,
,,
,,
,,
,,
,,
,,
,,
,,
,,
,,
,,
,,
,,
,,
,,
,,
,,
,,
,,
,,
,,
,,
,,
,,
,,
,,
,,
,,
,,
,,
,,
,,
,,
,,
,,
,,
,,
,,
,,
,,
,,
,,
,,
,,
,,
,,
,,
,,
,,
,,
,,
,,
,,
,,
,,
,,
,,
,,
,,
,,
,,
,,
,,
,,
,,
,,
,,
,,
,,
,,
,,
,,
,,
,,
,,
,,
,,
,,
,,
,,
,,
,,
,,
,,
,,
,,
,,
,,
,,
,,
,,
,,
,,
,,
,,
,,
,,
,,
,,
,,
,,
,,
,,
,,
,,
,,
,,
,,
,,
,,
,,
,,
,,
,,
,,
,,
,,
,,
,,
,,
,,
,,
,,
,,
,,
,,
,,
,,
,,
,,
,,
,,
,,
,,
,,
,,
,,
,,
,,
,,
,,
,,
,,
,,
,,
,,
,,
,,
,,
,,
,,
,,
,,
,,
,,
,,
,,
,,
,,
,,
,,
,,
,,
,,
,,
,,
,,
,,
,,
,,
,,
,,
,,
,,
,,
,,
,,
,,
,,
,,
,,
,,
,,
,,
,,
,,
,,
,,
,,
,,
,,
,,
,,
,,
,,
,,
,,
,,
,,
,,
,,
,,
,,
,,
,,
,,
,,
,,
,,
,,
,,
,,
,,
,,
,,
,,
,,
,,
,,
,,
,,
,,
,,
,,
,,
,,
,,
,,
,,
,,
,,
,,
,,
,,
,,
,,
,,
,,
,,
,,
,,
,,
,,
,,
,,
,,
,,
,,
,,
,,
,,
,,
,,
,,
,,
,,
,,
,,
,,
,,
,,
,,
,,
,,
,,
,,
,,
,,
,,
,,
,,
,,
,,
,,
,,
,,
,,
,,
,,
,,
,,
,,
,,
,,
,,
,,
,,
,,
,,
,,
,,
,,
,,
,,
,,
,,
,,
,,
,,
,,
,,
,,
,,
,,
,,
,,
,,
,,
,,
,,
,,
,,
,,
,,
,,
,,
,,
,,
,,
,,
,,
,,
,,
,,
,,
,,
,,
,,
,,
,,
,,
,,
,,
,,
,,
,,
,,
,,
,,
,,
,,
,,
,,
,,
,,
,,
,,
,,
,,
,,
,,
,,
,,
,,
,,
,,
,,
,,
,,
,,
,,
,,
,,
,,
,,
,,
,,
,,
,,
,,
,,
,,
,,
,,
,,
,,
,,
,,
,,
,,
,,
,,
,,
,,
,,
,,
,,
,,
,,
,,
,,
,,
,,
,,
,,
,,
,,
,,
,,
,,
,,
,,
,,
,,
,,
,,
,,
,,
,,
,,
,,
,,
,,
,,
,,
,,
,,
,,
,,
,,
,,
,,
,,
,,
,,
,,
,,
,,
,,
,,
,,
,,
,,
,,
,,
,,
,,
,,
,,
,,
,,
,,
,,
,,
,,
,,
,,
,,
,,
,,
,,
,,
,,
,,
,,
,,
,,
,,
,,
,,
,,
,,
,,
,,
,,
,,
,,
,,
,,
,,
,,
,,
,,
,,
,,
,,
,,
,,
,,
,,
,,
,,
,,
,,
,,
,,
,,
,,
,,
,,
,,
,,
,,
,,
,,
,,
,,
,,
,,
,,
,,
,,
,,
,,
,,
,,
,,
,,
,,
,,
,,
,,
,,
,,
,,
,,
,,
,,
,,
,,
,,
,,
,,
,,
,,
,,
,,
,,
,,
,,
,,
,,
,,
,,
,,
,,
,,
,,
,,
,,
,,
,,
,,
,,
,,
,,
,,
,,
,,
,,
,,
,,
,,
,,
,,
,,
,,
,,
,,
,,
,,
,,
,,
,,
,,
,,
,,
,,
,,
,,
,,
,,
,,
,,
,,
,,
,,
,,
,,
,,
,,
,,
,,
,,
,,
,,
,,
,,
,,
,,
,,
,,
,,
,,
,,
,,
,,
,,
,,
,,
,,
,,
,,
,,
,,
,,
,,
,,
,,
,,
,,
,,
,,
,,
,,
,,
,,
,,
,,
,,
,,
,,
,,
,,
,,
,,
,,
,,
,,
,,
,,
,,
,,
,,
,,
,,
,,
,,
,,
,,
,,
,,
,,
,,
,,
,,
,,
,,
,,
,,
,,
,,
,,
,,
,,
,,
,,
,,
,,
,,
,,
,,
,,
,,
,,
,,
,,
,,
,,
,,
,,
,,
,,
,,
,,
,,
,,
,,
,,
,,
,,
,,
,,
,,
,,
,,
,,
,,
,,
,,
,,
,,
,,
,,
,,
,,
,,
,,
,,
,,
,,
,,
,,
,,
,,
,,
,,
,,
,,
,,
,,
,,
,,
,,
,,
,,
,,
,,
,,
,,
,,
,,
,,
,,
,,
,,
,,
,,
,,
,,
,,
,,
,,
,,
,,
,,
,,
,,
,,
,,
,,
,,
,,
,,
,,
,,
,,
,,
,,
,,
,,
,,
,,
,,
,,
,,
,,
,,
,,
,,
,,
,,
,,
,,
,,
,,
,,
,,
,,
,,
,,
,,
,,
,,
,,
,,
,,
,,
,,
,,
,,
,,
,,
,,
,,
,,
,,
,,
,,
,,
,,
,,
,,
,,
,,
,,
,,
,,
,,
,,
,,
,,
,,
,,
,,
,,
,,
,,
,,
,,
,,
,,
,,
,,
,,
,,
,,
,,
,,
,,
,,
,,
,,
,,
,,
,,
,,
,,
,,
,,
,,
,,
,,
,,
,,
,,
,,
,,
,,
,,
,,
,,
,,
,,
,,
,,
,,
,,
,,
,,
,,
,,
,,
,,
,,
,,
,,
,,
,,
,,
,,
,,
,,
,,
,,
,,
,,
,,
,,
,,
,,
,,
,,
,,
,,
,,
,,
,,
,,
,,
,,
,,
,,
,,
,,
,,
,,
,,
,,
,,
,,
,,
,,
,,
,,
,,
,,
,,
,,
,,
,,
,,
,,
,,
,,
,,
,,
,,
,,
,,
,,
,,
,,
,,
,,
,,
,,
,,
,,
,,
,,
,,
,,
,,
,,
,,
,,
,,
,,
,,
,,
,,
,,
,,
,,
,,
,,
,,
,,
,,
,,
,,
,,
,,
,,
,,
,,
,,
,,
,,
,,
,,
,,
,,
,,
,,
,,
,,
,,
,,
,,
,,
,,
,,
,,
,,
,,
,,
,,
,,
,,
,,
,,
,,
,,
,,
,,
,,
,,
,,
,,
,,
,,
,,
,,
,,
,,
,,
,,
,,
,,
,,
,,
,,
,,
,,
,,
,,
,,
,,
,,
,,
,,
,,
,,
,,
,,
,,
,,
,,
,,
,,
,,
,,
,,
,,
,,
,,
,,
,,
,,
,,
,,
,,
,,
,,
,,
,,
,,
,,
,,
,,
,,
,,
,,
,,
,,
,,
,,
,,
,,
,,
,,
,,
,,
,,
,,
,,
,,
,,
,,
,,
,,
,,
,,
,,
,,
,,
,,
,,
,,
,,
,,
,,
,,
,,
,,
,,
,,
,,
,,
,,
,,
,,
,,
,,
,,
,,
,,
,,
,,
,,
,,
,,
,,
,,
,,
,,
,,
,,
,,
,,
,,
,,
,,
,,
,,
,,
,,
,,
,,
,,
,,
,,
,,
,,
,,
,,
,,
,,
,,
,,
,,
,,
,,
,,
,,
,,
,,
,,
,,
,,
,,
,,
,,
,,
,,
,,
,,
,,
,,
,,
,,
,,
,,
,,
,,
,,
,,
,,
,,
,,
,,
,,
,,
,,
,,
,,
,,
,,
,,
,,
,,
,,
,,
,,
,,
,,
,,
,,
,,
,,
,,
,,
,,
,,
,,
,,
,,
,,
,,
,,
,,
,,
,,
,,
,,
,,
,,
,,
,,
,,
,,
,,
,,
,,
,,
,,
,,
,,
,,
,,
,,
,,
,,
,,
,,
,,
,,
,,
,,
,,
,,
,,
,,
,,
,,
,,
,,
,,
,,
,,
,,
,,
,,
,,
,,
,,
,,
,,
,,
,,
,,
,,
,,
,,
,,
,,
,,
,,
,,
,,
,,
,,
,,
,,
,,
,,
,,
,,
,,
,,
,,
,,
,,
,,
,,
,,
,,
,,
,,
,,
,,
,,
,,
,,
,,
,,
,,
,,
,,
,,
,,
,,
,,
,,
,,
,,
,,
,,
,,
,,
,,
,,
,,
,,
,,
,,
,,
,,
,,
,,
,,
,,
,,
,,
,,
,,
,,
,,
,,
,,
,,
,,
,,
,,
,,
,,
,,
,,
,,
,,
,,
,,
,,
,,
,,
,,
,,
,,
,,
,,
,,
,,
,,
,,
,,
,,
,,
,,
,,
,,
,,
,,
,,
,,
,,
,,
,,
,,
,,
,,
,,
,,
,,
,,
,,
,,
,,
,,
,,
,,
,,
,,
,,
,,
,,
,,
,,
,,
,,
,,
,,
,,
,,
,,
,,
,,
,,
,,
,,
,,
,,
,,
,,
,,
,,
,,
,,
,,
,,
,,
,,
,,
,,
,,
,,
,,
,,
,,
,,
,,
,,
,,
,,
,,
,,
,,
,,
,,
,,
,,
,,
,,
,,
,,
,,
,,
,,
,,
,,
,,
,,
,,
,,
,,
,,
,,
,,
,,
,,
,,
,,
,,
,,
,,
,,
,,
,,
,,
,,
,,
,,
,,
,,
,,
,,
,,
,,
,,
,,
,,
,,
,,
,,
,,
,,
,,
,,
,,
,,
,,
,,
,,
,,
,,
,,
,,
,,
,,
,,
,,
,,
,,
,,
,,
,,
,,
,,
,,
,,
,,
,,
,,
,,
,,
,,
,,
,,
,,
,,
,,
,,
,,
,,
,,
,,
,,
,,
,,
,,
,,
,,
,,
,,
,,
,,
,,
,,
,,
,,
,,
,,
,,
,,
,,
,,
,,
,,
,,
,,
,,
,,
,,
,,
,,
,,
,,
,,
,,
,,
,,
,,
,,
,,
,,
,,
,,
,,
,,
,,
,,
,,
,,
,,
,,
,,
,,
,,
,,
,,
,,
,,
,,
,,
,,
,,
,,
,,
,,
,,
,,
,,
,,
,,
,,
,,
,,
,,
,,
,,
,,
,,
,,
,,
,,
,,
,,
,,
,,
,,
,,
,,
,,
,,
,,
,,
,,
,,
,,
,,
,,
,,
,,
,,
,,
,,
,,
,,
,,
,,
,,
,,
,,
,,
,,
,,
,,
,,
,,
,,
,,
,,
,,
,,
,,
,,
,,
,,
,,
,,
,,
,,
,,
,,
,,
,,
,,
,,
,,
,,
,,
,,
,,
,,
,,
,,
,,
,,
,,
,,
,,
,,
,,
,,
,,
,,
,,
,,
,,
,,
,,
,,
,,
,,
,,
,,
,,
,,
,,
,,
,,
,,
,,
,,
,,
,,
,,
,,
,,
,,
,,
,,
,,
,,
,,
,,
,,
,,
,,
,,
,,
,,
,,
,,
,,
,,
,,
,,
,,
,,
,,
,,
,,
,,
,,
,,
,,
,,
,,
,,
,,
,,
,,
,,
,,
,,
,,
,,
,,
,,
,,
,,
,,
,,
,,
,,
,,
,,
,,
,,
,,
,,
,,
,,
,,
,,
,,
,,
,,
,,
,,
,,
,,
,,
,,
,,
,,
,,
,,
,,
,,
,,
,,
,,
,,
,,
,,
,,
,,
,,
,,
,,
,,
,,
,,
,,
,,
,,
,,
,,
,,
,,
,,
,,
,,
,,
,,
,,
,,
,,
,,
,,
,,
,,
,,
,,
,,
,,
,,
,,
,,
,,
,,
,,
,,
,,
,,
,,
,,
,,
,,
,,
,,
,,
,,
,,
,,
,,
,,
,,
,,
,,
,,
,,
,,
,,
,,
,,
,,
,,
,,
,,
,,
,,
,,
,,
,,
,,
,,
,,
,,
,,
,,
,,
,,
,,
,,
,,
,,
,,
,,
,,
,,
,,
,,
,,
,,
,,
,,
,,
,,
,,
,,
,,
,,
,,
,,
,,
,,
,,
,,
,,
,,
,,
,,
,,
,,
,,
,,
,,
,,
,,
,,
,,
,,
,,
,,
,,
,,
,,
,,
,,
,,
,,
,,
,,
,,
,,
,,
,,
,,
,,
,,
,,
,,
,,
,,
,,
,,
,,
,,
,,
,,
,,
,,
,,
,,
,,
,,
,,
,,
,,
,,
,,
,,
,,
,,
,,
,,
,,
,,
,,
,,
,,
,,
,,
,,
,,
,,
,,
,,
,,
,,
,,
,,
,,
,,
,,
,,
,,
,,
,,
,,
,,
,,
,,
,,
,,
,,
,,
,,
,,
,,
,,
,,
,,
,,
,,
,,
,,
,,
,,
,,
,,
,,
,,
,,
,,
,,
,,
,,
,,
,,
,,
,,
,,
,,
,,
,,
,,
,,
,,
,,
,,
,,
,,
,,
,,
,,
,,
,,
,,
,,
,,
,,
,,
,,
,,
,,
,,
,,
,,
,,
,,
,,
,,
,,
,,
,,
,,
,,
,,
,,
,,
,,
,,
,,
,,
,,
,,
,,
,,
,,
,,
,,
,,
,,
,,
,,
,,
,,
,,
,,
,,
,,
,,
,,
,,
,,
,,
,,
,,
,,
,,
,,
,,
,,
,,
,,
,,
,,
,,
,,
,,
,,
,,
,,
,,
,,
,,
,,
,,
,,
,,
,,
,,
,,
,,
,,
,,
,,
,,
,,
,,
,,
,,
,,
,,
,,
,,
,,
,,
,,
,,
,,
,,
,,
,,
,,
,,
,,
,,
,,
,,
,,
,,
,,
,,
,,
,,
,,
,,
,,
,,
,,
,,
,,
,,
,,
,,
,,
,,
,,
,,
,,
,,
,,
,,
,,
,,
,,
,,
,,
,,
,,
,,
,,
,,
,,
,,
,,
,,
,,
,,
,,
,,
,,
,,
,,
,,
,,
,,
,,
,,
,,
,,
,,
,,
,,
,,
,,
,,
,,
,,
,,
,,
,,
,,
,,
,,
,,
,,
,,
,,
,,
,,
,,
,,
,,
,,
,,
,,
,,
,,
,,
,,
,,
,,
,,
,,
,,
,,
,,
,,
,,
,,
,,
,,
,,
,,
,,
,,
,,
,,
,,
,,
,,
,,
,,
,,
,,
,,
,,
,,
,,
,,
,,
,,
,,
,,
,,
,,
,,
,,
,,
,,
,,
,,
,,
,,
,,
,,
,,
,,
,,
,,
,,
,,
,,
,,
,,
,,
,,
,,
,,
,,
,,
,,
,,
,,
,,
,,
,,
,,
,,
,,
,,
,,
,,
,,
,,
,,
,,
,,
,,
,,
,,
,,
,,
,,
,,
,,
,,
,,
,,
,,
,,
,,
,,
,,
,,
,,
,,
,,
,,
,,
,,
,,
,,
,,
,,
,,
,,
,,
,,
,,
,,
,,
,,
,,
,,
,,
,,
,,
,,
,,
,,
,,
,,
,,
,,
,,
,,
,,
,,
,,
,,
,,
,,
,,
,,
,,
,,
,,
,,
,,
,,
,,
,,
,,
,,
,,
,,
,,
,,
,,
,,
,,
,,
,,
,,
,,
,,
,,
,,
,,
,,
,,
,,
,,
,,
,,
,,
,,
,,
,,
,,
,,
,,
,,
,,
,,
,,
,,
,,
,,
,,
,,
,,
,,
,,
,,
,,
,,
,,
,,
,,
,,
,,
,,
,,
,,
,,
,,
,,
,,
,,
,,
,,
,,
,,
,,
,,
,,
,,
,,
,,
,,
,,
,,
,,
,,
,,
,,
,,
,,
,,
,,
,,
,,
,,
,,
,,
,,
,,
,,
,,
,,
,,
,,
,,
,,
,,
,,
,,
,,
,,
,,
,,
,,
,,
,,
,,
,,
,,
,,
,,
,,
,,
,,
,,
,,
,,
,,
,,
,,
,,
,,
,,
,,
,,
,,
,,
,,
,,
,,
,,
,,
,,
,,
,,
,,
,,
,,
,,
,,
,,
,,
,,
,,
,,
,,
,,
,,
,,
,,
,,
,,
,,
,,
,,
,,
,,
,,
,,
,,
,,
,,
,,
,,
,,
,,
,,
,,
,,
,,
,,
,,
,,
,,
,,
,,
,,
,,
,,
,,
,,
,,
,,
,,
,,
,,
,,
,,
,,
,,
,,
,,
,,
,,
,,
,,
,,
,,
,,
,,
,,
,,
,,
,,
,,
,,
,,
,,
,,
,,
,,
,,
,,
,,
,,
,,
,,
,,
,,
,,
,,
,,
,,
,,
,,
,,
,,
,,
,,
,,
,,
,,
,,
,,
,,
,,
,,
,,
,,
,,
,,
,,
,,
,,
,,
,,
,,
,,
,,
,,
,,
,,
,,
,,
,,
,,
,,
,,
,,
,,
,,
,,
,,
,,
,,
,,
,,
,,
,,
,,
,,
,,
,,
,,
,,
,,
,,
,,
,,
,,
,,
,,
,,
,,
,,
,,
,,
,,
,,
,,
,,
,,
,,
,,
,,
,,
,,
,,
,,
,,
,,
,,
,,
,,
,,
,,
,,
,,
,,
,,
,,
,,
,,
,,
,,
,,
,,
,,
,,
,,
,,
,,
,,
,,
,,
,,
,,
,,
,,
,,
,,
,,
,,
,,
,,
,,
,,
,,
,,
,,
,,
,,
,,
,,
,,
,,
,,
,,
,,
,,
,,
,,
,,
,,
,,
,,
,,
,,
,,
,,
,,
,,
,,
,,
,,
,,
,,
,,
,,
,,
,,
,,
,,
,,
,,
,,
,,
,,
,,
,,
,,
,,
,,
,,
,,
,,
,,
,,
,,
,,
,,
,,
,,
,,
,,
,,
,,
,,
,,
,,
,,
,,
,,
,,
,,
,,
,,
,,
,,
,,
,,
,,
,,
,,
,,
,,
,,
,,
,,
,,
,,
,,
,,
,,
,,
,,
,,
,,
,,
,,
,,
,,
,,
,,
,,
,,
,,
,,
,,
,,
,,
,,
,,
,,
,,
,,
,,
,,
,,
,,
,,
,,
,,
,,
,,
,,
,,
,,
,,
,,
,,
,,
,,
,,
,,
,,
,,
,,
,,
,,
,,
,,
,,
,,
,,
,,
,,
,,
,,
,,
,,
,,
,,
,,
,,
,,
,,
,,
,,
,,
,,
,,
,,
,,
,,
,,
,,
,,
,,
,,
,,
,,
,,
,,
,,
,,
,,
,,
,,
,,
,,
,,
,,
,,
,,
,,
,,
,,
,,
,,
,,
,,
,,
,,
,,
,,
,,
,,
,,
,,
,,
,,
,,
,,
,,
,,
,,
,,
,,
,,
,,
,,
,,
,,
,,
,,
,,
,,
,,
,,
,,
,,
,,
,,
,,
,,
,,
,,
,,
,,
,,
,,
,,
,,
,,
,,
,,
,,
,,
,,
,,
,,
,,
,,
,,
,,
,,
,,
,,
,,
,,
,,
,,
,,
,,
,,
,,
,,
,,
,,
,,
,,
,,
,,
,,
,,
,,
,,
,,
,,
,,
,,
,,
,,
,,
,,
,,
,,
,,
,,
,,
,,
,,
,,
,,
,,
,,
,,
,,
,,
,,
,,
,,
,,
,,
,,
,,
,,
,,
,,
,,
,,
,,
,,
,,
,,
,,
,,
,,
,,
,,
,,
,,
,,
,,
,,
,,
,,
,,
,,
,,
,,
,,
,,
,,
,,
,,
,,
,,
,,
,,
,,
,,
,,
,,
,,
,,
,,
,,
,,
,,
,,
,,
,,
,,
,,
,,
,,
,,
,,
,,
,,
,,
,,
,,
,,
,,
,,
,,
,,
,,
,,
,,
,,
,,
,,
,,
,,
,,
,,
,,
,,
,,
,,
,,
,,
,,
,,
,,
,,
,,
,,
,,
,,
,,
,,
,,
,,
,,
,,
,,
,,
,,
,,
,,
,,
,,
,,
,,
,,
,,
,,
,,
,,
,,
,,
,,
,,
,,
,,
,,
,,
,,
,,
,,
,,
,,
,,
,,
,,
,,
,,
,,
,,
,,
,,
,,
,,
,,
,,
,,
,,
,,
,,
,,
,,
,,
,,
,,
,,
,,
,,
,,
,,
,,
,,
,,
,,
,,
,,
,,
,,
,,
,,
,,
,,
,,
,,
,,
,,
,,
,,
,,
,,
,,
,,
,,
,,
,,
,,
,,
,,
,,
,,
,,
,,
,,
,,
,,
,,
,,
,,
,,
,,
,,
,,
,,
,,
,,
,,
,,
,,
,,
,,
,,
,,
,,
,,
,,
,,
,,
,,
,,
,,
,,
,,
,,
,,
,,
,,
,,
,,
,,
,,
,,
,,
,,
,,
,,
,,
,,
,,
,,
,,
,,
,,
,,
,,
,,
,,
,,
,,
,,
,,
,,
,,
,,
,,
,,
,,
,,
,,
,,
,,
,,
,,
,,
,,
,,
,,
,,
,,
,,
,,
,,
,,
,,
,,
,,
,,
,,
,,
,,
,,
,,
,,
,,
,,
,,
,,
,,
,,
,,
,,
,,
,,
,,
,,
,,
,,
,,
,,
,,
,,
,,
,,
,,
,,
,,
,,
,,
,,
,,
,,
,,
,,
,,
,,
,,
,,
,,
,,
,,
,,
,,
,,
,,
,,
,,
,,
,,
,,
,,
,,
,,
,,
,,
,,
,,
,,
,,
,,
,,
,,
,,
,,
,,
,,
,,
,,
,,
,,
,,
,,
,,
,,
,,
,,
,,
,,
,,
,,
,,
,,
,,
,,
,,
,,
,,
,,
,,
,,
,,
,,
,,
,,
,,
,,
,,
,,
,,
,,
,,
,,
,,
,,
,,
,,
,,
,,
,,
,,
,,
,,
,,
,,
,,
,,
,,
,,
,,
,,
,,
,,
,,
,,
,,
,,
,,
,,
,,
,,
,,
,,
,,
,,
,,
,,
,,
,,
,,
,,
,,
,,
,,
,,
,,
,,
,,
,,
,,
,,
,,
,,
,,
,,
,,
,,
,,
,,
,,
,,
,,
,,
,,
,,
,,
,,
,,
,,
,,
,,
,,
,,
,,
,,
,,
,,
,,
,,
,,
,,
,,
,,
,,
,,
,,
,,
,,
,,
,,
,,
,,
,,
,,
,,
,,
,,
,,
,,
,,
,,
,,
,,
,,
,,
,,
,,
,,
,,
,,
,,
,,
,,
,,
,,
,,
,,
,,
,,
,,
,,
,,
,,
,,
,,
,,
,,
,,
,,
,,
,,
,,
,,
,,
,,
,,
,,
,,
,,
,,
,,
,,
,,
,,
,,
,,
,,
,,
,,
,,
,,
,,
,,
,,
,,
,,
,,
,,
,,
,,
,,
,,
,,
,,
,,
,,
,,
,,
,,
,,
,,
,,
,,
,,
,,
,,
,,
,,
,,
,,
,,
,,
,,
,,
,,
,,
,,
,,
,,
,,
,,
,,
,,
,,
,,
,,
,,
,,
,,
,,
,,
,,
,,
,,
,,
,,
,,
,,
,,
,,
,,
,,
,,
,,
,,
,,
,,
,,
,,
,,
,,
,,
,,
,,
,,
,,
,,
,,
,,
,,
,,
,,
,,
,,
,,
,,
,,
,,
,,
,,
,,
,,
,,
,,
,,
,,
,,
,,
,,
,,
,,
,,
,,
,,
,,
,,
,,
,,
,,
,,
,,
,,
,,
,,
,,
,,
,,
,,
,,
,,
,,
,,
,,
,,
,,
,,
,,
,,
,,
,,
,,
,,
,,
,,
,,
,,
,,
,,
,,
,,
,,
,,
,,
,,
,,
,,
,,
,,
,,
,,
,,
,,
,,
,,
,,
,,
,,
,,
,,
,,
,,
,,
,,
,,
,,
,,
,,
,,
,,
,,
,,
,,
,,
,,
,,
,,
,,
,,
,,
,,
,,
,,
,,
,,
,,
,,
,,
,,
,,
,,
,,
,,
,,
,,
,,
,,
,,
,,
,,
,,
,,
,,
,,
,,
,,
,,
,,
,,
,,
,,
,,
,,
,,
,,
,,
,,
,,
,,
,,
,,
,,
,,
,,
,,
,,
,,
,,
,,
,,
,,
,,
,,
,,
,,
,,
,,
,,
,,
,,
,,
,,
,,
,,
,,
,,
,,
,,
,,
,,
,,
,,
,,
,,
,,
,,
,,
,,
,,
,,
,,
,,
,,
,,
,,
,,
,,
,,
,,
,,
,,
,,
,,
,,
,,
,,
,,
,,
,,
,,
,,
,,
,,
,,
,,
,,
,,
,,
,,
,,
,,
,,
,,
,,
,,
,,
,,
,,
,,
,,
,,
,,
,,
,,
,,
,,
,,
,,
,,
,,
,,
,,
,,
,,
,,
,,
,,
,,
,,
,,
,,
,,
,,
,,
,,
,,
,,
,,
,,
,,
,,
,,
,,
,,
,,
,,
,,
,,
,,
,,
,,
,,
,,
,,
,,
,,
,,
,,
,,
,,
,,
,,
,,
,,
,,
,,
,,
,,
,,
,,
,,
,,
,,
,,
,,
,,
,,
,,
,,
,,
,,
,,
,,
,,
,,
,,
,,
,,
,,
,,
,,
,,
,,
,,
,,
,,
,,
,,
,,
,,
,,
,,
,,
,,
,,
,,
,,
,,
,,
,,
,,
,,
,,
,,
,,
,,
,,
,,
,,
,,
,,
,,
,,
,,
,,
,,
,,
,,
,,
,,
,,
,,
,,
,,
,,
,,
,,
,,
,,
,,
,,
,,
,,
,,
,,
,,
,,
,,
,,
,,
,,
,,
,,
,,
,,
,,
,,
,,
,,
,,
,,
,,
,,
,,
,,
,,
,,
,,
,,
,,
,,
,,
,,
,,
,,
,,
,,
,,
,,
,,
,,
,,
,,
,,
,,
,,
,,
,,
,,
,,
,,
,,
,,
,,
,,
,,
,,
,,
,,
,,
,,
,,
,,
,,
,,
,,
,,
,,
,,
,,
,,
,,
,,
,,
,,
,,
,,
,,
,,
,,
,,
,,
,,
,,
,,
,,
,,
,,
,,
,,
,,
,,
,,
,,
,,
,,
,,
,,
,,
,,
,,
,,
,,
,,
,,
,,
,,
,,
,,
,,
,,
,,
,,
,,
,,
,,
,,
,,
,,
,,
,,
,,
,,
,,
,,
,,
,,
,,
,,
,,
,,
,,
,,
,,
,,
,,
,,
,,
,,
,,
,,
,,
,,
,,
,,
,,
,,
,,
,,
,,
,,
,,
,,
,,
,,
,,
,,
,,
,,
,,
,,
,,
,,
,,
,,
,,
,,
,,
,,
,,
,,
,,
,,
,,
,,
,,
,,
,,
,,
,,
,,
,,
,,
,,
,,
,,
,,
,,
,,
,,
,,
,,
,,
,,
,,
,,
,,
,,
,,
,,
,,
,,
,,
,,
,,
,,
,,
,,
,,
,,
,,
,,
,,
,,
,,
,,
,,
,,
,,
,,
,,
,,
,,
,,
,,
,,
,,
,,
,,
,,
,,
,,
,,
,,
,,
,,
,,
,,
,,
,,
,,
,,
,,
,,
,,
,,
,,
,,
,,
,,
,,
,,
,,
,,
,,
,,
,,
,,
,,
,,
,,
,,
,,
,,
,,
,,
,,
,,
,,
,,
,,
,,
,,
,,
,,
,,
,,
,,
,,
,,
,,
,,
,,
,,
,,
,,
,,
,,
,,
,,
,,
,,
,,
,,
,,
,,
,,
,,
,,
,,
,,
,,
,,
,,
,,
,,
,,
,,
,,
,,
,,
,,
,,
,,
,,
,,
,,
,,
,,
,,
,,
,,
,,
,,
,,
,,
,,
,,
,,
,,
,,
,,
,,
,,
,,
,,
,,
,,
,,
,,
,,
,,
,,
,,
,,
,,
,,
,,
,,
,,
,,
,,
,,
,,
,,
,,
,,
,,
,,
,,
,,
,,
,,
,,
,,
,,
,,
,,
,,
,,
,,
,,
,,
,,
,,
,,
,,
,,
,,
,,
,,
,,
,,
,,
,,
,,
,,
,,
,,
,,
,,
,,
,,
,,
,,
,,
,,
,,
,,
,,
,,
,,
,,
,,
,,
,,
,,
,,
,,
,,
,,
,,
,,
,,
,,
,,
,,
,,
,,
,,
,,
,,
,,
,,
,,
,,
,,
,,
,,
,,
,,
,,
,,
,,
,,
,,
,,
,,
,,
,,
,,
,,
,,
,,
,,
,,
,,
,,
,,
,,
,,
,,
,,
,,
,,
,,
,,
,,
,,
,,
,,
,,
,,
,,
,,
,,
,,
,,
,,
,,
,,
,,
,,
,,
,,
,,
,,
,,
,,
,,
,,
,,
,,
,,
,,
,,
,,
,,
,,
,,
,,
,,
,,
,,
,,
,,
,,
,,
,,
,,
,,
,,
,,
,,
,,
,,
,,
,,
,,
,,
,,
,,
,,
,,
,,
,,
,,
,,
,,
,,
,,
,,
,,
,,
,,
,,
,,
,,
,,
,,
,,
,,
,,
,,
,,
,,
,,
,,
,,
,,
,,
,,
,,
,,
,,
,,
,,
,,
,,
,,
,,
,,
,,
,,
,,
,,
,,
,,
,,
,,
,,
,,
,,
,,
,,
,,
,,
,,
,,
,,
,,
,,
,,
,,
,,
,,
,,
,,
,,
,,
,,
,,
,,
,,
,,
,,
,,
,,
,,
,,
,,
,,
,,
,,
,,
,,
,,
,,
,,
,,
,,
,,
,,
,,
,,
,,
,,
,,
,,
,,
,,
,,
,,
,,
,,
,,
,,
,,
,,
,,
,,
,,
,,
,,
,,
,,
,,
,,
,,
,,
,,
,,
,,
,,
,,
,,
,,
,,
,,
,,
,,
,,
,,
,,
,,
,,
,,
,,
,,
,,
,,
,,
,,
,,
,,
,,
,,
,,
,,
,,
,,
,,
,,
,,
,,
,,
,,
,,
,,
,,
,,
,,
,,
,,
,,
,,
,,
,,
,,
,,
,,
,,
,,
,,
,,
,,
,,
,,
,,
,,
,,
,,
,,
,,
,,
,,
,,
,,
,,
,,
,,
,,
,,
,,
,,
,,
,,
,,
,,
,,
,,
,,
,,
,,
,,
,,
,,
,,
,,
,,
,,
,,
,,
,,
,,
,,
,,
,,
,,
,,
,,
,,
,,
,,
,,
,,
,,
,,
,,
,,
,,
,,
,,
,,
,,
,,
,,
,,
,,
,,
,,
,,
,,
,,
,,
,,
,,
,,
,,
,,
,,
,,
,,
,,
,,
,,
,,
,,
,,
,,
,,
,,
,,
,,
,,
,,
,,
,,
,,
,,
,,
,,
,,
,,
,,
,,
,,
,,
,,
,,
,,
,,
,,
,,
,,
,,
,,
,,
,,
,,
,,
,,
,,
,,
,,
,,
,,
,,
,,
,,
,,
,,
,,
,,
,,
,,
,,
,,
,,
,,
,,
,,
,,
,,
,,
,,
,,
,,
,,
,,
,,
,,
,,
,,
,,
,,
,,
,,
,,
,,
,,
,,
,,
,,
,,
,,
,,
,,
,,
,,
,,
,,
,,
,,
,,
,,
,,
,,
,,
,,
,,
,,
,,
,,
,,
,,
,,
,,
,,
,,
,,
,,
,,
,,
,,
,,
,,
,,
,,
,,
,,
,,
,,
,,
,,
,,
,,
,,
,,
,,
,,
,,
,,
,,
,,
,,
,,
,,
,,
,,
,,
,,
,,
,,
,,
,,
,,
,,
,,
,,
,,
,,
,,
,,
,,
,,
,,
,,
,,
,,
,,
,,
,,
,,
,,
,,
,,
,,
,,
,,
,,
,,
,,
,,
,,
,,
,,
,,
,,
,,
,,
,,
,,
,,
,,
,,
,,
,,
,,
,,
,,
,,
,,
,,
,,
,,
,,
,,
,,
,,
,,
,,
,,
,,
,,
,,
,,
,,
,,
,,
,,
,,
,,
,,
,,
,,
,,
,,
,,
,,
,,
,,
,,
,,
,,
,,
,,
,,
,,
,,
,,
,,
,,
,,
,,
,,
,,
,,
,,
,,
,,
,,
,,
,,
,,
,,
,,
,,
,,
,,
,,
,,
,,
,,
,,
,,
,,
,,
,,
,,
,,
,,
,,
,,
,,
,,
,,
,,
,,
,,
,,
,,
,,
,,
,,
,,
,,
,,
,,
,,
,,
,,
,,
,,
,,
,,
,,
,,
,,
,,
,,
,,
,,
,,
,,
,,
,,
,,
,,
,,
,,
,,
,,
,,
,,
,,
,,
,,
,,
,,
,,
,,
,,
,,
,,
,,
,,
,,
,,
,,
,,
,,
,,
,,
,,
,,
,,
,,
,,
,,
,,
,,
,,
,,
,,
,,
,,
,,
,,
,,
,,
,,
,,
,,
,,
,,
,,
,,
,,
,,
,,
,,
,,
,,
,,
,,
,,
,,
,,
,,
,,
,,
,,
,,
,,
,,
,,
,,
,,
,,
,,
,,
,,
,,
,,
,,
,,
,,
,,
,,
,,
,,
,,
,,
,,
,,
,,
,,
,,
,,
,,
,,
,,
,,
,,
,,
,,
,,
,,
,,
,,
,,
,,
,,
,,
,,
,,
,,
,,
,,
,,
,,
,,
,,
,,
,,
,,
,,
,,
,,
,,
,,
,,
,,
,,
,,
,,
,,
,,
,,
,,
,,
,,
,,
,,
,,
,,
,,
,,
,,
,,
,,
,,
,,
,,
,,
,,
,,
,,
,,
,,
,,
,,
,,
,,
,,
,,
,,
,,
,,
,,
,,
,,
,,
,,
,,
,,
,,
,,
,,
,,
,,
,,
,,
,,
,,
,,
,,
,,
,,
,,
,,
,,
,,
,,
,,
,,
,,
,,
,,
,,
,,
,,
,,
,,
,,
,,
,,
,,
,,
,,
,,
,,
,,
,,
,,
,,
,,
,,
,,
,,
,,
,,
,,
,,
,,
,,
,,
,,
,,
,,
,,
,,
,,
,,
,,
,,
,,
,,
,,
,,
,,
,,
,,
,,
,,
,,
,,
,,
,,
,,
,,
,,
,,
,,
,,
,,
,,
,,
,,
,,
,,
,,
,,
,,
,,
,,
,,
,,
,,
,,
,,
,,
,,
,,
,,
,,
,,
,,
,,
,,
,,
,,
,,
,,
,,
,,
,,
,,
,,
,,
,,
,,
,,
,,
,,
,,
,,
,,
,,
,,
,,
,,
,,
,,
,,
,,
,,
,,
,,
,,
,,
,,
,,
,,
,,
,,
,,
,,
,,
,,
,,
,,
,,
,,
,,
,,
,,
,,
,,
,,
,,
,,
,,
,,
,,
,,
,,
,,
,,
,,
,,
,,
,,
,,
,,
,,
,,
,,
,,
,,
,,
,,
,,
,,
,,
,,
,,
,,
,,
,,
,,
,,
,,
,,
,,
,,
,,
,,
,,
,,
,,
,,
,,
,,
,,
,,
,,
,,
,,
,,
,,
,,
,,
,,
,,
,,
,,
,,
,,
,,
,,
,,
,,
,,
,,
,,
,,
,,
,,
,,
,,
,,
,,
,,
,,
,,
,,
,,
,,
,,
,,
,,
,,
,,
,,
,,
,,
,,
,,
,,
,,
,,
,,
,,
,,
,,
,,
,,
,,
,,
,,
,,
,,
,,
,,
,,
,,
,,
,,
,,
,,
,,
,,
,,
,,
,,
,,
,,
,,
,,
,,
,,
,,
,,
,,
,,
,,
,,
,,
,,
,,
,,
,,
,,
,,
,,
,,
,,
,,
,,
,,
,,
,,
,,
,,
,,
,,
,,
,,
,,
,,
,,
,,
,,
,,
,,
,,
,,
,,
,,
,,
,,
,,
,,
,,
,,
,,
,,
,,
,,
,,
,,
,,
,,
,,
,,
,,
,,
,,
,,
,,
,,
,,
,,
,,
,,
,,
,,
,,
,,
,,
,,
,,
,,
,,
,,
,,
,,
,,
,,
,,
,,
,,
,,
,,
,,
,,
,,
,,
,,
,,
,,
,,
,,
,,
,,
,,
,,
,,
,,
,,
,,
,,
,,
,,
,,
,,
,,
,,
,,
,,
,,
,,
,,
,,
,,
,,
,,
,,
,,
,,
,,
,,
,,
,,
,,
,,
,,
,,
,,
,,
,,
,,
,,
,,
,,
,,
,,
,,
,,
,,
,,
,,
,,
,,
,,
,,
,,
,,
,,
,,
,,
,,
,,
,,
,,
,,
,,
,,
,,
,,
,,
,,
,,
,,
,,
,,
,,
,,
,,
,,
,,
,,
,,
,,
,,
,,
,,
,,
,,
,,
,,
,,
,,
,,
,,
,,
,,
,,
,,
,,
,,
,,
,,
,,
,,
,,
,,
,,
,,
,,
,,
,,
,,
,,
,,
,,
,,
,,
,,
,,
,,
,,
,,
,,
,,
,,
,,
,,
,,
,,
,,
,,
,,
,,
,,
,,
,,
,,
,,
,,
,,
,,
,,
,,
,,
,,
,,
,,
,,
,,
,,
,,
,,
,,
,,
,,
,,
,,
,,
,,
,,
,,
,,
,,
,,
,,
,,
,,
,,
,,
,,
,,
,,
,,
,,
,,
,,
,,
,,
,,
,,
,,
,,
,,
,,
,,
,,
,,
,,
,,
,,
,,
,,
,,
,,
,,
,,
,,
,,
,,
,,
,,
,,
,,
,,
,,
,,
,,
,,
,,
,,
,,
,,
,,
,,
,,
,,
,,
,,
,,
,,
,,
,,
,,
,,
,,
,,
,,
,,
,,
,,
,,
,,
,,
,,
,,
,,
,,
,,
,,
,,
,,
,,
,,
,,
,,
,,
,,
,,
,,
,,
,,
,,
,,
,,
,,
,,
,,
,,
,,
,,
,,
,,
,,
,,
,,
,,
,,
,,
,,
,,
,,
,,
,,
,,
,,
,,
,,
,,
,,
,,
,,
,,
,,
,,
,,
,,
,,
,,
,,
,,
,,
,,
,,
,,
,,
,,
,,
,,
,,
,,
,,
,,
,,
,,
,,
,,
,,
,,
,,
,,
,,
,,
,,
,,
,,
,,
,,
,,
,,
,,
,,
,,
,,
,,
,,
,,
,,
,,
,,
,,
,,
,,
,,
,,
,,
,,
,,
,,
,,
,,
,,
,,
,,
,,
,,
,,
,,
,,
,,
,,
,,
,,
,,
,,
,,
,,
,,
,,
,,
,,
,,
,,
,,
,,
,,
,,
,,
,,
,,
,,
,,
,,
,,
,,
,,
,,
,,
,,
,,
,,
,,
,,
,,
,,
,,
,,
,,
,,
,,
,,
,,
,,
,,
,,
,,
,,
,,
,,
,,
,,
,,
,,
,,
,,
,,
,,
,,
,,
,,
,,
,,
,,
,,
,,
,,
,,
,,
,,
,,
,,
,,
,,
,,
,,
,,
,,
,,
,,
,,
,,
,,
,,
,,
,,
,,
,,
,,
,,
,,
,,
,,
,,
,,
,,
,,
,,
,,
,,
,,
,,
,,
,,
,,
,,
,,
,,
,,
,,
,,
,,
,,
,,
,,
,,
,,
,,
,,
,,
,,
,,
,,
,,
,,
,,
,,
,,
,,
,,
,,
,,
,,
,,
,,
,,
,,
,,
,,
,,
,,
,,
,,
,,
,,
,,
,,
,,
,,
,,
,,
,,
,,
,,
,,
,,
,,
,,
,,
,,
,,
,,
,,
,,
,,
,,
,,
,,
,,
,,
,,
,,
,,
,,
,,
,,
,,
,,
,,
,,
,,
,,
,,
,,
,,
,,
,,
,,
,,
,,
,,
,,
,,
,,
,,
,,
,,
,,
,,
,,
,,
,,
,,
,,
,,
,,
,,
,,
,,
,,
,,
,,
,,
,,
,,
,,
,,
,,
,,
,,
,,
,,
,,
,,
,,
,,
,,
,,
,,
,,
,,
,,
,,
,,
,,
,,
,,
,,
,,
,,
,,
,,
,,
,,
,,
,,
,,
,,
,,
,,
,,
,,
,,
,,
,,
,,
,,
,,
,,
,,
,,
,,
,,
,,
,,
,,
,,
,,
,,
,,
,,
,,
,,
,,
,,
,,
,,
,,
,,
,,
,,
,,
,,
,,
,,
,,
,,
,,
,,
,,
,,
,,
,,
,,
,,
,,
,,
,,
,,
,,
,,
,,
,,
,,
,,
,,
,,
,,
,,
,,
,,
,,
,,
,,
,,
,,
,,
,,
,,
,,
,,
,,
,,
,,
,,
,,
,,
,,
,,
,,
,,
,,
,,
,,
,,
,,
,,
,,
,,
,,
,,
,,
,,
,,
,,
,,
,,
,,
,,
,,
,,
,,
,,
,,
,,
,,
,,
,,
,,
,,
,,
,,
,,
,,
,,
,,
,,
,,
,,
,,
,,
,,
,,
,,
,,
,,
,,
,,
,,
,,
,,
,,
,,
,,
,,
,,
,,
,,
,,
,,
,,
,,
,,
,,
,,
,,
,,
,,
,,
,,
,,
,,
,,
,,
,,
,,
,,
,,
,,
,,
,,
,,
,,
,,
,,
,,
,,
,,
,,
,,
,,
,,
,,
,,
,,
,,
,,
,,
,,
,,
,,
,,
,,
,,
,,
,,
,,
,,
,,
,,
,,
,,
,,
,,
,,
,,
,,
,,
,,
,,
,,
,,
,,
,,
,,
,,
,,
,,
,,
,,
,,
,,
,,
,,
,,
,,
,,
,,
,,
,,
,,
,,
,,
,,
,,
,,
,,
,,
,,
,,
,,
,,
,,
,,
,,
,,
,,
,,
,,
,,
,,
,,
,,
,,
,,
,,
,,
,,
,,
,,
,,
,,
,,
,,
,,
,,
,,
,,
,,
,,
,,
,,
,,
,,
,,
,,
,,
,,
,,
,,
,,
,,
,,
,,
,,
,,
,,
,,
,,
,,
,,
,,
,,
,,
,,
,,
,,
,,
,,
,,
,,
,,
,,
,,
,,
,,
,,
,,
,,
,,
,,
,,
,,
,,
,,
,,
,,
,,
,,
,,
,,
,,
,,
,,
,,
,,
,,
,,
,,
,,
,,
,,
,,
,,
,,
,,
,,
,,
,,
,,
,,
,,
,,
,,
,,
,,
,,
,,
,,
,,
,,
,,
,,
,,
,,
,,
,,
,,
,,
,,
,,
,,
,,
,,
,,
,,
,,
,,
,,
,,
,,
,,
,,
,,
,,
,,
,,
,,
,,
,,
,,
,,
,,
,,
,,
,,
,,
,,
,,
,,
,,
,,
,,
,,
,,
,,
,,
,,
,,
,,
,,
,,
,,
,,
,,
,,
,,
,,
,,
,,
,,
,,
,,
,,
,,
,,
,,
,,
,,
,,
,,
,,
,,
,,
,,
,,
,,
,,
,,
,,
,,
,,
,,
,,
,,
,,
,,
,,
,,
,,
,,
,,
,,
,,
,,
,,
,,
,,
,,
,,
,,
,,
,,
,,
,,
,,
,,
,,
,,
,,
,,
,,
,,
,,
,,
,,
,,
,,
,,
,,
,,
,,
,,
,,
,,
,,
,,
,,
,,
,,
,,
,,
,,
,,
,,
,,
,,
,,
,,
,,
,,
,,
,,
,,
,,
,,
,,
,,
,,
,,
,,
,,
,,
,,
,,
,,
,,
,,
,,
,,
,,
,,
,,
,,
,,
,,
,,
,,
,,
,,
,,
,,
,,
,,
,,
,,
,,
,,
,,
,,
,,
,,
,,
,,
,,
,,
,,
,,
,,
,,
,,
,,
,,
,,
,,
,,
,,
,,
,,
,,
,,
,,
,,
,,
,,
,,
,,
,,
,,
,,
,,
,,
,,
,,
,,
,,
,,
,,
,,
,,
,,
,,
,,
,,
,,
,,
,,
,,
,,
,,
,,
,,
,,
,,
,,
,,
,,
,,
,,
,,
,,
,,
,,
,,
,,
,,
,,
,,
,,
,,
,,
,,
,,
,,
,,
,,
,,
,,
,,
,,
,,
,,
,,
,,
,,
,,
,,
,,
,,
,,
,,
,,
,,
,,
,,
,,
,,
,,
,,
,,
,,
,,
,,
,,
,,
,,
,,
,,
,,
,,
,,
,,
,,
,,
,,
,,
,,
,,
,,
,,
,,
,,
,,
,,
,,
,,
,,
,,
,,
,,
,,
,,
,,
,,
,,
,,
,,
,,
,,
,,
,,
,,
,,
,,
,,
,,
,,
,,
,,
,,
,,
,,
,,
,,
,,
,,
,,
,,
,,
,,
,,
,,
,,
,,
,,
,,
,,
,,
,,
,,
,,
,,
,,
,,
,,
,,
,,
,,
,,
,,
,,
,,
,,
,,
,,
,,
,,
,,
,,
,,
,,
,,
,,
,,
,,
,,
,,
,,
,,
,,
,,
,,
,,
,,
,,
,,
,,
,,
,,
,,
,,
,,
,,
,,
,,
,,
,,
,,
,,
,,
,,
,,
,,
,,
,,
,,
,,
,,
,,
,,
,,
,,
,,
,,
,,
,,
,,
,,
,,
,,
,,
,,
,,
,,
,,
,,
,,
,,
,,
,,
,,
,,
,,
,,
,,
,,
,,
,,
,,
,,
,,
,,
,,
,,
,,
,,
,,
,,
,,
,,
,,
,,
,,
,,
,,
,,
,,
,,
,,
,,
,,
,,
,,
,,
,,
,,
,,
,,
,,
,,
,,
,,
,,
,,
,,
,,
,,
,,
,,
,,
,,
,,
,,
,,
,,
,,
,,
,,
,,
,,
,,
,,
,,
,,
,,
,,
,,
,,
,,
,,
,,
,,
,,
,,
,,
,,
,,
,,
,,
,,
,,
,,
,,
,,
,,
,,
,,
,,
,,
,,
,,
,,
,,
,,
,,
,,
,,
,,
,,
,,
,,
,,
,,
,,
,,
,,
,,
,,
,,
,,
,,
,,
,,
,,
,,
,,
,,
,,
,,
,,
,,
,,
,,
,,
,,
,,
,,
,,
,,
,,
,,
,,
,,
,,
,,
,,
,,
,,
,,
,,
,,
,,
,,
,,
,,
,,
,,
,,
,,
,,
,,
,,
,,
,,
,,
,,
,,
,,
,,
,,
,,
,,
,,
,,
,,
,,
,,
,,
,,
,,
,,
,,
,,
,,
,,
,,
,,
,,
,,
,,
,,
,,
,,
,,
,,
,,
,,
,,
,,
,,
,,
,,
,,
,,
,,
,,
,,
,,
,,
,,
,,
,,
,,
,,
,,
,,
,,
,,
,,
,,
,,
,,
,,
,,
,,
,,
,,
,,
,,
,,
,,
,,
,,
,,
,,
,,
,,
,,
,,
,,
,,
,,
,,
,,
,,
,,
,,
,,
,,
,,
,,
,,
,,
,,
,,
,,
,,
,,
,,
,,
,,
,,
,,
,,
,,
,,
,,
,,
,,
,,
,,
,,
,,
,,
,,
,,
,,
,,
,,
,,
,,
,,
,,
,,
,,
,,
,,
,,
,,
,,
,,
,,
,,
,,
,,
,,
,,
,,
,,
,,
,,
,,
,,
,,
,,
,,
,,
,,
,,
,,
,,
,,
,,
,,
,,
,,
,,
,,
,,
,,
,,
,,
,,
,,
,,
,,
,,
,,
,,
,,
,,
,,
,,
,,
,,
,,
,,
,,
,,
,,
,,
,,
,,
,,
,,
,,
,,
,,
,,
,,
,,
,,
,,
,,
,,
,,
,,
,,
,,
,,
,,
,,
,,
,,
,,
,,
,,
,,
,,
,,
,,
,,
,,
,,
,,
,,
,,
,,
,,
,,
,,
,,
,,
,,
,,
,,
,,
,,
,,
,,
,,
,,
,,
,,
,,
,,
,,
,,
,,
,,
,,
,,
,,
,,
,,
,,
,,
,,
,,
,,
,,
,,
,,
,,
,,
,,
,,
,,
,,
,,
,,
,,
,,
,,
,,
,,
,,
,,
,,
,,
,,
,,
,,
,,
,,
,,
,,
,,
,,
,,
,,
,,
,,
,,
,,
,,
,,
,,
,,
,,
,,
,,
,,
,,
,,
,,
,,
,,
,,
,,
,,
,,
,,
,,
,,
,,
,,
,,
,,
,,
,,
,,
,,
,,
,,
,,
,,
,,
,,
,,
,,
,,
,,
,,
,,
,,
,,
,,
,,
,,
,,
,,
,,
,,
,,
,,
,,
,,
,,
,,
,,
,,
,,
,,
,,
,,
,,
,,
,,
,,
,,
,,
,,
,,
,,
,,
,,
,,
,,
,,
,,
,,
,,
,,
,,
,,
,,
,,
,,
,,
,,
,,
,,
,,
,,
,,
,,
,,
,,
,,
,,
,,
,,
,,
,,
,,
,,
,,
,,
,,
,,
,,
,,
,,
,,
,,
,,
,,
,,
,,
,,
,,
,,
,,
,,
,,
,,
,,
,,
,,
,,
,,
,,
,,
,,
,,
,,
,,
,,
,,
,,
,,
,,
,,
,,
,,
,,
,,
,,
,,
,,
,,
,,
,,
,,
,,
,,
,,
,,
,,
,,
,,
,,
,,
,,
,,
,,
,,
,,
,,
,,
,,
,,
,,
,,
,,
,,
,,
,,
,,
,,
,,
,,
,,
,,
,,
,,
,,
,,
,,
,,
,,
,,
,,
,,
,,
,,
,,
,,
,,
,,
,,
,,
,,
,,
,,
,,
,,
,,
,,
,,
,,
,,
,,
,,
,,
,,
,,
,,
,,
,,
,,
,,
,,
,,
,,
,,
,,
,,
,,
,,
,,
,,
,,
,,
,,
,,
,,
,,
,,
,,
,,
,,
,,
,,
,,
,,
,,
,,
,,
,,
,,
,,
,,
,,
,,
,,
,,
,,
,,
,,
,,
,,
,,
,,
,,
,,
,,
,,
,,
,,
,,
,,
,,
,,
,,
,,
,,
,,
,,
,,
,,
,,
,,
,,
,,
,,
,,
,,
,,
,,
,,
,,
,,
,,
,,
,,
,,
,,
,,
,,
,,
,,
,,
,,
,,
,,
,,
,,
,,
,,
,,
,,
,,
,,
,,
,,
,,
,,
,,
,,
,,
,,
,,
,,
,,
,,
,,
,,
,,
,,
,,
,,
,,
,,
,,
,,
,,
,,
,,
,,
,,
,,
,,
,,
,,
,,
,,
,,
,,
,,
,,
,,
,,
,,
,,
,,
,,
,,
,,
,,
,,
,,
,,
,,
,,
,,
,,
,,
,,
,,
,,
,,
,,
,,
,,
,,
,,
,,
,,
,,
,,
,,
,,
,,
,,
,,
,,
,,
,,
,,
,,
,,
,,
,,
,,
,,
,,
,,
,,
,,
,,
,,
,,
,,
,,
,,
,,
,,
,,
,,
,,
,,
,,
,,
,,
,,
,,
,,
,,
,,
,,
,,
,,
,,
,,
,,
,,
,,
,,
,,
,,
,,
,,
,,
,,
,,
,,
,,
,,
,,
,,
,,
,,
,,
,,
,,
,,
,,
,,
,,
,,
,,
,,
,,
,,
,,
,,
,,
,,
,,
,,
,,
,,
,,
,,
,,
,,
,,
,,
,,
,,
,,
,,
,,
,,
,,
,,
,,
,,
,,
,,
,,
,,
,,
,,
,,
,,
,,
,,
,,
,,
,,
,,
,,
,,
,,
,,
,,
,,
,,
,,
,,
,,
,,
,,
,,
,,
,,
,,
,,
,,
,,
,,
,,
,,
,,
,,
,,
,,
,,
,,
,,
,,
,,
,,
,,
,,
,,
,,
,,
,,
,,
,,
,,
,,
,,
,,
,,
,,
,,
,,
,,
,,
,,
,,
,,
,,
,,
,,
,,
,,
,,
,,
,,
,,
,,
,,
,,
,,
,,
,,
,,
,,
,,
,,
,,
,,
,,
,,
,,
,,
,,
,,
,,
,,
,,
,,
,,
,,
,,
,,
,,
,,
,,
,,
,,
,,
,,
,,
,,
,,
,,
,,
,,
,,
,,
,,
,,
,,
,,
,,
,,
,,
,,
,,
,,
,,
,,
,,
,,
,,
,,
,,
,,
,,
,,
,,
,,
,,
,,
,,
,,
,,
,,
,,
,,
,,
,,
,,
,,
,,
,,
,,
,,
,,
,,
,,
,,
,,
,,
,,
,,
,,
,,
,,
,,
,,
,,
,,
,,
,,
,,
,,
,,
,,
,,
,,
,,
,,
,,
,,
,,
,,
,,
,,
,,
,,
,,
,,
,,
,,
,,
,,
,,
,,
,,
,,
,,
,,
,,
,,
,,
,,
,,
,,
,,
,,
,,
,,
,,
,,
,,
,,
,,
,,
,,
,,
,,
,,
,,
,,
,,
,,
,,
,,
,,
,,
,,
,,
,,
,,
,,
,,
,,
,,
,,
,,
,,
,,
,,
,,
,,
,,
,,
,,
,,
,,
,,
,,
,,
,,
,,
,,
,,
,,
,,
,,
,,
,,
,,
,,
,,
,,
,,
,,
,,
,,
,,
,,
,,
,,
,,
,,
,,
,,
,,
,,
,,
,,
,,
,,
,,
,,
,,
,,
,,
,,
,,
,,
,,
,,
,,
,,
,,
,,
,,
,,
,,
,,
,,
,,
,,
,,
,,
,,
,,
,,
,,
,,
,,
,,
,,
,,
,,
,,
,,
,,
,,
,,
,,
,,
,,
,,
,,
,,
,,
,,
,,
,,
,,
,,
,,
,,
,,
,,
,,
,,
,,
,,
,,
,,
,,
,,
,,
,,
,,
,,
,,
,,
,,
,,
,,
,,
,,
,,
,,
,,
,,
,,
,,
,,
,,
,,
,,
,,
,,
,,
,,
,,
,,
,,
,,
,,
,,
,,
,,
,,
,,
,,
,,
,,
,,
,,
,,
,,
,,
,,
,,
,,
,,
,,
,,
,,
,,
,,
,,
,,
,,
,,
,,
,,
,,
,,
,,
,,
,,
,,
,,
,,
,,
,,
,,
,,
,,
,,
,,
,,
,,
,,
,,
,,
,,
,,
,,
,,
,,
,,
,,
,,
,,
,,
,,
,,
,,
,,
,,
,,
,,
,,
,,
,,
,,
,,
,,
,,
,,
,,
,,
,,
,,
,,
,,
,,
,,
,,
,,
,,
,,
,,
,,
,,
,,
,,
,,
,,
,,
,,
,,
,,
,,
,,
,,
,,
,,
,,
,,
,,
,,
,,
,,
,,
,,
,,
,,
,,
,,
,,
,,
,,
,,
,,
,,
,,
,,
,,
,,
,,
,,
,,
,,
,,
,,
,,
,,
,,
,,
,,
,,
,,
,,
,,
,,
,,
,,
,,
,,
,,
,,
,,
,,
,,
,,
,,
,,
,,
,,
,,
,,
,,
,,
,,
,,
,,
,,
,,
,,
,,
,,
,,
,,
,,
,,
,,
,,
,,
,,
,,
,,
,,
,,
,,
,,
,,
,,
,,
,,
,,
,,
,,
,,
,,
,,
,,
,,
,,
,,
,,
,,
,,
,,
,,
,,
,,
,,
,,
,,
,,
,,
,,
,,
,,
,,
,,
,,
,,
,,
,,
,,
,,
,,
,,
,,
,,
,,
,,
,,
,,
,,
,,
,,
,,
,,
,,
,,
,,
,,
,,
,,
,,
,,
,,
,,
,,
,,
,,
,,
,,
,,
,,
,,
,,
,,
,,
,,
,,
,,
,,
,,
,,
,,
,,
,,
,,
,,
,,
,,
,,
,,
,,
,,
,,
,,
,,
,,
,,
,,
,,
,,
,,
,,
,,
,,
,,
,,
,,
,,
,,
,,
,,
,,
,,
,,
,,
,,
,,
,,
,,
,,
,,
,,
,,
,,
,,
,,
,,
,,
,,
,,
,,
,,
,,
,,
,,
,,
,,
,,
,,
,,
,,
,,
,,
,,
,,
,,
,,
,,
,,
,,
,,
,,
,,
,,
,,
,,
,,
,,
,,
,,
,,
,,
,,
,,
,,
,,
,,
,,
,,
,,
,,
,,
,,
,,
,,
,,
,,
,,
,,
,,
,,
,,
,,
,,
,,
,,
,,
,,
,,
,,
,,
,,
,,
,,
,,
,,
,,
,,
,,
,,
,,
,,
,,
,,
,,
,,
,,
,,
,,
,,
,,
,,
,,
,,
,,
,,
,,
,,
,,
,,
,,
,,
,,
,,
,,
,,
,,
,,
,,
,,
,,
,,
,,
,,
,,
,,
,,
,,
,,
,,
,,
,,
,,
,,
,,
,,
,,
,,
,,
,,
,,
,,
,,
,,
,,
,,
,,
,,
,,
,,
,,
,,
,,
,,
,,
,,
,,
,,
,,
,,
,,
,,
,,
,,
,,
,,
,,
,,
,,
,,
,,
,,
,,
,,
,,
,,
,,
,,
,,
,,
,,
,,
,,
,,
,,
,,
,,
,,
,,
,,
,,
,,
,,
,,
,,
,,
,,
,,
,,
,,
,,
,,
,,
,,
,,
,,
,,
,,
,,
,,
,,
,,
,,
,,
,,
,,
,,
,,
,,
,,
,,
,,
,,
,,
,,
,,
,,
,,
,,
,,
,,
,,
,,
,,
,,
,,
,,
,,
,,
,,
,,
,,
,,
,,
,,
,,
,,
,,
,,
,,
,,
,,
,,
,,
,,
,,
,,
,,
,,
,,
,,
,,
,,
,,
,,
,,
,,
,,
,,
,,
,,
,,
,,
,,
,,
,,
,,
,,
,,
,,
,,
,,
,,
,,
,,
,,
,,
,,
,,
,,
,,
,,
,,
,,
,,
,,
,,
,,
,,
,,
,,
,,
,,
,,
,,
,,
,,
,,
,,
,,
,,
,,
,,
,,
,,
,,
,,
,,
,,
,,
,,
,,
,,
,,
,,
,,
,,
,,
,,
,,
,,
,,
,,
,,
,,
,,
,,
,,
,,
,,
,,
,,
,,
,,
,,
,,
,,
,,
,,
,,
,,
,,
,,
,,
,,
,,
,,
,,
,,
,,
,,
,,
,,
,,
,,
,,
,,
,,
,,
,,
,,
,,
,,
,,
,,
,,
,,
,,
,,
,,
,,
,,
,,
,,
,,
,,
,,
,,
,,
,,
,,
,,
,,
,,
,,
,,
,,
,,
,,
,,
,,
,,
,,
,,
,,
,,
,,
,,
,,
,,
,,
,,
,,
,,
,,
,,
,,
,,
,,
,,
,,
,,
,,
,,
,,
,,
,,
,,
,,
,,
,,
,,
,,
,,
,,
,,
,,
,,
,,
,,
,,
,,
,,
,,
,,
,,
,,
,,
,,
,,
,,
,,
,,
,,
,,
,,
,,
,,
,,
,,
,,
,,
,,
,,
,,
,,
,,
,,
,,
,,
,,
,,
,,
,,
,,
,,
,,
,,
,,
,,
,,
,,
,,
,,
,,
,,
,,
,,
,,
,,
,,
,,
,,
,,
,,
,,
,,
,,
,,
,,
,,
,,
,,
,,
,,
,,
,,
,,
,,
,,
,,
,,
,,
,,
,,
,,
,,
,,
,,
,,
,,
,,
,,
,,
,,
,,
,,
,,
,,
,,
,,
,,
,,
,,
,,
,,
,,
,,
,,
,,
,,
,,
,,
,,
,,
,,
,,
,,
,,
,,
,,
,,
,,
,,
,,
,,
,,
,,
,,
,,
,,
,,
,,
,,
,,
,,
,,
,,
,,
,,
,,
,,
,,
,,
,,
,,
,,
,,
,,
,,
,,
,,
,,
,,
,,
,,
,,
,,
,,
,,
,,
,,
,,
,,
,,
,,
,,
,,
,,
,,
,,
,,
,,
,,
,,
,,
,,
,,
,,
,,
,,
,,
,,
,,
,,
,,
,,
,,
,,
,,
,,
,,
,,
,,
,,
,,
,,
,,
,,
,,
,,
,,
,,
,,
,,
,,
,,
,,
,,
,,
,,
,,
,,
,,
,,
,,
,,
,,
,,
,,
,,
,,
,,
,,
,,
,,
,,
,,
,,
,,
,,
,,
,,
,,
,,
,,
,,
,,
,,
,,
,,
,,
,,
,,
,,
,,
,,
,,
,,
,,
,,
,,
,,
,,
,,
,,
,,
,,
,,
,,
,,
,,
,,
,,
,,
,,
,,
,,
,,
,,
,,
,,
,,
,,
,,
,,
,,
,,
,,
,,
,,
,,
,,
,,
,,
,,
,,
,,
,,
,,
,,
,,
,,
,,
,,
,,
,,
,,
,,
,,
,,
,,
,,
,,
,,
,,
,,
,,
,,
,,
,,
,,
,,
,,
,,
,,
,,
,,
,,
,,
,,
,,
,,
,,
,,
,,
,,
,,
,,
,,
,,
,,
,,
,,
,,
,,
,,
,,
,,
,,
,,
,,
,,
,,
,,
,,
,,
,,
,,
,,
,,
,,
,,
,,
,,
,,
,,
,,
,,
,,
,,
,,
,,
,,
,,
,,
,,
,,
,,
,,
,,
,,
,,
,,
,,
,,
,,
,,
,,
,,
,,
,,
,,
,,
,,
,,
,,
,,
,,
,,
,,
,,
,,
,,
,,
,,
,,
,,
,,
,,
,,
,,
,,
,,
,,
,,
,,
,,
,,
,,
,,
,,
,,
,,
,,
,,
,,
,,
,,
,,
,,
,,
,,
,,
,,
,,
,,
,,
,,
,,
,,
,,
,,
,,
,,
,,
,,
,,
,,
,,
,,
,,
,,
,,
,,
,,
,,
,,
,,
,,
,,
,,
,,
,,
,,
,,
,,
,,
,,
,,
,,
,,
,,
,,
,,
,,
,,
,,
,,
,,
,,
,,
,,
,,
,,
,,
,,
,,
,,
,,
,,
,,
,,
,,
,,
,,
,,
,,
,,
,,
,,
,,
,,
,,
,,
,,
,,
,,
,,
,,
,,
,,
,,
,,
,,
,,
,,
,,
,,
,,
,,
,,
,,
,,
,,
,,
,,
,,
,,
,,
,,
,,
,,
,,
,,
,,
,,
,,
,,
,,
,,
,,
,,
,,
,,
,,
,,
,,
,,
,,
,,
,,
,,
,,
,,
,,
,,
,,
,,
,,
,,
,,
,,
,,
,,
,,
,,
,,
,,
,,
,,
,,
,,
,,
,,
,,
,,
,,
,,
,,
,,
,,
,,
,,
,,
,,
,,
,,
,,
,,
,,
,,
,,
,,
,,
,,
,,
,,
,,
,,
,,
,,
,,
,,
,,
,,
,,
,,
,,
,,
,,
,,
,,
,,
,,
,,
,,
,,
,,
,,
,,
,,
,,
,,
,,
,,
,,
,,
,,
,,
,,
,,
,,
,,
,,
,,
,,
,,
,,
,,
,,
,,
,,
,,
,,
,,
,,
,,
,,
,,
,,
,,
,,
,,
,,
,,
,,
,,
,,
,,
,,
,,
,,
,,
,,
,,
,,
,,
,,
,,
,,
,,
,,
,,
,,
,,
,,
,,
,,
,,
,,
,,
,,
,,
,,
,,
,,
,,
,,
,,
,,
,,
,,
,,
,,
,,
,,
,,
,,
,,
,,
,,
,,
,,
,,
,,
,,
,,
,,
,,
,,
,,
,,
,,
,,
,,
,,
,,
,,
,,
,,
,,
,,
,,
,,
,,
,,
,,
,,
,,
,,
,,
,,
,,
,,
,,
,,
,,
,,
,,
,,
,,
,,
,,
,,
,,
,,
,,
,,
,,
,,
,,
,,
,,
,,
,,
,,
,,
,,
,,
,,
,,
,,
,,
,,
,,
,,
,,
,,
,,
,,
,,
,,
,,
,,
,,
,,
,,
,,
,,
,,
,,
,,
,,
,,
,,
,,
,,
,,
,,
,,
,,
,,
,,
,,
,,
,,
,,
,,
,,
,,
,,
,,
,,
,,
,,
,,
,,
,,
,,
,,
,,
,,
,,
,,
,,
,,
,,
,,
,,
,,
,,
,,
,,
,,
,,
,,
,,
,,
,,
,,
,,
,,
,,
,,
,,
,,
,,
,,
,,
,,
,,
,,
,,
,,
,,
,,
,,
,,
,,
,,
,,
,,
,,
,,
,,
,,
,,
,,
,,
,,
,,
,,
,,
,,
,,
,,
,,
,,
,,
,,
,,
,,
,,
,,
,,
,,
,,
,,
,,
,,
,,
,,
,,
,,
,,
,,
,,
,,
,,
,,
,,
,,
,,
,,
,,
,,
,,
,,
,,
,,
,,
,,
,,
,,
,,
,,
,,
,,
,,
,,
,,
,,
,,
,,
,,
,,
,,
,,
,,
,,
,,
,,
,,
,,
,,
,,
,,
,,
,,
,,
,,
,,
,,
,,
,,
,,
,,
,,
,,
,,
,,
,,
,,
,,
,,
,,
,,
,,
,,
,,
,,
,,
,,
,,
,,
,,
,,
,,
,,
,,
,,
,,
,,
,,
,,
,,
,,
,,
,,
,,
,,
,,
,,
,,
,,
,,
,,
,,
,,
,,
,,
,,
,,
,,
,,
,,
,,
,,
,,
,,
,,
,,
,,
,,
,,
,,
,,
,,
,,
,,
,,
,,
,,
,,
,,
,,
,,
,,
,,
,,
,,
,,
,,
,,
,,
,,
,,
,,
,,
,,
,,
,,
,,
,,
,,
,,
,,
,,
,,
,,
,,
,,
,,
,,
,,
,,
,,
,,
,,
,,
,,
,,
,,
,,
,,
,,
,,
,,
,,
,,
,,
,,
,,
,,
,,
,,
,,
,,
,,
,,
,,
,,
,,
,,
,,
,,
,,
,,
,,
,,
,,
,,
,,
,,
,,
,,
,,
,,
,,
,,
,,
,,
,,
,,
,,
,,
,,
,,
,,
,,
,,
,,
,,
,,
,,
,,
,,
,,
,,
,,
,,
,,
,,
,,
,,
,,
,,
,,
,,
,,
,,
,,
,,
,,
,,
,,
,,
,,
,,
,,
,,
,,
,,
,,
,,
,,
,,
,,
,,
,,
,,
,,
,,
,,
,,
,,
,,
,,
,,
,,
,,
,,
,,
,,
,,
,,
,,
,,
,,
,,
,,
,,
,,
,,
,,
,,
,,
,,
,,
,,
,,
,,
,,
,,
,,
,,
,,
,,
,,
,,
,,
,,
,,
,,
,,
,,
,,
,,
,,
,,
,,
,,
,,
,,
,,
,,
,,
,,
,,
,,
,,
,,
,,
,,
,,
,,
,,
,,
,,
,,
,,
,,
,,
,,
,,
,,
,,
,,
,,
,,
,,
,,
,,
,,
,,
,,
,,
,,
,,
,,
,,
,,
,,
,,
,,
,,
,,
,,
,,
,,
,,
,,
,,
,,
,,
,,
,,
,,
,,
,,
,,
,,
,,
,,
,,
,,
,,
,,
,,
,,
,,
,,
,,
,,
,,
,,
,,
,,
,,
,,
,,
,,
,,
,,
,,
,,
,,
,,
,,
,,
,,
,,
,,
,,
,,
,,
,,
,,
,,
,,
,,
,,
,,
,,
,,
,,
,,
,,
,,
,,
,,
,,
,,
,,
,,
,,
,,
,,
,,
,,
,,
,,
,,
,,
,,
,,
,,
,,
,,
,,
,,
,,
,,
,,
,,
,,
,,
,,
,,
,,
,,
,,
,,
,,
,,
,,
,,
,,
,,
,,
,,
,,
,,
,,
,,
,,
,,
,,
,,
,,
,,
,,
,,
,,
,,
,,
,,
,,
,,
,,
,,
,,
,,
,,
,,
,,
,,
,,
,,
,,
,,
,,
,,
,,
,,
,,
,,
,,
,,
,,
,,
,,
,,
,,
,,
,,
,,
,,
,,
,,
,,
,,
,,
,,
,,
,,
,,
,,
,,
,,
,,
,,
,,
,,
,,
,,
,,
,,
,,
,,
,,
,,
,,
,,
,,
,,
,,
,,
,,
,,
,,
,,
,,
,,
,,
,,
,,
,,
,,
,,
,,
,,
,,
,,
,,
,,
,,
,,
,,
,,
,,
,,
,,
,,
,,
,,
,,
,,
,,
,,
,,
,,
,,
,,
,,
,,
,,
,,
,,
,,
,,
,,
,,
,,
,,
,,
,,
,,
,,
,,
,,
,,
,,
,,
,,
,,
,,
,,
,,
,,
,,
,,
,,
,,
,,
,,
,,
,,
,,
,,
,,
,,
,,
,,
,,
,,
,,
,,
,,
,,
,,
,,
,,
,,
,,
,,
,,
,,
,,
,,
,,
,,
,,
,,
,,
,,
,,
,,
,,
,,
,,
,,
,,
,,
,,
,,
,,
,,
,,
,,
,,
,,
,,
,,
,,
,,
,,
,,
,,
,,
,,
,,
,,
,,
,,
,,
,,
,,
,,
,,
,,
,,
,,
,,
,,
,,
,,
,,
,,
,,
,,
,,
,,
,,
,,
,,
,,
,,
,,
,,
,,
,,
,,
,,
,,
,,
,,
,,
,,
,,
,,
,,
,,
,,
,,
,,
,,
,,
,,
,,
,,
,,
,,
,,
,,
,,
,,
,,
,,
,,
,,
,,
,,
,,
,,
,,
,,
,,
,,
,,
,,
,,
,,
,,
,,
,,
,,
,,
,,
,,
,,
,,
,,
,,
,,
,,
,,
,,
,,
,,
,,
,,
,,
,,
,,
,,
,,
,,
,,
,,
,,
,,
,,
,,
,,
,,
,,
,,
,,
,,
,,
,,
,,
,,
,,
,,
,,
,,
,,
,,
,,
,,
,,
,,
,,
,,
,,
,,
,,
,,
,,
,,
,,
,,
,,
,,
,,
,,
,,
,,
,,
,,
,,
,,
,,
,,
,,
,,
,,
,,
,,
,,
,,
,,
,,
,,
,,
,,
,,
,,
,,
,,
,,
,,
,,
,,
,,
,,
,,
,,
,,
,,
,,
,,
,,
,,
,,
,,
,,
,,
,,
,,
,,
,,
,,
,,
,,
,,
,,
,,
,,
,,
,,
,,
,,
,,
,,
,,
,,
,,
,,
,,
,,
,,
,,
,,
,,
,,
,,
,,
,,
,,
,,
,,
,,
,,
,,
,,
,,
,,
,,
,,
,,
,,
,,
,,
,,
,,
,,
,,
,,
,,
,,
,,
,,
,,
,,
,,
,,
,,
,,
,,
,,
,,
,,
,,
,,
,,
,,
,,
,,
,,
,,
,,
,,
,,
,,
,,
,,
,,
,,
,,
,,
,,
,,
,,
,,
,,
,,
,,
,,
,,
,,
,,
,,
,,
,,
,,
,,
,,
,,
,,
,,
,,
,,
,,
,,
,,
,,
,,
,,
,,
,,
,,
,,
,,
,,
,,
,,
,,
,,
,,
,,
,,
,,
,,
,,
,,
,,
,,
,,
,,
,,
,,
,,
,,
,,
,,
,,
,,
,,
,,
,,
,,
,,
,,
,,
,,
,,
,,
,,
,,
,,
,,
,,
,,
,,
,,
,,
,,
,,
,,
,,
,,
,,
,,
,,
,,
,,
,,
,,
,,
,,
,,
,,
,,
,,
,,
,,
,,
,,
,,
,,
,,
,,
,,
,,
,,
,,
,,
,,
,,
,,
,,
,,
,,
,,
,,
,,
,,
,,
,,
,,
,,
,,
,,
,,
,,
,,
,,
,,
,,
,,
,,
,,
,,
,,
,,
,,
,,
,,
,,
,,
,,
,,
,,
,,
,,
,,
,,
,,
,,
,,
,,
,,
,,
,,
,,
,,
,,
,,
,,
,,
,,
,,
,,
,,
,,
,,
,,
,,
,,
,,
,,
,,
,,
,,
,,
,,
,,
,,
,,
,,
,,
,,
,,
,,
,,
,,
,,
,,
,,
,,
,,
,,
,,
,,
,,
,,
,,
,,
,,
,,
,,
,,
,,
,,
,,
,,
,,
,,
,,
,,
,,
,,
,,
,,
,,
,,
,,
,,
,,
,,
,,
,,
,,
,,
,,
,,
,,
,,
,,
,,
,,
,,
,,
,,
,,
,,
,,
,,
,,
,,
,,
,,
,,
,,
,,
,,
,,
,,
,,
,,
,,
,,
,,
,,
,,
,,
,,
,,
,,
,,
,,
,,
,,
,,
,,
,,
,,
,,
,,
,,
,,
,,
,,
,,
,,
,,
,,
,,
,,
,,
,,
,,
,,
,,
,,
,,
,,
,,
,,
,,
,,
,,
,,
,,
,,
,,
,,
,,
,,
,,
,,
,,
,,
,,
,,
,,
,,
,,
,,
,,
,,
,,
,,
,,
,,
,,
,,
,,
,,
,,
,,
,,
,,
,,
,,
,,
,,
,,
,,
,,
,,
,,
,,
,,
,,
,,
,,
,,
,,
,,
,,
,,
,,
,,
,,
,,
,,
,,
,,
,,
,,
,,
,,
,,
,,
,,
,,
,,
,,
,,
,,
,,
,,
,,
,,
,,
,,
,,
,,
,,
,,
,,
,,
,,
,,
,,
,,
,,
,,
,,
,,
,,
,,
,,
,,
,,
,,
,,
,,
,,
,,
,,
,,
,,
,,
,,
,,
,,
,,
,,
,,
,,
,,
,,
,,
,,
,,
,,
,,
,,
,,
,,
,,
,,
,,
,,
,,
,,
,,
,,
,,
,,
,,
,,
,,
,,
,,
,,
,,
,,
,,
,,
,,
,,
,,
,,
,,
,,
,,
,,
,,
,,
,,
,,
,,
,,
,,
,,
,,
,,
,,
,,
,,
,,
,,
,,
,,
,,
,,
,,
,,
,,
,,
,,
,,
,,
,,
,,
,,
,,
,,
,,
,,
,,
,,
,,
,,
,,
,,
,,
,,
,,
,,
,,
,,
,,
,,
,,
,,
,,
,,
,,
,,
,,
,,
,,
,,
,,
,,
,,
,,
,,
,,
,,
,,
,,
,,
,,
,,
,,
,,
,,
,,
,,
,,
,,
,,
,,
,,
,,
,,
,,
,,
,,
,,
,,
,,
,,
,,
,,
,,
,,
,,
,,
,,
,,
,,
,,
,,
,,
,,
,,
,,
,,
,,
,,
,,
,,
,,
,,
,,
,,
,,
,,
,,
,,
,,
,,
,,
,,
,,
,,
,,
,,
,,
,,
,,
,,
,,
,,
,,
,,
,,
,,
,,
,,
,,
,,
,,
,,
,,
,,
,,
,,
,,
,,
,,
,,
,,
,,
,,
,,
,,
,,
,,
,,
,,
,,
,,
,,
,,
,,
,,
,,
,,
,,
,,
,,
,,
,,
,,
,,
,,
,,
,,
,,
,,
,,
,,
,,
,,
,,
,,
,,
,,
,,
,,
,,
,,
,,
,,
,,
,,
,,
,,
,,
,,
,,
,,
,,
,,
,,
,,
,,
,,
,,
,,
,,
,,
,,
,,
,,
,,
,,
,,
,,
,,
,,
,,
,,
,,
,,
,,
,,
,,
,,
,,
,,
,,
,,
,,
,,
,,
,,
,,
,,
,,
,,
,,
,,
,,
,,
,,
,,
,,
,,
,,
,,
,,
,,
,,
,,
,,
,,
,,
,,
,,
,,
,,
,,
,,
,,
,,
,,
,,
,,
,,
,,
,,
,,
,,
,,
,,
,,
,,
,,
,,
,,
,,
,,
,,
,,
,,
,,
,,
,,
,,
,,
,,
,,
,,
,,
,,
,,
,,
,,
,,
,,
,,
,,
,,
,,
,,
,,
,,
,,
,,
,,
,,
,,
,,
,,
,,
,,
,,
,,
,,
,,
,,
,,
,,
,,
,,
,,
,,
,,
,,
,,
,,
,,
,,
,,
,,
,,
,,
,,
,,
,,
,,
,,
,,
,,
,,
,,
,,
,,
,,
,,
,,
,,
,,
,,
,,
,,
,,
,,
,,
,,
,,
,,
,,
,,
,,
,,
,,
,,
,,
,,
,,
,,
,,
,,
,,
,,
,,
,,
,,
,,
,,
,,
,,
,,
,,
,,
,,
,,
,,
,,
,,
,,
,,
,,
,,
,,
,,
,,
,,
,,
,,
,,
,,
,,
,,
,,
,,
,,
,,
,,
,,
,,
,,
,,
,,
,,
,,
,,
,,
,,
,,
,,
,,
,,
,,
,,
,,
,,
,,
,,
,,
,,
,,
,,
,,
,,
,,
,,
,,
,,
,,
,,
,,
,,
,,
,,
,,
,,
,,
,,
,,
,,
,,
,,
,,
,,
,,
,,
,,
,,
,,
,,
,,
,,
,,
,,
,,
,,
,,
,,
,,
,,
,,
,,
,,
,,
,,
,,
,,
,,
,,
,,
,,
,,
,,
,,
,,
,,
,,
,,
,,
,,
,,
,,
,,
,,
,,
,,
,,
,,
,,
,,
,,
,,
,,
,,
,,
,,
,,
,,
,,
,,
,,
,,
,,
,,
,,
,,
,,
,,
,,
,,
,,
,,
,,
,,
,,
,,
,,
,,
,,
,,
,,
,,
,,
,,
,,
,,
,,
,,
,,
,,
,,
,,
,,
,,
,,
,,
,,
,,
,,
,,
,,
,,
,,
,,
,,
,,
,,
,,
,,
,,
,,
,,
,,
,,
,,
,,
,,
,,
,,
,,
,,
,,
,,
,,
,,
,,
,,
,,
,,
,,
,,
,,
,,
,,
,,
,,
,,
,,
,,
,,
,,
,,
,,
,,
,,
,,
,,
,,
,,
,,
,,
,,
,,
,,
,,
,,
,,
,,
,,
,,
,,
,,
,,
,,
,,
,,
,,
,,
,,
,,
,,
,,
,,
,,
,,
,,
,,
,,
,,
,,
,,
,,
,,
,,
,,
,,
,,
,,
,,
,,
,,
,,
,,
,,
,,
,,
,,
,,
,,
,,
,,
,,
,,
,,
,,
,,
,,
,,
,,
,,
,,
,,
,,
,,
,,
,,
,,
,,
,,
,,
,,
,,
,,
,,
,,
,,
,,
,,
,,
,,
,,
,,
,,
,,
,,
,,
,,
,,
,,
,,
,,
,,
,,
,,
,,
,,
,,
,,
,,
,,
,,
,,
,,
,,
,,
,,
,,
,,
,,
,,
,,
,,
,,
,,
,,
,,
,,
,,
,,
,,
,,
,,
,,
,,
,,
,,
,,
,,
,,
,,
,,
,,
,,
,,
,,
,,
,,
,,
,,
,,
,,
,,
,,
,,
,,
,,
,,
,,
,,
,,
,,
,,
,,
,,
,,
,,
,,
,,
,,
,,
,,
,,
,,
,,
,,
,,
,,
,,
,,
,,
,,
,,
,,
,,
,,
,,
,,
,,
,,
,,
,,
,,
,,
,,
,,
,,
,,
,,
,,
,,
,,
,,
,,
,,
,,
,,
,,
,,
,,
,,
,,
,,
,,
,,
,,
,,
,,
,,
,,
,,
,,
,,
,,
,,
,,
,,
,,
,,
,,
,,
,,
,,
,,
,,
,,
,,
,,
,,
,,
,,
,,
,,
,,
,,
,,
,,
,,
,,
,,
,,
,,
,,
,,
,,
,,
,,
,,
,,
,,
,,
,,
,,
,,
,,
,,
,,
,,
,,
,,
,,
,,
,,
,,
,,
,,
,,
,,
,,
,,
,,
,,
,,
,,
,,
,,
,,
,,
,,
,,
,,
,,
,,
,,
,,
,,
,,
,,
,,
,,
,,
,,
,,
,,
,,
,,
,,
,,
,,
,,
,,
,,
,,
,,
,,
,,
,,
,,
,,
,,
,,
,,
,,
,,
,,
,,
,,
,,
,,
,,
,,
,,
,,
,,
,,
,,
,,
,,
,,
,,
,,
,,
,,
,,
,,
,,
,,
,,
,,
,,
,,
,,
,,
,,
,,
,,
,,
,,
,,
,,
,,
,,
,,
,,
,,
,,
,,
,,
,,
,,
,,
,,
,,
,,
,,
,,
,,
,,
,,
,,
,,
,,
,,
,,
,,
,,
,,
,,
,,
,,
,,
,,
,,
,,
,,
,,
,,
,,
,,
,,
,,
,,
,,
,,
,,
,,
,,
,,
,,
,,
,,
,,
,,
,,
,,
,,
,,
,,
,,
,,
,,
,,
,,
,,
,,
,,
,,
,,
,,
,,
,,
,,
,,
,,
,,
,,
,,
,,
,,
,,
,,
,,
,,
,,
,,
,,
,,
,,
,,
,,
,,
,,
,,
,,
,,
,,
,,
,,
,,
,,
,,
,,
,,
,,
,,
,,
,,
,,
,,
,,
,,
,,
,,
,,
,,
,,
,,
,,
,,
,,
,,
,,
,,
,,
,,
,,
,,
,,
,,
,,
,,
,,
,,
,,
,,
,,
,,
,,
,,
,,
,,
,,
,,
,,
,,
,,
,,
,,
,,
,,
,,
,,
,,
,,
,,
,,
,,
,,
,,
,,
,,
,,
,,
,,
,,
,,
,,
,,
,,
,,
,,
,,
,,
,,
,,
,,
,,
,,
,,
,,
,,
,,
,,
,,
,,
,,
,,
,,
,,
,,
,,
,,
,,
,,
,,
,,
,,
,,
,,
,,
,,
,,
,,
,,
,,
,,
,,
,,
,,
,,
,,
,,
,,
,,
,,
,,
,,
,,
,,
,,
,,
,,
,,
,,
,,
,,
,,
,,
,,
,,
,,
,,
,,
,,
,,
,,
,,
,,
,,
,,
,,
,,
,,
,,
,,
,,
,,
,,
,,
,,
,,
,,
,,
,,
,,
,,
,,
,,
,,
,,
,,
,,
,,
,,
,,
,,
,,
,,
,,
,,
,,
,,
,,
,,
,,
,,
,,
,,
,,
,,
,,
,,
,,
,,
,,
,,
,,
,,
,,
,,
,,
,,
,,
,,
,,
,,
,,
,,
,,
,,
,,
,,
,,
,,
,,
,,
,,
,,
,,
,,
,,
,,
,,
,,
,,
,,
,,
,,
,,
,,
,,
,,
,,
,,
,,
,,
,,
,,
,,
,,
,,
,,
,,
,,
,,
,,
,,
,,
,,
,,
,,
,,
,,
,,
,,
,,
,,
,,
,,
,,
,,
,,
,,
,,
,,
,,
,,
,,
,,
,,
,,
,,
,,
,,
,,
,,
,,
,,
,,
,,
,,
,,
,,
,,
,,
,,
,,
,,
,,
,,
,,
,,
,,
,,
,,
,,
,,
,,
,,
,,
,,
,,
,,
,,
,,
,,
,,
,,
,,
,,
,,
,,
,,
,,
,,
,,
,,
,,
,,
,,
,,
,,
,,
,,
,,
,,
,,
,,
,,
,,
,,
,,
,,
,,
,,
,,
,,
,,
,,
,,
,,
,,
,,
,,
,,
,,
,,
,,
,,
,,
,,
,,
,,
,,
,,
,,
,,
,,
,,
,,
,,
,,
,,
,,
,,
,,
,,
,,
,,
,,
,,
,,
,,
,,
,,
,,
,,
,,
,,
,,
,,
,,
,,
,,
,,
,,
,,
,,
,,
,,
,,
,,
,,
,,
,,
,,
,,
,,
,,
,,
,,
,,
,,
,,
,,
,,
,,
,,
,,
,,
,,
,,
,,
,,
,,
,,
,,
,,
,,
,,
,,
,,
,,
,,
,,
,,
,,
,,
,,
,,
,,
,,
,,
,,
,,
,,
,,
,,
,,
,,
,,
,,
,,
,,
,,
,,
,,
,,
,,
,,
,,
,,
,,
,,
,,
,,
,,
,,
,,
,,
,,
,,
,,
,,
,,
,,
,,
,,
,,
,,
,,
,,
,,
,,
,,
,,
,,
,,
,,
,,
,,
,,
,,
,,
,,
,,
,,
,,
,,
,,
,,
,,
,,
,,
,,
,,
,,
,,
,,
,,
,,
,,
,,
,,
,,
,,
,,
,,
,,
,,
,,
,,
,,
,,
,,
,,
,,
,,
,,
,,
,,
,,
,,
,,
,,
,,
,,
,,
,,
,,
,,
,,
,,
,,
,,
,,
,,
,,
,,
,,
,,
,,
,,
,,
,,
,,
,,
,,
,,
,,
,,
,,
,,
,,
,,
,,
,,
,,
,,
,,
,,
,,
,,
,,
,,
,,
,,
,,
,,
,,
,,
,,
,,
,,
,,
,,
,,
,,
,,
,,
,,
,,
,,
,,
,,
,,
,,
,,
,,
,,
,,
,,
,,
,,
,,
,,
,,
,,
,,
,,
,,
,,
,,
,,
,,
,,
,,
,,
,,
,,
,,
,,
,,
,,
,,
,,
,,
,,
,,
,,
,,
,,
,,
,,
,,
,,
,,
,,
,,
,,
,,
,,
,,
,,
,,
,,
,,
,,
,,
,,
,,
,,
,,
,,
,,
,,
,,
,,
,,
,,
,,
,,
,,
,,
,,
,,
,,
,,
,,
,,
,,
,,
,,
,,
,,
,,
,,
,,
,,
,,
,,
,,
,,
,,
,,
,,
,,
,,
,,
,,
,,
,,
,,
,,
,,
,,
,,
,,
,,
,,
,,
,,
,,
,,
,,
,,
,,
,,
,,
,,
,,
,,
,,
,,
,,
,,
,,
,,
,,
,,
,,
,,
,,
,,
,,
,,
,,
,,
,,
,,
,,
,,
,,
,,
,,
,,
,,
,,
,,
,,
,,
,,
,,
,,
,,
,,
,,
,,
,,
,,
,,
,,
,,
,,
,,
,,
,,
,,
,,
,,
,,
,,
,,
,,
,,
,,
,,
,,
,,
,,
,,
,,
,,
,,
,,
,,
,,
,,
,,
,,
,,
,,
,,
,,
,,
,,
,,
,,
,,
,,
,,
,,
,,
,,
,,
,,
,,
,,
,,
,,
,,
,,
,,
,,
,,
,,
,,
,,
,,
,,
,,
,,
,,
,,
,,
,,
,,
,,
,,
,,
,,
,,
,,
,,
,,
,,
,,
,,
,,
,,
,,
,,
,,
,,
,,
,,
,,
,,
,,
,,
,,
,,
,,
,,
,,
,,
,,
,,
,,
,,
,,
,,
,,
,,
,,
,,
,,
,,
,,
,,
,,
,,
,,
,,
,,
,,
,,
,,
,,
,,
,,
,,
,,
,,
,,
,,
,,
,,
,,
,,
,,
,,
,,
,,
,,
,,
,,
,,
,,
,,
,,
,,
,,
,,
,,
,,
,,
,,
,,
,,
,,
,,
,,
,,
,,
,,
,,
,,
,,
,,
,,
,,
,,
,,
,,
,,
,,
,,
,,
,,
,,
,,
,,
,,
,,
,,
,,
,,
,,
,,
,,
,,
,,
,,
,,
,,
,,
,,
,,
,,
,,
,,
,,
,,
,,
,,
,,
,,
,,
,,
,,
,,
,,
,,
,,
,,
,,
,,
,,
,,
,,
,,
,,
,,
,,
,,
,,
,,
,,
,,
,,
,,
,,
,,
,,
,,
,,
,,
,,
,,
,,
,,
,,
,,
,,
,,
,,
,,
,,
,,
,,
,,
,,
,,
,,
,,
,,
,,
,,
,,
,,
,,
,,
,,
,,
,,
,,
,,
,,
,,
,,
,,
,,
,,
,,
,,
,,
,,
,,
,,
,,
,,
,,
,,
,,
,,
,,
,,
,,
,,
,,
,,
,,
,,
,,
,,
,,
,,
,,
,,
,,
,,
,,
,,
,,
,,
,,
,,
,,
,,
,,
,,
,,
,,
,,
,,
,,
,,
,,
,,
,,
,,
,,
,,
,,
,,
,,
,,
,,
,,
,,
,,
,,
,,
,,
,,
,,
,,
,,
,,
,,
,,
,,
,,
,,
,,
,,
,,
,,
,,
,,
,,
,,
,,
,,
,,
,,
,,
,,
,,
,,
,,
,,
,,
,,
,,
,,
,,
,,
,,
,,
,,
,,
,,
,,
,,
,,
,,
,,
,,
,,
,,
,,
,,
,,
,,
,,
,,
,,
,,
,,
,,
,,
,,
,,
,,
,,
,,
,,
,,
,,
,,
,,
,,
,,
,,
,,
,,
,,
,,
,,
,,
,,
,,
,,
,,
,,
,,
,,
,,
,,
,,
,,
,,
,,
,,
,,
,,
,,
,,
,,
,,
,,
,,
,,
,,
,,
,,
,,
,,
,,
,,
,,
,,
,,
,,
,,
,,
,,
,,
,,
,,
,,
,,
,,
,,
,,
,,
,,
,,
,,
,,
,,
,,
,,
,,
,,
,,
,,
,,
,,
,,
,,
,,
,,
,,
,,
,,
,,
,,
,,
,,
,,
,,
,,
,,
,,
,,
,,
,,
,,
,,
,,
,,
,,
,,
,,
,,
,,
,,
,,
,,
,,
,,
,,
,,
,,
,,
,,
,,
,,
,,
,,
,,
,,
,,
,,
,,
,,
,,
,,
,,
,,
,,
,,
,,
,,
,,
,,
,,
,,
,,
,,
,,
,,
,,
,,
,,
,,
,,
,,
,,
,,
,,
,,
,,
,,
,,
,,
,,
,,
,,
,,
,,
,,
,,
,,
,,
,,
,,
,,
,,
,,
,,
,,
,,
,,
,,
,,
,,
,,
,,
,,
,,
,,
,,
,,
,,
,,
,,
,,
,,
,,
,,
,,
,,
,,
,,
,,
,,
,,
,,
,,
,,
,,
,,
,,
,,
,,
,,
,,
,,
,,
,,
,,
,,
,,
,,
,,
,,
,,
,,
,,
,,
,,
,,
,,
,,
,,
,,
,,
,,
,,
,,
,,
,,
,,
,,
,,
,,
,,
,,
,,
,,
,,
,,
,,
,,
,,
,,
,,
,,
,,
,,
,,
,,
,,
,,
,,
,,
,,
,,
,,
,,
,,
,,
,,
,,
,,
,,
,,
,,
,,
,,
,,
,,
,,
,,
,,
,,
,,
,,
,,
,,
,,
,,
,,
,,
,,
,,
,,
,,
,,
,,
,,
,,
,,
,,
,,
,,
,,
,,
,,
,,
,,
,,
,,
,,
,,
,,
,,
,,
,,
,,
,,
,,
,,
,,
,,
,,
,,
,,
,,
,,
,,
,,
,,
,,
,,
,,
,,
,,
,,
,,
,,
,,
,,
,,
,,
,,
,,
,,
,,
,,
,,
,,
,,
,,
,,
,,
,,
,,
,,
,,
,,
,,
,,
,,
,,
,,
,,
,,
,,
,,
,,
,,
,,
,,
,,
,,
,,
,,
,,
,,
,,
,,
,,
,,
,,
,,
,,
,,
,,
,,
,,
,,
,,
,,
,,
,,
,,
,,
,,
,,
,,
,,
,,
,,
,,
,,
,,
,,
,,
,,
,,
,,
,,
,,
,,
,,
,,
,,
,,
,,
,,
,,
,,
,,
,,
,,
,,
,,
,,
,,
,,
,,
,,
,,
,,
,,
,,
,,
,,
,,
,,
,,
,,
,,
,,
,,
,,
,,
,,
,,
,,
,,
,,
,,
,,
,,
,,
,,
,,
,,
,,
,,
,,
,,
,,
,,
,,
,,
,,
,,
,,
,,
,,
,,
,,
,,
,,
,,
,,
,,
,,
,,
,,
,,
,,
,,
,,
,,
,,
,,
,,
,,
,,
,,
,,
,,
,,
,,
,,
,,
,,
,,
,,
,,
,,
,,
,,
,,
,,
,,
,,
,,
,,
,,
,,
,,
,,
,,
,,
,,
,,
,,
,,
,,
,,
,,
,,
,,
,,
,,
,,
,,
,,
,,
,,
,,
,,
,,
,,
,,
,,
,,
,,
,,
,,
,,
,,
,,
,,
,,
,,
,,
,,
,,
,,
,,
,,
,,
,,
,,
,,
,,
,,
,,
,,
,,
,,
,,
,,
,,
,,
,,
,,
,,
,,
,,
,,
,,
,,
,,
,,
,,
,,
,,
,,
,,
,,
,,
,,
,,
,,
,,
,,
,,
,,
,,
,,
,,
,,
,,
,,
,,
,,
,,
,,
,,
,,
,,
,,
,,
,,
,,
,,
,,
,,
,,
,,
,,
,,
,,
,,
,,
,,
,,
,,
,,
,,
,,
,,
,,
,,
,,
,,
,,
,,
,,
,,
,,
,,
,,
,,
,,
,,
,,
,,
,,
,,
,,
,,
,,
,,
,,
,,
,,
,,
,,
,,
,,
,,
,,
,,
,,
,,
,,
,,
,,
,,
,,
,,
,,
,,
,,
,,
,,
,,
,,
,,
,,
,,
,,
,,
,,
,,
,,
,,
,,
,,
,,
,,
,,
,,
,,
,,
,,
,,
,,
,,
,,
,,
,,
,,
,,
,,
,,
,,
,,
,,
,,
,,
,,
,,
,,
,,
,,
,,
,,
,,
,,
,,
,,
,,
,,
,,
,,
,,
,,
,,
,,
,,
,,
,,
,,
,,
,,
,,
,,
,,
,,
,,
,,
,,
,,
,,
,,
,,
,,
,,
,,
,,
,,
,,
,,
,,
,,
,,
,,
,,
,,
,,
,,
,,
,,
,,
,,
,,
,,
,,
,,
,,
,,
,,
,,
,,
,,
,,
,,
,,
,,
,,
,,
,,
,,
,,
,,
,,
,,
,,
,,
,,
,,
,,
,,
,,
,,
,,
,,
,,
,,
,,
,,
,,
,,
,,
,,
,,
,,
,,
,,
,,
,,
,,
,,
,,
,,
,,
,,
,,
,,
,,
,,
,,
,,
,,
,,
,,
,,
,,
,,
,,
,,
,,
,,
,,
,,
,,
,,
,,
,,
,,
,,
,,
,,
,,
,,
,,
,,
,,
,,
,,
,,
,,
,,
,,
,,
,,
,,
,,
,,
,,
,,
,,
,,
,,
,,
,,
,,
,,
,,
,,
,,
,,
,,
,,
,,
,,
,,
,,
,,
,,
,,
,,
,,
,,
,,
,,
,,
,,
,,
,,
,,
,,
,,
,,
,,
,,
,,
,,
,,
,,
,,
,,
,,
,,
,,
,,
,,
,,
,,
,,
,,
,,
,,
,,
,,
,,
,,
,,
,,
,,
,,
,,
,,
,,
,,
,,
,,
,,
,,
,,
,,
,,
,,
,,
,,
,,
,,
,,
,,
,,
,,
,,
,,
,,
,,
,,
,,
,,
,,
,,
,,
,,
,,
,,
,,
,,
,,
,,
,,
,,
,,
,,
,,
,,
,,
,,
,,
,,
,,
,,
,,
,,
,,
,,
,,
,,
,,
,,
,,
,,
,,
,,
,,
,,
,,
,,
,,
,,
,,
,,
,,
,,
,,
,,
,,
,,
,,
,,
,,
,,
,,
,,
,,
,,
,,
,,
,,
,,
,,
,,
,,
,,
,,
,,
,,
,,
,,
,,
,,
,,
,,
,,
,,
,,
,,
,,
,,
,,
,,
,,
,,
,,
,,
,,
,,
,,
,,
,,
,,
,,
,,
,,
,,
,,
,,
,,
,,
,,
,,
,,
,,
,,
,,
,,
,,
,,
,,
,,
,,
,,
,,
,,
,,
,,
,,
,,
,,
,,
,,
,,
,,
,,
,,
,,
,,
,,
,,
,,
,,
,,
,,
,,
,,
,,
,,
,,
,,
,,
,,
,,
,,
,,
,,
,,
,,
,,
,,
,,
,,
,,
,,
,,
,,
,,
,,
,,
,,
,,
,,
,,
,,
,,
,,
,,
,,
,,
,,
,,
,,
,,
,,
,,
,,
,,
,,
,,
,,
,,
,,
,,
,,
,,
,,
,,
,,
,,
,,
,,
,,
,,
,,
,,
,,
,,
,,
,,
,,
,,
,,
,,
,,
,,
,,
,,
,,
,,
,,
,,
,,
,,
,,
,,
,,
,,
,,
,,
,,
,,
,,
,,
,,
,,
,,
,,
,,
,,
,,
,,
,,
,,
,,
,,
,,
,,
,,
,,
,,
,,
,,
,,
,,
,,
,,
,,
,,
,,
,,
,,
,,
,,
,,
,,
,,
,,
,,
,,
,,
,,
,,
,,
,,
,,
,,
,,
,,
,,
,,
,,
,,
,,
,,
,,
,,
,,
,,
,,
,,
,,
,,
,,
,,
,,
,,
,,
,,
,,
,,
,,
,,
,,
,,
,,
,,
,,
,,
,,
,,
,,
,,
,,
,,
,,
,,
,,
,,
,,
,,
,,
,,
,,
,,
,,
,,
,,
,,
,,
,,
,,
,,
,,
,,
,,
,,
,,
,,
,,
,,
,,
,,
,,
,,
,,
,,
,,
,,
,,
,,
,,
,,
,,
,,
,,
,,
,,
,,
,,
,,
,,
,,
,,
,,
,,
,,
,,
,,
,,
,,
,,
,,
,,
,,
,,
,,
,,
,,
,,
,,
,,
,,
,,
,,
,,
,,
,,
,,
,,
,,
,,
,,
,,
,,
,,
,,
,,
,,
,,
,,
,,
,,
,,
,,
,,
,,
,,
,,
,,
,,
,,
,,
,,
,,
,,
,,
,,
,,
,,
,,
,,
,,
,,
,,
,,
,,
,,
,,
,,
,,
,,
,,
,,
,,
,,
,,
,,
,,
,,
,,
,,
,,
,,
,,
,,
,,
,,
,,
,,
,,
,,
,,
,,
,,
,,
,,
,,
,,
,,
,,
,,
,,
,,
,,
,,
,,
,,
,,
,,
,,
,,
,,
,,
,,
,,
,,
,,
,,
,,
,,
,,
,,
,,
,,
,,
,,
,,
,,
,,
,,
,,
,,
,,
,,
,,
,,
,,
,,
,,
,,
,,
,,
,,
,,
,,
,,
,,
,,
,,
,,
,,
,,
,,
,,
,,
,,
,,
,,
,,
,,
,,
,,
,,
,,
,,
,,
,,
,,
,,
,,
,,
,,
,,
,,
,,
,,
,,
,,
,,
,,
,,
,,
,,
,,
,,
,,
,,
,,
,,
,,
,,
,,
,,
,,
,,
,,
,,
,,
,,
,,
,,
,,
,,
,,
,,
,,
,,
,,
,,
,,
,,
,,
,,
,,
,,
,,
,,
,,
,,
,,
,,
,,
,,
,,
,,
,,
,,
,,
,,
,,
,,
,,
,,
,,
,,
,,
,,
,,
,,
,,
,,
,,
,,
,,
,,
,,
,,
,,
,,
,,
,,
,,
,,
,,
,,
,,
,,
,,
,,
,,
,,
,,
,,
,,
,,
,,
,,
,,
,,
,,
,,
,,
,,
,,
,,
,,
,,
,,
,,
,,
,,
,,
,,
,,
,,
,,
,,
,,
,,
,,
,,
,,
,,
,,
,,
,,
,,
,,
,,
,,
,,
,,
,,
,,
,,
,,
,,
,,
,,
,,
,,
,,
,,
,,
,,
,,
,,
,,
,,
,,
,,
,,
,,
,,
,,
,,
,,
,,
,,
,,
,,
,,
,,
,,
,,
,,
,,
,,
,,
,,
,,
,,
,,
,,
,,
,,
,,
,,
,,
,,
,,
,,
,,
,,
,,
,,
,,
,,
,,
,,
,,
,,
,,
,,
,,
,,
,,
,,
,,
,,
,,
,,
,,
,,
,,
,,
,,
,,
,,
,,
,,
,,
,,
,,
,,
,,
,,
,,
,,
,,
,,
,,
,,
,,
,,
,,
,,
,,
,,
,,
,,
,,
,,
,,
,,
,,
,,
,,
,,
,,
,,
,,
,,
,,
,,
,,
,,
,,
,,
,,
,,
,,
,,
,,
,,
,,
,,
,,
,,
,,
,,
,,
,,
,,
,,
,,
,,
,,
,,
,,
,,
,,
,,
,,
,,
,,
,,
,,
,,
,,
,,
,,
,,
,,
,,
,,
,,
,,
,,
,,
,,
,,
,,
,,
,,
,,
,,
,,
,,
,,
,,
,,
,,
,,
,,
,,
,,
,,
,,
,,
,,
,,
,,
,,
,,
,,
,,
,,
,,
,,
,,
,,
,,
,,
,,
,,
,,
,,
,,
,,
,,
,,
,,
,,
,,
,,
,,
,,
,,
,,
,,
,,
,,
,,
,,
,,
,,
,,
,,
,,
,,
,,
,,
,,
,,
,,
,,
,,
,,
,,
,,
,,
,,
,,
,,
,,
,,
,,
,,
,,
,,
,,
,,
,,
,,
,,
,,
,,
,,
,,
,,
,,
,,
,,
,,
,,
,,
,,
,,
,,
,,
,,
,,
,,
,,
,,
,,
,,
,,
,,
,,
,,
,,
,,
,,
,,
,,
,,
,,
,,
,,
,,
,,
,,
,,
,,
,,
,,
,,
,,
,,
,,
,,
,,
,,
,,
,,
,,
,,
,,
,,
,,
,,
,,
,,
,,
,,
,,
,,
,,
,,
,,
,,
,,
,,
,,
,,
,,
,,
,,
,,
,,
,,
,,
,,
,,
,,
,,
,,
,,
,,
,,
,,
,,
,,
,,
,,
,,
,,
,,
,,
,,
,,
,,
,,
,,
,,
,,
,,
,,
,,
,,
,,
,,
,,
,,
,,
,,
,,
,,
,,
,,
,,
,,
,,
,,
,,
,,
,,
,,
,,
,,
,,
,,
,,
,,
,,
,,
,,
,,
,,
,,
,,
,,
,,
,,
,,
,,
,,
,,
,,
,,
,,
,,
,,
,,
,,
,,
,,
,,
,,
,,
,,
,,
,,
,,
,,
,,
,,
,,
,,
,,
,,
,,
,,
,,
,,
,,
,,
,,
,,
,,
,,
,,
,,
,,
,,
,,
,,
,,
,,
,,
,,
,,
,,
,,
,,
,,
,,
,,
,,
,,
,,
,,
,,
,,
,,
,,
,,
,,
,,
,,
,,
,,
,,
,,
,,
,,
,,
,,
,,
,,
,,
,,
,,
,,
,,
,,
,,
,,
,,
,,
,,
,,
,,
,,
,,
,,
,,
,,
,,
,,
,,
,,
,,
,,
,,
,,
,,
,,
,,
,,
,,
,,
,,
,,
,,
,,
,,
,,
,,
,,
,,
,,
,,
,,
,,
,,
,,
,,
,,
,,
,,
,,
,,
,,
,,
,,
,,
,,
,,
,,
,,
,,
,,
,,
,,
,,
,,
,,
,,
,,
,,
,,
,,
,,
,,
,,
,,
,,
,,
,,
,,
,,
,,
,,
,,
,,
,,
,,
,,
,,
,,
,,
,,
,,
,,
,,
,,
,,
,,
,,
,,
,,
,,
,,
,,
,,
,,
,,
,,
,,
,,
,,
,,
,,
,,
,,
,,
,,
,,
,,
,,
,,
,,
,,
,,
,,
,,
,,
,,
,,
,,
,,
,,
,,
,,
,,
,,
,,
,,
,,
,,
,,
,,
,,
,,
,,
,,
,,
,,
,,
,,
,,
,,
,,
,,
,,
,,
,,
,,
,,
,,
,,
,,
,,
,,
,,
,,
,,
,,
,,
,,
,,
,,
,,
,,
,,
,,
,,
,,
,,
,,
,,
,,
,,
,,
,,
,,
,,
,,
,,
,,
,,
,,
,,
,,
,,
,,
,,
,,
,,
,,
,,
,,
,,
,,
,,
,,
,,
,,
,,
,,
,,
,,
,,
,,
,,
,,
,,
,,
,,
,,
,,
,,
,,
,,
,,
,,
,,
,,
,,
,,
,,
,,
,,
,,
,,
,,
,,
,,
,,
,,
,,
,,
,,
,,
,,
,,
,,
,,
,,
,,
,,
,,
,,
,,
,,
,,
,,
,,
,,
,,
,,
,,
,,
,,
,,
,,
,,
,,
,,
,,
,,
,,
,,
,,
,,
,,
,,
,,
,,
,,
,,
,,
,,
,,
,,
,,
,,
,,
,,
,,
,,
,,
,,
,,
,,
,,
,,
,,
,,
,,
,,
,,
,,
,,
,,
,,
,,
,,
,,
,,
,,
,,
,,
,,
,,
,,
,,
,,
,,
,,
,,
,,
,,
,,
,,
,,
,,
,,
,,
,,
,,
,,
,,
,,
,,
,,
,,
,,
,,
,,
,,
,,
,,
,,
,,
,,
,,
,,
,,
,,
,,
,,
,,
,,
,,
,,
,,
,,
,,
,,
,,
,,
,,
,,
,,
,,
,,
,,
,,
,,
,,
,,
,,
,,
,,
,,
,,
,,
,,
,,
,,
,,
,,
,,
,,
,,
,,
,,
,,
,,
,,
,,
,,
,,
,,
,,
,,
,,
,,
,,
,,
,,
,,
,,
,,
,,
,,
,,
,,
,,
,,
,,
,,
,,
,,
,,
,,
,,
,,
,,
,,
,,
,,
,,
,,
,,
,,
,,
,,
,,
,,
,,
,,
,,
,,
,,
,,
,,
,,
,,
,,
,,
,,
,,
,,
,,
,,
,,
,,
,,
,,
,,
,,
,,
,,
,,
,,
,,
,,
,,
,,
,,
,,
,,
,,
,,
,,
,,
,,
,,
,,
,,
,,
,,
,,
,,
,,
,,
,,
,,
,,
,,
,,
,,
,,
,,
,,
,,
,,
,,
,,
,,
,,
,,
,,
,,
,,
,,
,,
,,
,,
,,
,,
,,
,,
,,
,,
,,
,,
,,
,,
,,
,,
,,
,,
,,
,,
,,
,,
,,
,,
,,
,,
,,
,,
,,
,,
,,
,,
,,
,,
,,
,,
,,
,,
,,
,,
,,
,,
,,
,,
,,
,,
,,
,,
,,
,,
,,
,,
,,
,,
,,
,,
,,
,,
,,
,,
,,
,,
,,
,,
,,
,,
,,
,,
,,
,,
,,
,,
,,
,,
,,
,,
,,
,,
,,
,,
,,
,,
,,
,,
,,
,,
,,
,,
,,
,,
,,
,,
,,
,,
,,
,,
,,
,,
,,
,,
,,
,,
,,
,,
,,
,,
,,
,,
,,
,,
,,
,,
,,
,,
,,
,,
,,
,,
,,
,,
,,
,,
,,
,,
,,
,,
,,
,,
,,
,,
,,
,,
,,
,,
,,
,,
,,
,,
,,
,,
,,
,,
,,
,,
,,
,,
,,
,,
,,
,,
,,
,,
,,
,,
,,
,,
,,
,,
,,
,,
,,
,,
,,
,,
,,
,,
,,
,,
,,
,,
,,
,,
,,
,,
,,
,,
,,
,,
,,
,,
,,
,,
,,
,,
,,
,,
,,
,,
,,
,,
,,
,,
,,
,,
,,
,,
,,
,,
,,
,,
,,
,,
,,
,,
,,
,,
,,
,,
,,
,,
,,
,,
,,
,,
,,
,,
,,
,,
,,
,,
,,
,,
,,
,,
,,
,,
,,
,,
,,
,,
,,
,,
,,
,,
,,
,,
,,
,,
,,
,,
,,
,,
,,
,,
,,
,,
,,
,,
,,
,,
,,
,,
,,
,,
,,
,,
,,
,,
,,
,,
,,
,,
,,
,,
,,
,,
,,
,,
,,
,,
,,
,,
,,
,,
,,
,,
,,
,,
,,
,,
,,
,,
,,
,,
,,
,,
,,
,,
,,
,,
,,
,,
,,
,,
,,
,,
,,
,,
,,
,,
,,
,,
,,
,,
,,
,,
,,
,,
,,
,,
,,
,,
,,
,,
,,
,,
,,
,,
,,
,,
,,
,,
,,
,,
,,
,,
,,
,,
,,
,,
,,
,,
,,
,,
,,
,,
,,
,,
,,
,,
,,
,,
,,
,,
,,
,,
,,
,,
,,
,,
,,
,,
,,
,,
,,
,,
,,
,,
,,
,,
,,
,,
,,
,,
,,
,,
,,
,,
,,
,,
,,
,,
,,
,,
,,
,,
,,
,,
,,
,,
,,
,,
,,
,,
,,
,,
,,
,,
,,
,,
,,
,,
,,
,,
,,
,,
,,
,,
,,
,,
,,
,,
,,
,,
,,
,,
,,
,,
,,
,,
,,
,,
,,
,,
,,
,,
,,
,,
,,
,,
,,
,,
,,
,,
,,
,,
,,
,,
,,
,,
,,
,,
,,
,,
,,
,,
,,
,,
,,
,,
,,
,,
,,
,,
,,
,,
,,
,,
,,
,,
,,
,,
,,
,,
,,
,,
,,
,,
,,
,,
,,
,,
,,
,,
,,
,,
,,
,,
,,
,,
,,
,,
,,
,,
,,
,,
,,
,,
,,
,,
,,
,,
,,
,,
,,
,,
,,
,,
,,
,,
,,
,,
,,
,,
,,
,,
,,
,,
,,
,,
,,
,,
,,
,,
,,
,,
,,
,,
,,
,,
,,
,,
,,
,,
,,
,,
,,
,,
,,
,,
,,
,,
,,
,,
,,
,,
,,
,,
,,
,,
,,
,,
,,
,,
,,
,,
,,
,,
,,
,,
,,
,,
,,
,,
,,
,,
,,
,,
,,
,,
,,
,,
,,
,,
,,
,,
,,
,,
,,
,,
,,
,,
,,
,,
,,
,,
,,
,,
,,
,,
,,
,,
,,
,,
,,
,,
,,
,,
,,
,,
,,
,,
,,
,,
,,
,,
,,
,,
,,
,,
,,
,,
,,
,,
,,
,,
,,
,,
,,
,,
,,
,,
,,
,,
,,
,,
,,
,,
,,
,,
,,
,,
,,
,,
,,
,,
,,
,,
,,
,,
,,
,,
,,
,,
,,
,,
,,
,,
,,
,,
,,
,,
,,
,,
,,
,,
,,
,,
,,
,,
,,
,,
,,
,,
,,
,,
,,
,,
,,
,,
,,
,,
,,
,,
,,
,,
,,
,,
,,
,,
,,
,,
,,
,,
,,
,,
,,
,,
,,
,,
,,
,,
,,
,,
,,
,,
,,
,,
,,
,,
,,
,,
,,
,,
,,
,,
,,
,,
,,
,,
,,
,,
,,
,,
,,
,,
,,
,,
,,
,,
,,
,,
,,
,,
,,
,,
,,
,,
,,
,,
,,
,,
,,
,,
,,
,,
,,
,,
,,
,,
,,
,,
,,
,,
,,
,,
,,
,,
,,
,,
,,
,,
,,
,,
,,
,,
,,
,,
,,
,,
,,
,,
,,
,,
,,
,,
,,
,,
,,
,,
,,
,,
,,
,,
,,
,,
,,
,,
,,
,,
,,
,,
,,
,,
,,
,,
,,
,,
,,
,,
,,
,,
,,
,,
,,
,,
,,
,,
,,
,,
,,
,,
,,
,,
,,
,,
,,
,,
,,
,,
,,
,,
,,
,,
,,
,,
,,
,,
,,
,,
,,
,,
,,
,,
,,
,,
,,
,,
,,
,,
,,
,,
,,
,,
,,
,,
,,
,,
,,
,,
,,
,,
,,
,,
,,
,,
,,
,,
,,
,,
,,
,,
,,
,,
,,
,,
,,
,,
,,
,,
,,
,,
,,
,,
,,
,,
,,
,,
,,
,,
,,
,,
,,
,,
,,
,,
,,
,,
,,
,,
,,
,,
,,
,,
,,
,,
,,
,,
,,
,,
,,
,,
,,
,,
,,
,,
,,
,,
,,
,,
,,
,,
,,
,,
,,
,,
,,
,,
,,
,,
,,
,,
,,
,,
,,
,,
,,
,,
,,
,,
,,
,,
,,
,,
,,
,,
,,
,,
,,
,,
,,
,,
,,
,,
,,
,,
,,
,,
,,
,,
,,
,,
,,
,,
,,
,,
,,
,,
,,
,,
,,
,,
,,
,,
,,
,,
,,
,,
,,
,,
,,
,,
,,
,,
,,
,,
,,
,,
